station_id,name,short_name,lon,lat,region_id,capacity,rental_uris,rental_methods,has_kiosk,station_type,external_id,electric_bike_surcharge_waiver,eightd_station_services,eightd_has_key_dispenser
0687075b-cf2d-4130-a859-fe841aafbd3f,Vernon Blvd & 41 Rd,6514.08,-73.9485678,40.7552433,71.0,27,"{'android': 'https://bkn.lft.to/lastmile_qr_scan', 'ios': 'https://bkn.lft.to/lastmile_qr_scan'}","['KEY', 'CREDITCARD']",True,classic,0687075b-cf2d-4130-a859-fe841aafbd3f,False,[],False
cb05443c-e68e-48f7-8d17-35353fa19d4d,W 34 St & Hudson Blvd E,6535.04,-74.00059908628464,40.75516719072139,71.0,57,"{'android': 'https://bkn.lft.to/lastmile_qr_scan', 'ios': 'https://bkn.lft.to/lastmile_qr_scan'}","['KEY', 'CREDITCARD']",True,classic,cb05443c-e68e-48f7-8d17-35353fa19d4d,False,[],False
66db9c2e-0aca-11e7-82f6-3863bb44ef7c,Ave D & E 12 St,5575.08,-73.97422494,40.72580614,71.0,41,"{'android': 'https://bkn.lft.to/lastmile_qr_scan', 'ios': 'https://bkn.lft.to/lastmile_qr_scan'}","['KEY', 'CREDITCARD']",True,classic,66db9c2e-0aca-11e7-82f6-3863bb44ef7c,False,[],False
66dc6a86-0aca-11e7-82f6-3863bb44ef7c,E 24 St & Park Ave S,6131.1,-73.98602213,40.74096374,71.0,79,"{'android': 'https://bkn.lft.to/lastmile_qr_scan', 'ios': 'https://bkn.lft.to/lastmile_qr_scan'}","['KEY', 'CREDITCARD']",True,classic,66dc6a86-0aca-11e7-82f6-3863bb44ef7c,False,[],False
1846085439406916338,41 Ave & 77 St,6290.06,-73.8882,40.74557,71.0,24,"{'android': 'https://bkn.lft.to/lastmile_qr_scan', 'ios': 'https://bkn.lft.to/lastmile_qr_scan'}","['KEY', 'CREDITCARD']",True,classic,1846085439406916338,False,[],False
1898751402035634700,E 51 St & Linden Blvd,3373.01,-73.92967,40.65399,71.0,21,"{'android': 'https://bkn.lft.to/lastmile_qr_scan', 'ios': 'https://bkn.lft.to/lastmile_qr_scan'}","['KEY', 'CREDITCARD']",True,classic,1898751402035634700,False,[],False
66dd2060-0aca-11e7-82f6-3863bb44ef7c,India St & Manhattan Ave,5826.02,-73.9550858,40.73232194,71.0,50,"{'android': 'https://bkn.lft.to/lastmile_qr_scan', 'ios': 'https://bkn.lft.to/lastmile_qr_scan'}","['KEY', 'CREDITCARD']",True,classic,66dd2060-0aca-11e7-82f6-3863bb44ef7c,False,[],False
2ebbe93b-a013-464a-b4a5-0eba96f89676,Myrtle Ave & 65 St,4862.04,-73.8904,40.70117,71.0,19,"{'android': 'https://bkn.lft.to/lastmile_qr_scan', 'ios': 'https://bkn.lft.to/lastmile_qr_scan'}","['KEY', 'CREDITCARD']",True,classic,2ebbe93b-a013-464a-b4a5-0eba96f89676,False,[],False
66de63cd-0aca-11e7-82f6-3863bb44ef7c,Columbia St & Degraw St,4422.04,-74.00242364,40.6859296,71.0,21,"{'android': 'https://bkn.lft.to/lastmile_qr_scan', 'ios': 'https://bkn.lft.to/lastmile_qr_scan'}","['KEY', 'CREDITCARD']",True,classic,66de63cd-0aca-11e7-82f6-3863bb44ef7c,False,[],False
66de0cab-0aca-11e7-82f6-3863bb44ef7c,Columbia St & Lorraine St,4013.08,-74.0075572,40.6747055,71.0,37,"{'android': 'https://bkn.lft.to/lastmile_qr_scan', 'ios': 'https://bkn.lft.to/lastmile_qr_scan'}","['KEY', 'CREDITCARD']",True,classic,66de0cab-0aca-11e7-82f6-3863bb44ef7c,False,[],False
c71cca54-17f6-42bc-ba94-3f5bd9c70197,Bridge St & Front St,4968.03,-73.98469090461731,40.70296934155272,71.0,47,"{'android': 'https://bkn.lft.to/lastmile_qr_scan', 'ios': 'https://bkn.lft.to/lastmile_qr_scan'}","['KEY', 'CREDITCARD']",True,classic,c71cca54-17f6-42bc-ba94-3f5bd9c70197,False,[],False
2c8b263e-952c-4941-a671-ef0ebb062632,E New York Ave & Troy Ave,3680.04,-73.93762,40.66227,71.0,21,"{'android': 'https://bkn.lft.to/lastmile_qr_scan', 'ios': 'https://bkn.lft.to/lastmile_qr_scan'}","['KEY', 'CREDITCARD']",True,classic,2c8b263e-952c-4941-a671-ef0ebb062632,False,[],False
77e31650-e86a-4b06-b2de-b92df2a7a7f5,34 Ave & Vernon Blvd,6873.01,-73.93986314535141,40.76535380385866,71.0,30,"{'android': 'https://bkn.lft.to/lastmile_qr_scan', 'ios': 'https://bkn.lft.to/lastmile_qr_scan'}","['KEY', 'CREDITCARD']",True,classic,77e31650-e86a-4b06-b2de-b92df2a7a7f5,False,[],False
1814906692908349788,E 17 St & Beverley Rd,3148.08,-73.96322,40.64466,71.0,23,"{'android': 'https://bkn.lft.to/lastmile_qr_scan', 'ios': 'https://bkn.lft.to/lastmile_qr_scan'}","['KEY', 'CREDITCARD']",True,classic,1814906692908349788,False,[],False
c2bb1874-bcb7-47c5-aa7d-05423b9087e8,Sterling Pl & New York Ave,3984.02,-73.94763,40.67234,71.0,25,"{'android': 'https://bkn.lft.to/lastmile_qr_scan', 'ios': 'https://bkn.lft.to/lastmile_qr_scan'}","['KEY', 'CREDITCARD']",True,classic,c2bb1874-bcb7-47c5-aa7d-05423b9087e8,False,[],False
66dc840f-0aca-11e7-82f6-3863bb44ef7c,E 33 St & 5 Ave,6322.01,-73.98490707,40.74765947,71.0,60,"{'android': 'https://bkn.lft.to/lastmile_qr_scan', 'ios': 'https://bkn.lft.to/lastmile_qr_scan'}","['KEY', 'CREDITCARD']",True,classic,66dc840f-0aca-11e7-82f6-3863bb44ef7c,False,[],False
292ad4f3-9fb0-44ec-9e61-613c711f73c1,Pacific St & Classon Ave,4148.07,-73.9587903,40.6791944,71.0,21,"{'android': 'https://bkn.lft.to/lastmile_qr_scan', 'ios': 'https://bkn.lft.to/lastmile_qr_scan'}","['KEY', 'CREDITCARD']",True,classic,292ad4f3-9fb0-44ec-9e61-613c711f73c1,False,[],False
62f8f806-bd04-4282-9c5d-ad4293644e3c,E Tremont Ave & E 176 St,8356.02,-73.901883,40.847798,71.0,21,"{'android': 'https://bkn.lft.to/lastmile_qr_scan', 'ios': 'https://bkn.lft.to/lastmile_qr_scan'}","['KEY', 'CREDITCARD']",True,classic,62f8f806-bd04-4282-9c5d-ad4293644e3c,False,[],False
66db9e99-0aca-11e7-82f6-3863bb44ef7c,Stanton St & Mangin St,5326.06,-73.97628939,40.71782143,71.0,19,"{'android': 'https://bkn.lft.to/lastmile_qr_scan', 'ios': 'https://bkn.lft.to/lastmile_qr_scan'}","['KEY', 'CREDITCARD']",True,classic,66db9e99-0aca-11e7-82f6-3863bb44ef7c,False,[],False
0ddb965d-95ef-4ce3-bde6-81a56ac1fbd2,Edgecombe Ave & W 145 St,7976.08,-73.94386,40.823498,71.0,31,"{'android': 'https://bkn.lft.to/lastmile_qr_scan', 'ios': 'https://bkn.lft.to/lastmile_qr_scan'}","['KEY', 'CREDITCARD']",True,classic,0ddb965d-95ef-4ce3-bde6-81a56ac1fbd2,False,[],False
0dd71c6d-11ee-4ad4-ba99-36b9ad36112c,St Marks Ave & Thomas S. Boyland St,4023.01,-73.91387,40.67313,71.0,21,"{'android': 'https://bkn.lft.to/lastmile_qr_scan', 'ios': 'https://bkn.lft.to/lastmile_qr_scan'}","['KEY', 'CREDITCARD']",True,classic,0dd71c6d-11ee-4ad4-ba99-36b9ad36112c,False,[],False
32cc1603-a4b5-4099-b7bf-681de451b04a,Walker St & Baxter St,5351.07,-73.999573,40.717411,71.0,47,"{'android': 'https://bkn.lft.to/lastmile_qr_scan', 'ios': 'https://bkn.lft.to/lastmile_qr_scan'}","['KEY', 'CREDITCARD']",True,classic,32cc1603-a4b5-4099-b7bf-681de451b04a,False,[],False
66dc0dab-0aca-11e7-82f6-3863bb44ef7c,W 59 St & 10 Ave,7023.04,-73.988038,40.770513,71.0,117,"{'android': 'https://bkn.lft.to/lastmile_qr_scan', 'ios': 'https://bkn.lft.to/lastmile_qr_scan'}","['KEY', 'CREDITCARD']",True,classic,66dc0dab-0aca-11e7-82f6-3863bb44ef7c,False,[],False
1869753654337059182,Marble Hill Ave & W 225 St,8745.01,-73.91099,40.87471,71.0,21,"{'android': 'https://bkn.lft.to/lastmile_qr_scan', 'ios': 'https://bkn.lft.to/lastmile_qr_scan'}","['KEY', 'CREDITCARD']",True,classic,1869753654337059182,False,[],False
493e046c-5d62-4772-90c4-b6a9f4afcd39,Willoughby Ave & Myrtle Ave,4759.02,-73.93098,40.69757,71.0,19,"{'android': 'https://bkn.lft.to/lastmile_qr_scan', 'ios': 'https://bkn.lft.to/lastmile_qr_scan'}","['KEY', 'CREDITCARD']",True,classic,493e046c-5d62-4772-90c4-b6a9f4afcd39,False,[],False
d470e82e-d109-4e2e-b66a-f5e944cbfe97,Eastern Pkwy & Ralph Ave,3845.05,-73.92284,40.66852,71.0,21,"{'android': 'https://bkn.lft.to/lastmile_qr_scan', 'ios': 'https://bkn.lft.to/lastmile_qr_scan'}","['KEY', 'CREDITCARD']",True,classic,d470e82e-d109-4e2e-b66a-f5e944cbfe97,False,[],False
92fc1ad7-0867-4655-b02f-ede65d336b14,49 St & 31 Ave,6662.01,-73.909831,40.758057,71.0,19,"{'android': 'https://bkn.lft.to/lastmile_qr_scan', 'ios': 'https://bkn.lft.to/lastmile_qr_scan'}","['KEY', 'CREDITCARD']",True,classic,92fc1ad7-0867-4655-b02f-ede65d336b14,False,[],False
2252359470927034588,Bedford Ave & Lenox Rd,3439.04,-73.956269,40.653891,71.0,20,"{'android': 'https://bkn.lft.to/lastmile_qr_scan', 'ios': 'https://bkn.lft.to/lastmile_qr_scan'}","['KEY', 'CREDITCARD']",True,classic,2252359470927034588,False,[],False
18a2cbb6-91f2-4393-82fb-b40a8ba90f20,Amsterdam Ave & W 175 St,8278.05,-73.933651,40.844044,71.0,23,"{'android': 'https://bkn.lft.to/lastmile_qr_scan', 'ios': 'https://bkn.lft.to/lastmile_qr_scan'}","['KEY', 'CREDITCARD']",True,classic,18a2cbb6-91f2-4393-82fb-b40a8ba90f20,False,[],False
eb217a2c-1dd0-4690-a34e-ecc1a708f883,4 Ave & Shore Road Dr,2832.03,-74.022141,40.637033,71.0,20,"{'android': 'https://bkn.lft.to/lastmile_qr_scan', 'ios': 'https://bkn.lft.to/lastmile_qr_scan'}","['KEY', 'CREDITCARD']",True,classic,eb217a2c-1dd0-4690-a34e-ecc1a708f883,False,[],False
ceb179f3-89c3-4c3e-8a0a-3415406a9463,Amsterdam Ave & W 180 St,8353.02,-73.931205,40.847396,71.0,23,"{'android': 'https://bkn.lft.to/lastmile_qr_scan', 'ios': 'https://bkn.lft.to/lastmile_qr_scan'}","['KEY', 'CREDITCARD']",True,classic,ceb179f3-89c3-4c3e-8a0a-3415406a9463,False,[],False
a45a712c-1e3d-4fee-bef8-adafafd80670,62 St & 43 Ave,6191.04,-73.903,40.74261,71.0,20,"{'android': 'https://bkn.lft.to/lastmile_qr_scan', 'ios': 'https://bkn.lft.to/lastmile_qr_scan'}","['KEY', 'CREDITCARD']",True,classic,a45a712c-1e3d-4fee-bef8-adafafd80670,False,[],False
47da6ab2-c841-4f2d-97ef-dd8d441c96b1,Loring Pl North & W 183 St,8555.05,-73.9093359997,40.8604244,71.0,20,"{'android': 'https://bkn.lft.to/lastmile_qr_scan', 'ios': 'https://bkn.lft.to/lastmile_qr_scan'}","['KEY', 'CREDITCARD']",True,classic,47da6ab2-c841-4f2d-97ef-dd8d441c96b1,False,[],False
93da4d1b-d574-45b0-85d7-5b82e2887267,65 St & 2 Ave,3019.02,-74.02564,40.640493,71.0,21,"{'android': 'https://bkn.lft.to/lastmile_qr_scan', 'ios': 'https://bkn.lft.to/lastmile_qr_scan'}","['KEY', 'CREDITCARD']",True,classic,93da4d1b-d574-45b0-85d7-5b82e2887267,False,[],False
1835250442210857240,Kingston Ave & E New York Ave,3648.08,-73.94293,40.66219,71.0,21,"{'android': 'https://bkn.lft.to/lastmile_qr_scan', 'ios': 'https://bkn.lft.to/lastmile_qr_scan'}","['KEY', 'CREDITCARD']",True,classic,1835250442210857240,False,[],False
3f05490b-a3d8-4d15-bd25-0212555b5dff,Fort Hamilton Pkwy & E 5 St,3240.15,-73.97673,40.649037,71.0,23,"{'android': 'https://bkn.lft.to/lastmile_qr_scan', 'ios': 'https://bkn.lft.to/lastmile_qr_scan'}","['KEY', 'CREDITCARD']",True,classic,3f05490b-a3d8-4d15-bd25-0212555b5dff,False,[],False
61f2ffd4-159a-42b3-a4d9-3fdfc3349074,Halsey St & Evergreen Ave,4474.01,-73.91227,40.68858,71.0,22,"{'android': 'https://bkn.lft.to/lastmile_qr_scan', 'ios': 'https://bkn.lft.to/lastmile_qr_scan'}","['KEY', 'CREDITCARD']",True,classic,61f2ffd4-159a-42b3-a4d9-3fdfc3349074,False,[],False
66dd539f-0aca-11e7-82f6-3863bb44ef7c,W 84 St & Broadway,7409.08,-73.977112,40.7867947,71.0,63,"{'android': 'https://bkn.lft.to/lastmile_qr_scan', 'ios': 'https://bkn.lft.to/lastmile_qr_scan'}","['KEY', 'CREDITCARD']",True,classic,66dd539f-0aca-11e7-82f6-3863bb44ef7c,False,[],False
1786700154621508184,N Henry St & Norman Ave,5656.03,-73.94395,40.7277,71.0,29,"{'android': 'https://bkn.lft.to/lastmile_qr_scan', 'ios': 'https://bkn.lft.to/lastmile_qr_scan'}","['KEY', 'CREDITCARD']",True,classic,1786700154621508184,False,[],False
66dc17df-0aca-11e7-82f6-3863bb44ef7c,E 45 St & 3 Ave,6464.08,-73.97282625,40.75255434,71.0,46,"{'android': 'https://bkn.lft.to/lastmile_qr_scan', 'ios': 'https://bkn.lft.to/lastmile_qr_scan'}","['KEY', 'CREDITCARD']",True,classic,66dc17df-0aca-11e7-82f6-3863bb44ef7c,False,[],False
3134c2d4-b090-4eb8-ab44-6f9622098f72,W 148 St & Amsterdam Ave,8033.09,-73.945909,40.827075,71.0,23,"{'android': 'https://bkn.lft.to/lastmile_qr_scan', 'ios': 'https://bkn.lft.to/lastmile_qr_scan'}","['KEY', 'CREDITCARD']",True,classic,3134c2d4-b090-4eb8-ab44-6f9622098f72,False,[],False
1862788202397235246,Bailey Ave & W 229 St,8741.01,-73.90467,40.87449,71.0,21,"{'android': 'https://bkn.lft.to/lastmile_qr_scan', 'ios': 'https://bkn.lft.to/lastmile_qr_scan'}","['KEY', 'CREDITCARD']",True,classic,1862788202397235246,False,[],False
78aabb95-6195-4aa7-ab0d-5748eeb26bd1,Wilson Ave & Moffat St,4507.07,-73.90506,40.68906,71.0,32,"{'android': 'https://bkn.lft.to/lastmile_qr_scan', 'ios': 'https://bkn.lft.to/lastmile_qr_scan'}","['KEY', 'CREDITCARD']",True,classic,78aabb95-6195-4aa7-ab0d-5748eeb26bd1,False,[],False
2137775326353803668,Ave C & McDonald Ave,2957.08,-73.9791522,40.6403436,71.0,16,"{'android': 'https://bkn.lft.to/lastmile_qr_scan', 'ios': 'https://bkn.lft.to/lastmile_qr_scan'}","['KEY', 'CREDITCARD']",False,classic,2137775326353803668,False,[],False
66dd1f44-0aca-11e7-82f6-3863bb44ef7c,Greenpoint Ave & Manhattan Ave,5785.05,-73.95394,40.73026,71.0,27,"{'android': 'https://bkn.lft.to/lastmile_qr_scan', 'ios': 'https://bkn.lft.to/lastmile_qr_scan'}","['KEY', 'CREDITCARD']",True,classic,66dd1f44-0aca-11e7-82f6-3863bb44ef7c,False,[],False
29a41b09-698f-43e2-82ff-f94f73e74841,41 St & 3 Ave,3388.02,-74.008906,40.652512,71.0,19,"{'android': 'https://bkn.lft.to/lastmile_qr_scan', 'ios': 'https://bkn.lft.to/lastmile_qr_scan'}","['KEY', 'CREDITCARD']",True,classic,29a41b09-698f-43e2-82ff-f94f73e74841,False,[],False
b4f990dd-36bb-46b3-9eea-4b980bd43c2d,Jerome Ave & W Fordham Rd,8586.09,-73.90108,40.86294,71.0,24,"{'android': 'https://bkn.lft.to/lastmile_qr_scan', 'ios': 'https://bkn.lft.to/lastmile_qr_scan'}","['KEY', 'CREDITCARD']",True,classic,b4f990dd-36bb-46b3-9eea-4b980bd43c2d,False,[],False
901ad0c4-383e-490a-8b54-0656ce2358d6,Bulova Ave & Brooklyn Queens Expressway W,6766.03,-73.902534,40.762507,71.0,19,"{'android': 'https://bkn.lft.to/lastmile_qr_scan', 'ios': 'https://bkn.lft.to/lastmile_qr_scan'}","['KEY', 'CREDITCARD']",True,classic,901ad0c4-383e-490a-8b54-0656ce2358d6,False,[],False
66dd3d7f-0aca-11e7-82f6-3863bb44ef7c,E 68 St & 3 Ave,6896.16,-73.96224617958069,40.76712840349542,71.0,36,"{'android': 'https://bkn.lft.to/lastmile_qr_scan', 'ios': 'https://bkn.lft.to/lastmile_qr_scan'}","['KEY', 'CREDITCARD']",True,classic,66dd3d7f-0aca-11e7-82f6-3863bb44ef7c,False,[],False
1828965172312150882,New York Ave & Snyder Ave,3246.06,-73.94635,40.64868,71.0,22,"{'android': 'https://bkn.lft.to/lastmile_qr_scan', 'ios': 'https://bkn.lft.to/lastmile_qr_scan'}","['KEY', 'CREDITCARD']",True,classic,1828965172312150882,False,[],False
1814907590556515014,Cortelyou Rd & E 19 St,3022.01,-73.96099,40.64269,71.0,23,"{'android': 'https://bkn.lft.to/lastmile_qr_scan', 'ios': 'https://bkn.lft.to/lastmile_qr_scan'}","['KEY', 'CREDITCARD']",True,classic,1814907590556515014,False,[],False
66dde69c-0aca-11e7-82f6-3863bb44ef7c,6 St & 7 Ave,3834.10,-73.97988067,40.6686627,71.0,21,"{'android': 'https://bkn.lft.to/lastmile_qr_scan', 'ios': 'https://bkn.lft.to/lastmile_qr_scan'}","['KEY', 'CREDITCARD']",True,classic,66dde69c-0aca-11e7-82f6-3863bb44ef7c,False,[],False
66dc292c-0aca-11e7-82f6-3863bb44ef7c,Broadway & W 41 St,6560.01,-73.98658032,40.75513557,71.0,55,"{'android': 'https://bkn.lft.to/lastmile_qr_scan', 'ios': 'https://bkn.lft.to/lastmile_qr_scan'}","['KEY', 'CREDITCARD']",True,classic,66dc292c-0aca-11e7-82f6-3863bb44ef7c,False,[],False
81a98b0b-cfd6-48b4-90bd-806ebbc264a0,Montgomery St & Franklin Ave,3776.05,-73.9605563879013,40.666439306870814,71.0,19,"{'android': 'https://bkn.lft.to/lastmile_qr_scan', 'ios': 'https://bkn.lft.to/lastmile_qr_scan'}","['KEY', 'CREDITCARD']",True,classic,81a98b0b-cfd6-48b4-90bd-806ebbc264a0,False,[],False
66dbcbbc-0aca-11e7-82f6-3863bb44ef7c,West Thames St,5114.06,-74.01713445,40.70834698,71.0,73,"{'android': 'https://bkn.lft.to/lastmile_qr_scan', 'ios': 'https://bkn.lft.to/lastmile_qr_scan'}","['KEY', 'CREDITCARD']",True,classic,66dbcbbc-0aca-11e7-82f6-3863bb44ef7c,False,[],False
33840944-aa92-4d91-9de8-d29e5cd0b2d9,Warren St & Smith St,4371.01,-73.99127773940563,40.68542400997018,71.0,33,"{'android': 'https://bkn.lft.to/lastmile_qr_scan', 'ios': 'https://bkn.lft.to/lastmile_qr_scan'}","['KEY', 'CREDITCARD']",True,classic,33840944-aa92-4d91-9de8-d29e5cd0b2d9,False,[],False
66dc1687-0aca-11e7-82f6-3863bb44ef7c,Macon St & Nostrand Ave,4214.03,-73.9500479759,40.6809833854,71.0,24,"{'android': 'https://bkn.lft.to/lastmile_qr_scan', 'ios': 'https://bkn.lft.to/lastmile_qr_scan'}","['KEY', 'CREDITCARD']",False,classic,66dc1687-0aca-11e7-82f6-3863bb44ef7c,False,[],False
1849009654626746672,55 Ave & 97 Pl,6070.05,-73.86367,40.73892,71.0,19,"{'android': 'https://bkn.lft.to/lastmile_qr_scan', 'ios': 'https://bkn.lft.to/lastmile_qr_scan'}","['KEY', 'CREDITCARD']",True,classic,1849009654626746672,False,[],False
549b5bc4-b949-4eeb-8ffb-2215e1e49892,Morton St & Greenwich St,5772.05,-74.00815155572697,40.731135726910246,71.0,56,"{'android': 'https://bkn.lft.to/lastmile_qr_scan', 'ios': 'https://bkn.lft.to/lastmile_qr_scan'}","['KEY', 'CREDITCARD']",True,classic,549b5bc4-b949-4eeb-8ffb-2215e1e49892,False,[],False
c80c55c4-d623-42d7-8acf-6bfa68a84ecb,3 Ave & E 169 St,8103.05,-73.905158,40.832678,71.0,21,"{'android': 'https://bkn.lft.to/lastmile_qr_scan', 'ios': 'https://bkn.lft.to/lastmile_qr_scan'}","['KEY', 'CREDITCARD']",True,classic,c80c55c4-d623-42d7-8acf-6bfa68a84ecb,False,[],False
e35c42c6-8b73-4528-b08d-c94b75624b40,Bushwick Ave & Stagg St,5140.06,-73.94008,40.709897,71.0,21,"{'android': 'https://bkn.lft.to/lastmile_qr_scan', 'ios': 'https://bkn.lft.to/lastmile_qr_scan'}","['KEY', 'CREDITCARD']",True,classic,e35c42c6-8b73-4528-b08d-c94b75624b40,False,[],False
82c85f05-4722-48ae-9f64-0522012eb3c8,Southern Blvd & E 174 St,8163.05,-73.887931,40.836733,71.0,27,"{'android': 'https://bkn.lft.to/lastmile_qr_scan', 'ios': 'https://bkn.lft.to/lastmile_qr_scan'}","['KEY', 'CREDITCARD']",True,classic,82c85f05-4722-48ae-9f64-0522012eb3c8,False,[],False
22ab59a8-0af4-4101-9350-a7af88e37c2e,W 133 St & 12 Ave,7925.04,-73.959089,40.820003,71.0,19,"{'android': 'https://bkn.lft.to/lastmile_qr_scan', 'ios': 'https://bkn.lft.to/lastmile_qr_scan'}","['KEY', 'CREDITCARD']",True,classic,22ab59a8-0af4-4101-9350-a7af88e37c2e,False,[],False
563389a0-d90f-4155-9c50-528459df26aa,Broadway & W 138 St,7942.07,-73.95353,40.82182,71.0,27,"{'android': 'https://bkn.lft.to/lastmile_qr_scan', 'ios': 'https://bkn.lft.to/lastmile_qr_scan'}","['KEY', 'CREDITCARD']",True,classic,563389a0-d90f-4155-9c50-528459df26aa,False,[],False
754ac5df-f2b5-4636-8c58-ed84ea262bde,Bailey Ave & Sedgwick Ave,8643.01,-73.90857,40.86571,71.0,20,"{'android': 'https://bkn.lft.to/lastmile_qr_scan', 'ios': 'https://bkn.lft.to/lastmile_qr_scan'}","['KEY', 'CREDITCARD']",True,classic,754ac5df-f2b5-4636-8c58-ed84ea262bde,False,[],False
f681f980-185d-45b9-8490-bb2606624dd4,Goulden Ave & Bedford Park Blvd,8738.01,-73.89533,40.87387,71.0,19,"{'android': 'https://bkn.lft.to/lastmile_qr_scan', 'ios': 'https://bkn.lft.to/lastmile_qr_scan'}","['KEY', 'CREDITCARD']",True,classic,f681f980-185d-45b9-8490-bb2606624dd4,False,[],False
66db6963-0aca-11e7-82f6-3863bb44ef7c,E 15 St & 3 Ave,5863.07,-73.986923,40.734232,71.0,78,"{'android': 'https://bkn.lft.to/lastmile_qr_scan', 'ios': 'https://bkn.lft.to/lastmile_qr_scan'}","['KEY', 'CREDITCARD']",True,classic,66db6963-0aca-11e7-82f6-3863bb44ef7c,False,[],False
66de1fe7-0aca-11e7-82f6-3863bb44ef7c,Carroll St & 5 Ave,4060.09,-73.9814832,40.6751622,71.0,27,"{'android': 'https://bkn.lft.to/lastmile_qr_scan', 'ios': 'https://bkn.lft.to/lastmile_qr_scan'}","['KEY', 'CREDITCARD']",True,classic,66de1fe7-0aca-11e7-82f6-3863bb44ef7c,False,[],False
655ad2f2-6bcc-4eee-95a9-4f528c0b81cd,Wards Meadow Comfort Station,7327.01,-73.93077,40.78294,71.0,18,"{'android': 'https://bkn.lft.to/lastmile_qr_scan', 'ios': 'https://bkn.lft.to/lastmile_qr_scan'}","['KEY', 'CREDITCARD']",True,classic,655ad2f2-6bcc-4eee-95a9-4f528c0b81cd,False,[],False
75352ab4-8a31-4926-8b59-048a9e506452,Central Ave & Melrose St,4832.07,-73.93039,40.70112,71.0,17,"{'android': 'https://bkn.lft.to/lastmile_qr_scan', 'ios': 'https://bkn.lft.to/lastmile_qr_scan'}","['KEY', 'CREDITCARD']",True,classic,75352ab4-8a31-4926-8b59-048a9e506452,False,[],False
1840504138040045682,Jackson Mill Rd & 93 St,6701.05,-73.87535,40.75874,71.0,21,"{'android': 'https://bkn.lft.to/lastmile_qr_scan', 'ios': 'https://bkn.lft.to/lastmile_qr_scan'}","['KEY', 'CREDITCARD']",True,classic,1840504138040045682,False,[],False
66de19ab-0aca-11e7-82f6-3863bb44ef7c,3 St & Prospect Park West,3865.05,-73.97363831,40.668132,71.0,31,"{'android': 'https://bkn.lft.to/lastmile_qr_scan', 'ios': 'https://bkn.lft.to/lastmile_qr_scan'}","['KEY', 'CREDITCARD']",True,classic,66de19ab-0aca-11e7-82f6-3863bb44ef7c,False,[],False
1860188747953293684,Southern Blvd & E 180 St,8325.08,-73.88426,40.84605,71.0,19,"{'android': 'https://bkn.lft.to/lastmile_qr_scan', 'ios': 'https://bkn.lft.to/lastmile_qr_scan'}","['KEY', 'CREDITCARD']",True,classic,1860188747953293684,False,[],False
191d5d54-de64-4312-99c7-eee141efa4ef,Valentine Ave & E 183 St,8472.06,-73.898237,40.856987,71.0,23,"{'android': 'https://bkn.lft.to/lastmile_qr_scan', 'ios': 'https://bkn.lft.to/lastmile_qr_scan'}","['KEY', 'CREDITCARD']",True,classic,191d5d54-de64-4312-99c7-eee141efa4ef,False,[],False
545a32d3-b74c-4dc2-b82c-a6d185dd4666,Sheridan Ave & E 168 St,8160.03,-73.9154,40.835334,71.0,22,"{'android': 'https://bkn.lft.to/lastmile_qr_scan', 'ios': 'https://bkn.lft.to/lastmile_qr_scan'}","['KEY', 'CREDITCARD']",True,classic,545a32d3-b74c-4dc2-b82c-a6d185dd4666,False,[],False
00967b8f-1a4d-4131-a65a-17fa8ca89e28,41 Ave & 67 St,6225.03,-73.89764,40.74446,71.0,20,"{'android': 'https://bkn.lft.to/lastmile_qr_scan', 'ios': 'https://bkn.lft.to/lastmile_qr_scan'}","['KEY', 'CREDITCARD']",True,classic,00967b8f-1a4d-4131-a65a-17fa8ca89e28,False,[],False
d73e26de-8534-4b46-a321-3cae295ef9b2,W 171 St & St Nicholas Ave,8262.07,-73.938631,40.842941,71.0,31,"{'android': 'https://bkn.lft.to/lastmile_qr_scan', 'ios': 'https://bkn.lft.to/lastmile_qr_scan'}","['KEY', 'CREDITCARD']",True,classic,d73e26de-8534-4b46-a321-3cae295ef9b2,False,[],False
d2b23c87-b7c3-48c2-a634-db4b76ecbcf7,Pacific St & Utica Ave,4154.02,-73.93051,40.6767,71.0,20,"{'android': 'https://bkn.lft.to/lastmile_qr_scan', 'ios': 'https://bkn.lft.to/lastmile_qr_scan'}","['KEY', 'CREDITCARD']",True,classic,d2b23c87-b7c3-48c2-a634-db4b76ecbcf7,False,[],False
66dd45c7-0aca-11e7-82f6-3863bb44ef7c,E 84 St & 1 Ave,7180.02,-73.95068615,40.77565541,71.0,31,"{'android': 'https://bkn.lft.to/lastmile_qr_scan', 'ios': 'https://bkn.lft.to/lastmile_qr_scan'}","['KEY', 'CREDITCARD']",True,classic,66dd45c7-0aca-11e7-82f6-3863bb44ef7c,False,[],False
ab6aadd8-fa45-43aa-abea-c8e01ec5a0c8,Stagg St & Morgan Ave,5170.01,-73.93372,40.710681,71.0,23,"{'android': 'https://bkn.lft.to/lastmile_qr_scan', 'ios': 'https://bkn.lft.to/lastmile_qr_scan'}","['KEY', 'CREDITCARD']",True,classic,ab6aadd8-fa45-43aa-abea-c8e01ec5a0c8,False,[],False
8a89684b-40a5-49fe-b75d-fdf32ffa8102,Southern Blvd & Tiffany St,7867.04,-73.894143,40.818185,71.0,20,"{'android': 'https://bkn.lft.to/lastmile_qr_scan', 'ios': 'https://bkn.lft.to/lastmile_qr_scan'}","['KEY', 'CREDITCARD']",True,classic,8a89684b-40a5-49fe-b75d-fdf32ffa8102,False,[],False
1828966626550010820,77 St & 31 Ave,6718.02,-73.89081,40.75886,71.0,20,"{'android': 'https://bkn.lft.to/lastmile_qr_scan', 'ios': 'https://bkn.lft.to/lastmile_qr_scan'}","['KEY', 'CREDITCARD']",True,classic,1828966626550010820,False,[],False
62b97c1e-9d06-4c5e-b9c3-d76099e37fe4,Prospect Pl & Vanderbilt Ave,4157.15,-73.96902144,40.67767534,71.0,27,"{'android': 'https://bkn.lft.to/lastmile_qr_scan', 'ios': 'https://bkn.lft.to/lastmile_qr_scan'}","['KEY', 'CREDITCARD']",True,classic,62b97c1e-9d06-4c5e-b9c3-d76099e37fe4,False,[],False
d5cabb43-6c78-4022-964e-a8b02470509e,Sterling St & Nostrand Ave,3657.06,-73.95076,40.66318,71.0,23,"{'android': 'https://bkn.lft.to/lastmile_qr_scan', 'ios': 'https://bkn.lft.to/lastmile_qr_scan'}","['KEY', 'CREDITCARD']",True,classic,d5cabb43-6c78-4022-964e-a8b02470509e,False,[],False
6b60bf55-3da4-439a-bde1-fc80be8623ba,Fort Washington Ave & W 173 St,8320.01,-73.940493,40.84522,71.0,24,"{'android': 'https://bkn.lft.to/lastmile_qr_scan', 'ios': 'https://bkn.lft.to/lastmile_qr_scan'}","['KEY', 'CREDITCARD']",True,classic,6b60bf55-3da4-439a-bde1-fc80be8623ba,False,[],False
66dce8db-0aca-11e7-82f6-3863bb44ef7c,Montrose Ave & Bushwick Ave,5068.02,-73.94016171,40.70767788,71.0,42,"{'android': 'https://bkn.lft.to/lastmile_qr_scan', 'ios': 'https://bkn.lft.to/lastmile_qr_scan'}","['KEY', 'CREDITCARD']",True,classic,66dce8db-0aca-11e7-82f6-3863bb44ef7c,False,[],False
1dacb0f6-29f5-4d1b-b910-92ffa5b4ca5d,Eastern Pkwy & Franklin Ave (NE Corner),3919.07,-73.9576801,40.6707767,71.0,42,"{'android': 'https://bkn.lft.to/lastmile_qr_scan', 'ios': 'https://bkn.lft.to/lastmile_qr_scan'}","['KEY', 'CREDITCARD']",True,classic,1dacb0f6-29f5-4d1b-b910-92ffa5b4ca5d,False,[],False
66dd9fa6-0aca-11e7-82f6-3863bb44ef7c,E 48 St & 5 Ave,6626.01,-73.97805914282799,40.75724567911726,71.0,62,"{'android': 'https://bkn.lft.to/lastmile_qr_scan', 'ios': 'https://bkn.lft.to/lastmile_qr_scan'}","['KEY', 'CREDITCARD']",True,classic,66dd9fa6-0aca-11e7-82f6-3863bb44ef7c,False,[],False
2235289947989388178,Kings Hwy & E 94 St,3550.05,-73.92037,40.65831,71.0,18,"{'android': 'https://bkn.lft.to/lastmile_qr_scan', 'ios': 'https://bkn.lft.to/lastmile_qr_scan'}","['KEY', 'CREDITCARD']",False,classic,2235289947989388178,False,[],False
37a37e5b-f975-4f92-a897-dca8e4670631,46 St & 28 Ave,6842.02,-73.908782,40.763328,71.0,19,"{'android': 'https://bkn.lft.to/lastmile_qr_scan', 'ios': 'https://bkn.lft.to/lastmile_qr_scan'}","['KEY', 'CREDITCARD']",True,classic,37a37e5b-f975-4f92-a897-dca8e4670631,False,[],False
1786698974100683436,N 7 St & Driggs Ave,5340.01,-73.956388,40.716967,71.0,53,"{'android': 'https://bkn.lft.to/lastmile_qr_scan', 'ios': 'https://bkn.lft.to/lastmile_qr_scan'}","['KEY', 'CREDITCARD']",True,classic,1786698974100683436,False,[],False
66db277a-0aca-11e7-82f6-3863bb44ef7c,St James Pl & Pearl St,5167.06,-74.00016545,40.71117416,71.0,27,"{'android': 'https://bkn.lft.to/lastmile_qr_scan', 'ios': 'https://bkn.lft.to/lastmile_qr_scan'}","['KEY', 'CREDITCARD']",True,classic,66db277a-0aca-11e7-82f6-3863bb44ef7c,False,[],False
44fa161f-eb62-459b-b53e-da83788cfa2a,Convent Ave & W 135 St,7860.08,-73.950988,40.818215,71.0,30,"{'android': 'https://bkn.lft.to/lastmile_qr_scan', 'ios': 'https://bkn.lft.to/lastmile_qr_scan'}","['KEY', 'CREDITCARD']",True,classic,44fa161f-eb62-459b-b53e-da83788cfa2a,False,[],False
66dbc37a-0aca-11e7-82f6-3863bb44ef7c,Rivington St & Ridge St,5406.02,-73.98329859,40.71850211,71.0,61,"{'android': 'https://bkn.lft.to/lastmile_qr_scan', 'ios': 'https://bkn.lft.to/lastmile_qr_scan'}","['KEY', 'CREDITCARD']",True,classic,66dbc37a-0aca-11e7-82f6-3863bb44ef7c,False,[],False
66dd515d-0aca-11e7-82f6-3863bb44ef7c,W 74 St & Columbus Ave,7230.10,-73.97754961,40.7785669,71.0,27,"{'android': 'https://bkn.lft.to/lastmile_qr_scan', 'ios': 'https://bkn.lft.to/lastmile_qr_scan'}","['KEY', 'CREDITCARD']",True,classic,66dd515d-0aca-11e7-82f6-3863bb44ef7c,False,[],False
2a66ed0a-5e6d-4893-a1d1-876bb2bac4be,E 174 St & Walton Ave,8285.09,-73.912042,40.844811,71.0,27,"{'android': 'https://bkn.lft.to/lastmile_qr_scan', 'ios': 'https://bkn.lft.to/lastmile_qr_scan'}","['KEY', 'CREDITCARD']",True,classic,2a66ed0a-5e6d-4893-a1d1-876bb2bac4be,False,[],False
cf1a96a7-f695-4ba2-bcf2-899552e21e47,Herkimer St & Eastern Pkwy,4129.10,-73.90829,40.67738,71.0,20,"{'android': 'https://bkn.lft.to/lastmile_qr_scan', 'ios': 'https://bkn.lft.to/lastmile_qr_scan'}","['KEY', 'CREDITCARD']",True,classic,cf1a96a7-f695-4ba2-bcf2-899552e21e47,False,[],False
66dbe68e-0aca-11e7-82f6-3863bb44ef7c,Greenwich Ave & Charles St,5914.08,-74.000271,40.735238,71.0,57,"{'android': 'https://bkn.lft.to/lastmile_qr_scan', 'ios': 'https://bkn.lft.to/lastmile_qr_scan'}","['KEY', 'CREDITCARD']",True,classic,66dbe68e-0aca-11e7-82f6-3863bb44ef7c,False,[],False
1831178352265562334,Ocean Ave & Crooke Ave,3408.05,-73.96172,40.65326,71.0,27,"{'android': 'https://bkn.lft.to/lastmile_qr_scan', 'ios': 'https://bkn.lft.to/lastmile_qr_scan'}","['KEY', 'CREDITCARD']",True,classic,1831178352265562334,False,[],False
4e747443-d481-4aea-a6d1-cf20204af4ba,E 171 St & Webster Ave,8190.03,-73.905838,40.838379,71.0,20,"{'android': 'https://bkn.lft.to/lastmile_qr_scan', 'ios': 'https://bkn.lft.to/lastmile_qr_scan'}","['KEY', 'CREDITCARD']",True,classic,4e747443-d481-4aea-a6d1-cf20204af4ba,False,[],False
5645b05e-85be-460d-8506-cacd20bff233,36 St & 3 Ave,3460.02,-74.006664,40.655716,71.0,30,"{'android': 'https://bkn.lft.to/lastmile_qr_scan', 'ios': 'https://bkn.lft.to/lastmile_qr_scan'}","['KEY', 'CREDITCARD']",True,classic,5645b05e-85be-460d-8506-cacd20bff233,False,[],False
3db799ba-b574-4e5f-95e5-c767bec2acb6,Melrose Ave & E 150 St,7879.01,-73.917338,40.816827,71.0,31,"{'android': 'https://bkn.lft.to/lastmile_qr_scan', 'ios': 'https://bkn.lft.to/lastmile_qr_scan'}","['KEY', 'CREDITCARD']",True,classic,3db799ba-b574-4e5f-95e5-c767bec2acb6,False,[],False
66dc0f8a-0aca-11e7-82f6-3863bb44ef7c,E 3 St & 1 Ave,5553.03,-73.98783413,40.72467721,71.0,59,"{'android': 'https://bkn.lft.to/lastmile_qr_scan', 'ios': 'https://bkn.lft.to/lastmile_qr_scan'}","['KEY', 'CREDITCARD']",True,classic,66dc0f8a-0aca-11e7-82f6-3863bb44ef7c,False,[],False
e152a2e1-c510-404e-a100-24246bb6cc95,8 St & Astoria Blvd,7068.07,-73.93266275525093,40.7725996921817,71.0,19,"{'android': 'https://bkn.lft.to/lastmile_qr_scan', 'ios': 'https://bkn.lft.to/lastmile_qr_scan'}","['KEY', 'CREDITCARD']",True,classic,e152a2e1-c510-404e-a100-24246bb6cc95,False,[],False
b4974d89-932c-4a9f-a264-2ea0cf70613e,Pinehurst Ave & W 187 St,8458.03,-73.937878,40.855331,71.0,20,"{'android': 'https://bkn.lft.to/lastmile_qr_scan', 'ios': 'https://bkn.lft.to/lastmile_qr_scan'}","['KEY', 'CREDITCARD']",True,classic,b4974d89-932c-4a9f-a264-2ea0cf70613e,False,[],False
2126623007192357636,83 St & Narrows Ave,2506.10,-74.03838,40.62757,71.0,12,"{'android': 'https://bkn.lft.to/lastmile_qr_scan', 'ios': 'https://bkn.lft.to/lastmile_qr_scan'}","['KEY', 'CREDITCARD']",False,classic,2126623007192357636,False,[],False
66dde4ef-0aca-11e7-82f6-3863bb44ef7c,W 92 St & Broadway,7502.01,-73.9739,40.7921,71.0,24,"{'android': 'https://bkn.lft.to/lastmile_qr_scan', 'ios': 'https://bkn.lft.to/lastmile_qr_scan'}","['KEY', 'CREDITCARD']",True,classic,66dde4ef-0aca-11e7-82f6-3863bb44ef7c,False,[],False
7f402242-dc1b-4a48-ba21-58c4fa7216b4,53 Ave & 62 St,5806.01,-73.90159,40.73169,71.0,19,"{'android': 'https://bkn.lft.to/lastmile_qr_scan', 'ios': 'https://bkn.lft.to/lastmile_qr_scan'}","['KEY', 'CREDITCARD']",True,classic,7f402242-dc1b-4a48-ba21-58c4fa7216b4,False,[],False
1b00fb53-da32-4b14-9a9a-84a391c8951c,Amsterdam Ave & W 119 St,7727.07,-73.9596214,40.8086249,71.0,29,"{'android': 'https://bkn.lft.to/lastmile_qr_scan', 'ios': 'https://bkn.lft.to/lastmile_qr_scan'}","['KEY', 'CREDITCARD']",True,classic,1b00fb53-da32-4b14-9a9a-84a391c8951c,False,[],False
b4a320d6-2611-4940-96ca-17fb297ec826,Sunken Meadow Comfort Station,7571.01,-73.91906,40.79558,71.0,25,"{'android': 'https://bkn.lft.to/lastmile_qr_scan', 'ios': 'https://bkn.lft.to/lastmile_qr_scan'}","['KEY', 'CREDITCARD']",True,classic,b4a320d6-2611-4940-96ca-17fb297ec826,False,[],False
66dd46a2-0aca-11e7-82f6-3863bb44ef7c,E 85 St & York Ave,7146.04,-73.94803392,40.77536905,71.0,47,"{'android': 'https://bkn.lft.to/lastmile_qr_scan', 'ios': 'https://bkn.lft.to/lastmile_qr_scan'}","['KEY', 'CREDITCARD']",True,classic,66dd46a2-0aca-11e7-82f6-3863bb44ef7c,False,[],False
1840540852548303628,Butler St & 27 Ave,6869.06,-73.86483,40.76521,71.0,18,"{'android': 'https://bkn.lft.to/lastmile_qr_scan', 'ios': 'https://bkn.lft.to/lastmile_qr_scan'}","['KEY', 'CREDITCARD']",True,classic,1840540852548303628,False,[],False
66dd26f9-0aca-11e7-82f6-3863bb44ef7c,9 St & 44 Rd,6361.03,-73.9521,40.74966,71.0,34,"{'android': 'https://bkn.lft.to/lastmile_qr_scan', 'ios': 'https://bkn.lft.to/lastmile_qr_scan'}","['KEY', 'CREDITCARD']",True,classic,66dd26f9-0aca-11e7-82f6-3863bb44ef7c,False,[],False
66ddea99-0aca-11e7-82f6-3863bb44ef7c,10 St & 7 Ave,3762.08,-73.98199886,40.6662078,71.0,23,"{'android': 'https://bkn.lft.to/lastmile_qr_scan', 'ios': 'https://bkn.lft.to/lastmile_qr_scan'}","['KEY', 'CREDITCARD']",True,classic,66ddea99-0aca-11e7-82f6-3863bb44ef7c,False,[],False
6fab98b7-b06a-49d8-a4d1-087ffce0ebcf,Boston Rd & Prospect Ave,8133.08,-73.896599,40.833246,71.0,19,"{'android': 'https://bkn.lft.to/lastmile_qr_scan', 'ios': 'https://bkn.lft.to/lastmile_qr_scan'}","['KEY', 'CREDITCARD']",True,classic,6fab98b7-b06a-49d8-a4d1-087ffce0ebcf,False,[],False
2227531312359792274,W 44 St & 9 Ave,6717.01,-73.99155429633757,40.75963216910053,71.0,31,"{'android': 'https://bkn.lft.to/lastmile_qr_scan', 'ios': 'https://bkn.lft.to/lastmile_qr_scan'}","['KEY', 'CREDITCARD']",True,classic,2227531312359792274,False,[],False
1854538962214948918,Martense Ave & 108 St,6138.02,-73.85418,40.74214,71.0,20,"{'android': 'https://bkn.lft.to/lastmile_qr_scan', 'ios': 'https://bkn.lft.to/lastmile_qr_scan'}","['KEY', 'CREDITCARD']",True,classic,1854538962214948918,False,[],False
1846086362824884662,56 Ave & 92 St,5962.04,-73.86995,40.73649,71.0,25,"{'android': 'https://bkn.lft.to/lastmile_qr_scan', 'ios': 'https://bkn.lft.to/lastmile_qr_scan'}","['KEY', 'CREDITCARD']",True,classic,1846086362824884662,False,[],False
1869753057823626206,3 Ave & E Tremont Ave,8315.03,-73.89616,40.84649,71.0,27,"{'android': 'https://bkn.lft.to/lastmile_qr_scan', 'ios': 'https://bkn.lft.to/lastmile_qr_scan'}","['KEY', 'CREDITCARD']",True,classic,1869753057823626206,False,[],False
66de73fd-0aca-11e7-82f6-3863bb44ef7c,Richardson St & N Henry St,5433.03,-73.94223690032959,40.71907891179564,71.0,25,"{'android': 'https://bkn.lft.to/lastmile_qr_scan', 'ios': 'https://bkn.lft.to/lastmile_qr_scan'}","['KEY', 'CREDITCARD']",True,classic,66de73fd-0aca-11e7-82f6-3863bb44ef7c,False,[],False
54df610f-0e47-4958-98ca-37bb1b1c4dca,Convent Ave & W 151 St,8049.10,-73.942924,40.82831,71.0,24,"{'android': 'https://bkn.lft.to/lastmile_qr_scan', 'ios': 'https://bkn.lft.to/lastmile_qr_scan'}","['KEY', 'CREDITCARD']",True,classic,54df610f-0e47-4958-98ca-37bb1b1c4dca,False,[],False
99614ecb-2329-49fa-a13a-fa1ef2bb32d6,Clay Ave & Claremont Pkwy,8225.05,-73.90549,40.83999,71.0,21,"{'android': 'https://bkn.lft.to/lastmile_qr_scan', 'ios': 'https://bkn.lft.to/lastmile_qr_scan'}","['KEY', 'CREDITCARD']",True,classic,99614ecb-2329-49fa-a13a-fa1ef2bb32d6,False,[],False
6fd61eee-d0ef-4580-9704-bd06b82bcb61,E 56 St & Madison Ave,6732.01,-73.972628,40.761573,71.0,33,"{'android': 'https://bkn.lft.to/lastmile_qr_scan', 'ios': 'https://bkn.lft.to/lastmile_qr_scan'}","['KEY', 'CREDITCARD']",True,classic,6fd61eee-d0ef-4580-9704-bd06b82bcb61,False,[],False
2171903488884523500,Hull Ave & E 209 St,8775.03,-73.87444,40.87689,71.0,14,"{'android': 'https://bkn.lft.to/lastmile_qr_scan', 'ios': 'https://bkn.lft.to/lastmile_qr_scan'}","['KEY', 'CREDITCARD']",False,classic,2171903488884523500,False,[],False
ba33c334-e17d-4478-ae3c-9c2f4dbfbb51,51 Ave & 61 St,5923.02,-73.90387,40.73568,71.0,0,"{'android': 'https://bkn.lft.to/lastmile_qr_scan', 'ios': 'https://bkn.lft.to/lastmile_qr_scan'}","['KEY', 'CREDITCARD']",True,classic,ba33c334-e17d-4478-ae3c-9c2f4dbfbb51,False,[],False
06439006-11b6-44f0-8545-c9d39035f32a,Vesey St & Church St,5216.06,-74.01047229766846,40.71221958009051,71.0,78,"{'android': 'https://bkn.lft.to/lastmile_qr_scan', 'ios': 'https://bkn.lft.to/lastmile_qr_scan'}","['KEY', 'CREDITCARD']",True,classic,06439006-11b6-44f0-8545-c9d39035f32a,False,[],False
525535e3-dde3-47b4-9c2e-0174eaa4f2bb,61 St & Borden Ave,5611.04,-73.90417,40.72558,71.0,0,"{'android': 'https://bkn.lft.to/lastmile_qr_scan', 'ios': 'https://bkn.lft.to/lastmile_qr_scan'}","['KEY', 'CREDITCARD']",True,classic,525535e3-dde3-47b4-9c2e-0174eaa4f2bb,False,[],False
66de2b2f-0aca-11e7-82f6-3863bb44ef7c,3 St & Hoyt St,4110.10,-73.99364123,40.6777287,71.0,53,"{'android': 'https://bkn.lft.to/lastmile_qr_scan', 'ios': 'https://bkn.lft.to/lastmile_qr_scan'}","['KEY', 'CREDITCARD']",True,classic,66de2b2f-0aca-11e7-82f6-3863bb44ef7c,False,[],False
1986707977001495180,21 St & 20 Ave,7363.03,-73.91273114065842,40.78393602019729,71.0,19,"{'android': 'https://bkn.lft.to/lastmile_qr_scan', 'ios': 'https://bkn.lft.to/lastmile_qr_scan'}","['KEY', 'CREDITCARD']",True,classic,1986707977001495180,False,[],False
1795146692060860976,Longfellow Ave & Aldus St,7983.02,-73.88762910982096,40.82319448542357,71.0,24,"{'android': 'https://bkn.lft.to/lastmile_qr_scan', 'ios': 'https://bkn.lft.to/lastmile_qr_scan'}","['KEY', 'CREDITCARD']",True,classic,1795146692060860976,False,[],False
1822663031356509142,Matthews Ct & Coney Island Ave,3034.02,-73.96951,40.64235,71.0,0,"{'android': 'https://bkn.lft.to/lastmile_qr_scan', 'ios': 'https://bkn.lft.to/lastmile_qr_scan'}","['KEY', 'CREDITCARD']",True,classic,1822663031356509142,False,[],False
66db2a71-0aca-11e7-82f6-3863bb44ef7c,Barrow St & Hudson St,5805.05,-74.00674436,40.73172428,71.0,45,"{'android': 'https://bkn.lft.to/lastmile_qr_scan', 'ios': 'https://bkn.lft.to/lastmile_qr_scan'}","['KEY', 'CREDITCARD']",True,classic,66db2a71-0aca-11e7-82f6-3863bb44ef7c,False,[],False
2235294222661977076,Livonia Ave & Powell St,3678.05,-73.90231,40.66363,71.0,0,"{'android': 'https://bkn.lft.to/lastmile_qr_scan', 'ios': 'https://bkn.lft.to/lastmile_qr_scan'}","['KEY', 'CREDITCARD']",False,classic,2235294222661977076,False,[],False
7a6fc75f-a605-4dd6-b567-b2bbbfb862f3,65 Pl & 53 Ave,5764.02,-73.90022,40.73145,71.0,19,"{'android': 'https://bkn.lft.to/lastmile_qr_scan', 'ios': 'https://bkn.lft.to/lastmile_qr_scan'}","['KEY', 'CREDITCARD']",True,classic,7a6fc75f-a605-4dd6-b567-b2bbbfb862f3,False,[],False
dd482585-3028-453f-a98d-55019db9b26c,2 Ave & 36 St,3460.01,-74.00870203971863,40.65708866668485,71.0,43,"{'android': 'https://bkn.lft.to/lastmile_qr_scan', 'ios': 'https://bkn.lft.to/lastmile_qr_scan'}","['KEY', 'CREDITCARD']",True,classic,dd482585-3028-453f-a98d-55019db9b26c,False,[],False
66dbe96d-0aca-11e7-82f6-3863bb44ef7c,W 26 St & 10 Ave,6382.05,-74.002950346,40.749717753,71.0,0,"{'android': 'https://bkn.lft.to/lastmile_qr_scan', 'ios': 'https://bkn.lft.to/lastmile_qr_scan'}","['KEY', 'CREDITCARD']",True,classic,66dbe96d-0aca-11e7-82f6-3863bb44ef7c,False,[],False
41495491-5d89-4e14-aab9-c3db04aad399,43 St & Skillman Ave,6325.01,-73.9208248257637,40.74692675687384,71.0,0,"{'android': 'https://bkn.lft.to/lastmile_qr_scan', 'ios': 'https://bkn.lft.to/lastmile_qr_scan'}","['KEY', 'CREDITCARD']",True,classic,41495491-5d89-4e14-aab9-c3db04aad399,False,[],False
1835246937517543544,24 Ave & 92 St,6913.03,-73.87789,40.76589,71.0,20,"{'android': 'https://bkn.lft.to/lastmile_qr_scan', 'ios': 'https://bkn.lft.to/lastmile_qr_scan'}","['KEY', 'CREDITCARD']",True,classic,1835246937517543544,False,[],False
18eccc71-66be-4e4c-8335-095a9bf0df94,Adam Clayton Powell Blvd & W 126 St,7738.04,-73.94776493310928,40.80949534777948,71.0,33,"{'android': 'https://bkn.lft.to/lastmile_qr_scan', 'ios': 'https://bkn.lft.to/lastmile_qr_scan'}","['KEY', 'CREDITCARD']",True,classic,18eccc71-66be-4e4c-8335-095a9bf0df94,False,[],False
2263849645196429932,Union St & Nevins St,4143.02,-73.98734,40.679021,71.0,36,"{'android': 'https://bkn.lft.to/lastmile_qr_scan', 'ios': 'https://bkn.lft.to/lastmile_qr_scan'}","['KEY', 'CREDITCARD']",False,classic,2263849645196429932,False,[],False
2250953816197165238,New Lots Ave & Van Sinderen Ave,3565.07,-73.89915,40.65923,71.0,16,"{'android': 'https://bkn.lft.to/lastmile_qr_scan', 'ios': 'https://bkn.lft.to/lastmile_qr_scan'}","['KEY', 'CREDITCARD']",False,classic,2250953816197165238,False,[],False
2250954679485591748,Van Siclen Ave & Linden Blvd,3661.01,-73.88608,40.66085,71.0,14,"{'android': 'https://bkn.lft.to/lastmile_qr_scan', 'ios': 'https://bkn.lft.to/lastmile_qr_scan'}","['KEY', 'CREDITCARD']",False,classic,2250954679485591748,False,[],False
66db93a1-0aca-11e7-82f6-3863bb44ef7c,Cherry St,5181.04,-73.97948148,40.71219906,71.0,36,"{'android': 'https://bkn.lft.to/lastmile_qr_scan', 'ios': 'https://bkn.lft.to/lastmile_qr_scan'}","['KEY', 'CREDITCARD']",True,classic,66db93a1-0aca-11e7-82f6-3863bb44ef7c,False,[],False
2206781040135081610,Austin St & 76 Ave,5324.03,-73.83735,40.71612,71.0,16,"{'android': 'https://bkn.lft.to/lastmile_qr_scan', 'ios': 'https://bkn.lft.to/lastmile_qr_scan'}","['KEY', 'CREDITCARD']",False,classic,2206781040135081610,False,[],False
2235291403983301624,Willmohr St & Rockaway Pkwy,3510.06,-73.91669,40.65764,71.0,16,"{'android': 'https://bkn.lft.to/lastmile_qr_scan', 'ios': 'https://bkn.lft.to/lastmile_qr_scan'}","['KEY', 'CREDITCARD']",False,classic,2235291403983301624,False,[],False
6d766daf-9298-4059-a329-1818582d495f,Borden Ave & Review Ave,6001.01,-73.94093804061413,40.73866345465306,71.0,19,"{'android': 'https://bkn.lft.to/lastmile_qr_scan', 'ios': 'https://bkn.lft.to/lastmile_qr_scan'}","['KEY', 'CREDITCARD']",True,classic,6d766daf-9298-4059-a329-1818582d495f,False,[],False
66de0a78-0aca-11e7-82f6-3863bb44ef7c,Henry St & Bay St,3972.08,-74.00494695,40.6725058,71.0,19,"{'android': 'https://bkn.lft.to/lastmile_qr_scan', 'ios': 'https://bkn.lft.to/lastmile_qr_scan'}","['KEY', 'CREDITCARD']",True,classic,66de0a78-0aca-11e7-82f6-3863bb44ef7c,False,[],False
9635affa-8b18-42d5-84c4-7f67ad5ef9d0,Alexander Ave & E 134 St,7712.04,-73.927107,40.807466,71.0,19,"{'android': 'https://bkn.lft.to/lastmile_qr_scan', 'ios': 'https://bkn.lft.to/lastmile_qr_scan'}","['KEY', 'CREDITCARD']",True,classic,9635affa-8b18-42d5-84c4-7f67ad5ef9d0,False,[],False
5145ad1c-241f-4448-a742-739bd5c518c2,64 St & 51 Ave,5956.04,-73.90184,40.73577,71.0,19,"{'android': 'https://bkn.lft.to/lastmile_qr_scan', 'ios': 'https://bkn.lft.to/lastmile_qr_scan'}","['KEY', 'CREDITCARD']",True,classic,5145ad1c-241f-4448-a742-739bd5c518c2,False,[],False
f401cd5f-cb41-41f8-a857-4a4dfe778f94,Wilson Ave & Troutman St,4864.09,-73.92754,40.70166,71.0,26,"{'android': 'https://bkn.lft.to/lastmile_qr_scan', 'ios': 'https://bkn.lft.to/lastmile_qr_scan'}","['KEY', 'CREDITCARD']",True,classic,f401cd5f-cb41-41f8-a857-4a4dfe778f94,False,[],False
66de205d-0aca-11e7-82f6-3863bb44ef7c,3 St & 7 Ave,3905.15,-73.97839676,40.6703837,71.0,27,"{'android': 'https://bkn.lft.to/lastmile_qr_scan', 'ios': 'https://bkn.lft.to/lastmile_qr_scan'}","['KEY', 'CREDITCARD']",True,classic,66de205d-0aca-11e7-82f6-3863bb44ef7c,False,[],False
dccaeeb5-c53a-4f48-80e6-05675b71a8c8,St Nicholas Ave & Manhattan Ave,7723.01,-73.953149,40.809725,71.0,31,"{'android': 'https://bkn.lft.to/lastmile_qr_scan', 'ios': 'https://bkn.lft.to/lastmile_qr_scan'}","['KEY', 'CREDITCARD']",True,classic,dccaeeb5-c53a-4f48-80e6-05675b71a8c8,False,[],False
1860189327773878824,Crotona Ave & E 183 St,8387.03,-73.88475,40.85157,71.0,25,"{'android': 'https://bkn.lft.to/lastmile_qr_scan', 'ios': 'https://bkn.lft.to/lastmile_qr_scan'}","['KEY', 'CREDITCARD']",True,classic,1860189327773878824,False,[],False
a3d72b5b-9587-4f33-9722-c01e20a9b358,Bushwick Ave & Dekalb Ave,4680.05,-73.92825,40.69502,71.0,29,"{'android': 'https://bkn.lft.to/lastmile_qr_scan', 'ios': 'https://bkn.lft.to/lastmile_qr_scan'}","['KEY', 'CREDITCARD']",True,classic,a3d72b5b-9587-4f33-9722-c01e20a9b358,False,[],False
2250952758815752682,Dumont Ave & Barbey St,3843.02,-73.88609,40.66759,71.0,12,"{'android': 'https://bkn.lft.to/lastmile_qr_scan', 'ios': 'https://bkn.lft.to/lastmile_qr_scan'}","['KEY', 'CREDITCARD']",False,classic,2250952758815752682,False,[],False
c602146e-d69d-43b6-9e8f-054c4df5377e,Seneca Ave & Irvine St,7883.09,-73.88862490653992,40.81872569990116,71.0,19,"{'android': 'https://bkn.lft.to/lastmile_qr_scan', 'ios': 'https://bkn.lft.to/lastmile_qr_scan'}","['KEY', 'CREDITCARD']",True,classic,c602146e-d69d-43b6-9e8f-054c4df5377e,False,[],False
7938263e-e5b8-4ca7-b8bf-1adbaae5fead,Southern Blvd & E 149 St,7788.13,-73.904192,40.811892,71.0,27,"{'android': 'https://bkn.lft.to/lastmile_qr_scan', 'ios': 'https://bkn.lft.to/lastmile_qr_scan'}","['KEY', 'CREDITCARD']",True,classic,7938263e-e5b8-4ca7-b8bf-1adbaae5fead,False,[],False
66de12ff-0aca-11e7-82f6-3863bb44ef7c,W 107 St & Columbus Ave,7619.05,-73.9621128676,40.7997568,71.0,23,"{'android': 'https://bkn.lft.to/lastmile_qr_scan', 'ios': 'https://bkn.lft.to/lastmile_qr_scan'}","['KEY', 'CREDITCARD']",True,classic,66de12ff-0aca-11e7-82f6-3863bb44ef7c,False,[],False
943a1a27-1328-4823-8945-28d845280383,Isham St & Broadway,8665.09,-73.919685,40.86788,71.0,29,"{'android': 'https://bkn.lft.to/lastmile_qr_scan', 'ios': 'https://bkn.lft.to/lastmile_qr_scan'}","['KEY', 'CREDITCARD']",True,classic,943a1a27-1328-4823-8945-28d845280383,False,[],False
ed279ef2-52ee-4ff2-9a52-edd8137ea034,44 St & Greenpoint Ave,6134.13,-73.92103672027588,40.741119944681465,71.0,27,"{'android': 'https://bkn.lft.to/lastmile_qr_scan', 'ios': 'https://bkn.lft.to/lastmile_qr_scan'}","['KEY', 'CREDITCARD']",True,classic,ed279ef2-52ee-4ff2-9a52-edd8137ea034,False,[],False
2143217922777170632,Jackson Ave & 50 Ave,6170.10,-73.95312,40.74234,71.0,32,"{'android': 'https://bkn.lft.to/lastmile_qr_scan', 'ios': 'https://bkn.lft.to/lastmile_qr_scan'}","['KEY', 'CREDITCARD']",True,classic,2143217922777170632,False,[],False
66dc3782-0aca-11e7-82f6-3863bb44ef7c,Grand St & Havemeyer St,5267.08,-73.95698119,40.71286844,71.0,31,"{'android': 'https://bkn.lft.to/lastmile_qr_scan', 'ios': 'https://bkn.lft.to/lastmile_qr_scan'}","['KEY', 'CREDITCARD']",True,classic,66dc3782-0aca-11e7-82f6-3863bb44ef7c,False,[],False
1871698223344654662,Lee Ave & Taylor St,5053.01,-73.961241,40.706732,71.0,25,"{'android': 'https://bkn.lft.to/lastmile_qr_scan', 'ios': 'https://bkn.lft.to/lastmile_qr_scan'}","['KEY', 'CREDITCARD']",True,classic,1871698223344654662,False,[],False
c8c39d85-4ce7-46c5-b709-998067200780,Bedford Park Blvd & Paul Ave,8752.01,-73.89186,40.87444,71.0,24,"{'android': 'https://bkn.lft.to/lastmile_qr_scan', 'ios': 'https://bkn.lft.to/lastmile_qr_scan'}","['KEY', 'CREDITCARD']",True,classic,c8c39d85-4ce7-46c5-b709-998067200780,False,[],False
b79c8433-9dd1-4d68-9156-7f2c2162bafe,35 St & 23 Ave,7047.07,-73.91119033098221,40.77301508291382,71.0,28,"{'android': 'https://bkn.lft.to/lastmile_qr_scan', 'ios': 'https://bkn.lft.to/lastmile_qr_scan'}","['KEY', 'CREDITCARD']",True,classic,b79c8433-9dd1-4d68-9156-7f2c2162bafe,False,[],False
0630217a-3913-47d9-9540-cf85688296a5,37 St & 24 Ave,6981.16,-73.9120938,40.7701477,71.0,19,"{'android': 'https://bkn.lft.to/lastmile_qr_scan', 'ios': 'https://bkn.lft.to/lastmile_qr_scan'}","['KEY', 'CREDITCARD']",True,classic,0630217a-3913-47d9-9540-cf85688296a5,False,[],False
576abdc1-986e-48b0-bde2-051a13d3ff59,39 St & Queens Blvd,6218.04,-73.92601,40.74431,71.0,21,"{'android': 'https://bkn.lft.to/lastmile_qr_scan', 'ios': 'https://bkn.lft.to/lastmile_qr_scan'}","['KEY', 'CREDITCARD']",True,classic,576abdc1-986e-48b0-bde2-051a13d3ff59,False,[],False
1834145589124844432,92 St & 37 Ave,6433.01,-73.87509,40.75085,71.0,19,"{'android': 'https://bkn.lft.to/lastmile_qr_scan', 'ios': 'https://bkn.lft.to/lastmile_qr_scan'}","['KEY', 'CREDITCARD']",True,classic,1834145589124844432,False,[],False
1794852638057746848,63 St & Borden Ave,5611.05,-73.90321,40.72655,71.0,21,"{'android': 'https://bkn.lft.to/lastmile_qr_scan', 'ios': 'https://bkn.lft.to/lastmile_qr_scan'}","['KEY', 'CREDITCARD']",True,classic,1794852638057746848,False,[],False
66dbcd6c-0aca-11e7-82f6-3863bb44ef7c,Clinton Ave & Myrtle Ave,4651.02,-73.968896,40.693261,71.0,33,"{'android': 'https://bkn.lft.to/lastmile_qr_scan', 'ios': 'https://bkn.lft.to/lastmile_qr_scan'}","['KEY', 'CREDITCARD']",True,classic,66dbcd6c-0aca-11e7-82f6-3863bb44ef7c,False,[],False
1934749166596673908,Washington Pl & Greene St,5755.15,-73.99546380915461,40.72980619180496,71.0,46,"{'android': 'https://bkn.lft.to/lastmile_qr_scan', 'ios': 'https://bkn.lft.to/lastmile_qr_scan'}","['KEY', 'CREDITCARD']",True,classic,1934749166596673908,False,[],False
1861678548643203686,Crotona Pkwy & Bronx Park S,8325.12,-73.883,40.84784,71.0,25,"{'android': 'https://bkn.lft.to/lastmile_qr_scan', 'ios': 'https://bkn.lft.to/lastmile_qr_scan'}","['KEY', 'CREDITCARD']",True,classic,1861678548643203686,False,[],False
9af90faf-0b9b-451b-9cb0-20ff421ca1d9,E 165 St & Fox St,7966.02,-73.894025,40.82394,71.0,27,"{'android': 'https://bkn.lft.to/lastmile_qr_scan', 'ios': 'https://bkn.lft.to/lastmile_qr_scan'}","['KEY', 'CREDITCARD']",True,classic,9af90faf-0b9b-451b-9cb0-20ff421ca1d9,False,[],False
ec42fb3a-af54-46aa-a8b3-b17d72ed4475,34 Ave & 13 St,6836.07,-73.9364848,40.7638753,71.0,19,"{'android': 'https://bkn.lft.to/lastmile_qr_scan', 'ios': 'https://bkn.lft.to/lastmile_qr_scan'}","['KEY', 'CREDITCARD']",True,classic,ec42fb3a-af54-46aa-a8b3-b17d72ed4475,False,[],False
2206779090602992084,68 Dr & 112 St,5657.06,-73.84128,40.72704,71.0,12,"{'android': 'https://bkn.lft.to/lastmile_qr_scan', 'ios': 'https://bkn.lft.to/lastmile_qr_scan'}","['KEY', 'CREDITCARD']",False,classic,2206779090602992084,False,[],False
bcb08532-f0d5-4c0e-ad8a-4ddacc204791,Madison St & Evergreen Ave,4560.01,-73.91693,40.69122,71.0,18,"{'android': 'https://bkn.lft.to/lastmile_qr_scan', 'ios': 'https://bkn.lft.to/lastmile_qr_scan'}","['KEY', 'CREDITCARD']",True,classic,bcb08532-f0d5-4c0e-ad8a-4ddacc204791,False,[],False
1854538387432581604,49 Ave & 108 St,6255.02,-73.8558,40.74535,71.0,22,"{'android': 'https://bkn.lft.to/lastmile_qr_scan', 'ios': 'https://bkn.lft.to/lastmile_qr_scan'}","['KEY', 'CREDITCARD']",True,classic,1854538387432581604,False,[],False
cd2d9dab-7708-4685-a56f-9412c738de7e,Rutland Rd & E 45 St,3567.05,-73.93618,40.66034,71.0,23,"{'android': 'https://bkn.lft.to/lastmile_qr_scan', 'ios': 'https://bkn.lft.to/lastmile_qr_scan'}","['KEY', 'CREDITCARD']",True,classic,cd2d9dab-7708-4685-a56f-9412c738de7e,False,[],False
66db408f-0aca-11e7-82f6-3863bb44ef7c,Harrison St & Hudson St,5400.05,-74.0090009,40.71870987,71.0,39,"{'android': 'https://bkn.lft.to/lastmile_qr_scan', 'ios': 'https://bkn.lft.to/lastmile_qr_scan'}","['KEY', 'CREDITCARD']",True,classic,66db408f-0aca-11e7-82f6-3863bb44ef7c,False,[],False
c3062f44-c5b9-4650-a4ec-cc66cbf5b944,Grand Concourse & E 199 St,8703.05,-73.88839,40.87142,71.0,21,"{'android': 'https://bkn.lft.to/lastmile_qr_scan', 'ios': 'https://bkn.lft.to/lastmile_qr_scan'}","['KEY', 'CREDITCARD']",True,classic,c3062f44-c5b9-4650-a4ec-cc66cbf5b944,False,[],False
66dd5407-0aca-11e7-82f6-3863bb44ef7c,Riverside Dr & W 78 St,7340.06,-73.98362492,40.78414472,71.0,79,"{'android': 'https://bkn.lft.to/lastmile_qr_scan', 'ios': 'https://bkn.lft.to/lastmile_qr_scan'}","['KEY', 'CREDITCARD']",True,classic,66dd5407-0aca-11e7-82f6-3863bb44ef7c,False,[],False
5a24acbb-94ef-4cb5-9db8-f6073ac26a2b,21 St & 23 Ave,7210.07,-73.919046,40.778557,71.0,22,"{'android': 'https://bkn.lft.to/lastmile_qr_scan', 'ios': 'https://bkn.lft.to/lastmile_qr_scan'}","['KEY', 'CREDITCARD']",True,classic,5a24acbb-94ef-4cb5-9db8-f6073ac26a2b,False,[],False
af72ab76-c6cb-4994-af96-51fa8846ecdc,Bergen St & Saratoga Ave,4064.03,-73.91656,40.67423,71.0,20,"{'android': 'https://bkn.lft.to/lastmile_qr_scan', 'ios': 'https://bkn.lft.to/lastmile_qr_scan'}","['KEY', 'CREDITCARD']",True,classic,af72ab76-c6cb-4994-af96-51fa8846ecdc,False,[],False
1876800925490112950,Arthur Ave & E Tremont Ave,8293.12,-73.89322,40.84616,71.0,19,"{'android': 'https://bkn.lft.to/lastmile_qr_scan', 'ios': 'https://bkn.lft.to/lastmile_qr_scan'}","['KEY', 'CREDITCARD']",True,classic,1876800925490112950,False,[],False
1bb1af93-b433-4da7-8054-009c85f7755a,Jerome Ave & Anderson Ave,8061.01,-73.928747,40.830179,71.0,19,"{'android': 'https://bkn.lft.to/lastmile_qr_scan', 'ios': 'https://bkn.lft.to/lastmile_qr_scan'}","['KEY', 'CREDITCARD']",True,classic,1bb1af93-b433-4da7-8054-009c85f7755a,False,[],False
66db447a-0aca-11e7-82f6-3863bb44ef7c,Broad St & Bridge St,4962.08,-74.01167797,40.70365182,71.0,49,"{'android': 'https://bkn.lft.to/lastmile_qr_scan', 'ios': 'https://bkn.lft.to/lastmile_qr_scan'}","['KEY', 'CREDITCARD']",True,classic,66db447a-0aca-11e7-82f6-3863bb44ef7c,False,[],False
ffae66ec-7c16-436f-bd0a-eedf81d580e7,E Mosholu Pkwy & Van Cortlandt Ave E,8778.01,-73.88366,40.87656,71.0,22,"{'android': 'https://bkn.lft.to/lastmile_qr_scan', 'ios': 'https://bkn.lft.to/lastmile_qr_scan'}","['KEY', 'CREDITCARD']",True,classic,ffae66ec-7c16-436f-bd0a-eedf81d580e7,False,[],False
595cf79f-7783-4373-b3d5-775bcf76033b,Ogden Ave & Merriam Ave,8218.04,-73.925961,40.839142,71.0,19,"{'android': 'https://bkn.lft.to/lastmile_qr_scan', 'ios': 'https://bkn.lft.to/lastmile_qr_scan'}","['KEY', 'CREDITCARD']",True,classic,595cf79f-7783-4373-b3d5-775bcf76033b,False,[],False
d11b9869-8964-4b79-aafc-4b60ad1b44c4,Central Ave & Starr St,4792.03,-73.92834,40.700003,71.0,23,"{'android': 'https://bkn.lft.to/lastmile_qr_scan', 'ios': 'https://bkn.lft.to/lastmile_qr_scan'}","['KEY', 'CREDITCARD']",True,classic,d11b9869-8964-4b79-aafc-4b60ad1b44c4,False,[],False
7d5fa1f0-4069-4d5d-b735-5d500597394a,W Broadway & Watts St,5569.07,-74.00314,40.72323,71.0,51,"{'android': 'https://bkn.lft.to/lastmile_qr_scan', 'ios': 'https://bkn.lft.to/lastmile_qr_scan'}","['KEY', 'CREDITCARD']",True,classic,7d5fa1f0-4069-4d5d-b735-5d500597394a,False,[],False
b442a648-e9f4-4893-951a-64d258bc0e55,W 50 St & 9 Ave,6854.05,-73.98917958140373,40.76360467795863,71.0,30,"{'android': 'https://bkn.lft.to/lastmile_qr_scan', 'ios': 'https://bkn.lft.to/lastmile_qr_scan'}","['KEY', 'CREDITCARD']",True,classic,b442a648-e9f4-4893-951a-64d258bc0e55,False,[],False
b0bac4ef-bb57-4598-a433-75c281170d5b,Lenox Ave & W 146 St,7910.10,-73.935971,40.821111,71.0,24,"{'android': 'https://bkn.lft.to/lastmile_qr_scan', 'ios': 'https://bkn.lft.to/lastmile_qr_scan'}","['KEY', 'CREDITCARD']",True,classic,b0bac4ef-bb57-4598-a433-75c281170d5b,False,[],False
1848241684520917882,46 Ave & Junction Blvd,6231.01,-73.86781,40.74399,71.0,19,"{'android': 'https://bkn.lft.to/lastmile_qr_scan', 'ios': 'https://bkn.lft.to/lastmile_qr_scan'}","['KEY', 'CREDITCARD']",True,classic,1848241684520917882,False,[],False
4e9a1c3a-20e2-4fd5-b8de-fbf8d43e7bcc,Maple St & Flatbush Ave,3593.01,-73.96045,40.66026,71.0,24,"{'android': 'https://bkn.lft.to/lastmile_qr_scan', 'ios': 'https://bkn.lft.to/lastmile_qr_scan'}","['KEY', 'CREDITCARD']",True,classic,4e9a1c3a-20e2-4fd5-b8de-fbf8d43e7bcc,False,[],False
1f088432-0460-421e-a1d9-36890fa5396d,Barry St & Tiffany St,7844.05,-73.891559,40.816126,71.0,19,"{'android': 'https://bkn.lft.to/lastmile_qr_scan', 'ios': 'https://bkn.lft.to/lastmile_qr_scan'}","['KEY', 'CREDITCARD']",True,classic,1f088432-0460-421e-a1d9-36890fa5396d,False,[],False
12279d2b-29f6-4e02-a7f0-244970f7edd5,37 Ave & 35 St,6529.02,-73.9279917,40.7531106,71.0,26,"{'android': 'https://bkn.lft.to/lastmile_qr_scan', 'ios': 'https://bkn.lft.to/lastmile_qr_scan'}","['KEY', 'CREDITCARD']",True,classic,12279d2b-29f6-4e02-a7f0-244970f7edd5,False,[],False
d979131e-0b9f-4aa2-88c5-46d4ff94abc8,Pacific St & Sackman St,4014.01,-73.9061,40.67522,71.0,19,"{'android': 'https://bkn.lft.to/lastmile_qr_scan', 'ios': 'https://bkn.lft.to/lastmile_qr_scan'}","['KEY', 'CREDITCARD']",True,classic,d979131e-0b9f-4aa2-88c5-46d4ff94abc8,False,[],False
2235291740170879960,Linden Blvd & Church Ave,3398.02,-73.91714,40.65449,71.0,18,"{'android': 'https://bkn.lft.to/lastmile_qr_scan', 'ios': 'https://bkn.lft.to/lastmile_qr_scan'}","['KEY', 'CREDITCARD']",False,classic,2235291740170879960,False,[],False
2124036103510616644,78 St & Ridge Blvd,2625.01,-74.03121,40.62994,71.0,12,"{'android': 'https://bkn.lft.to/lastmile_qr_scan', 'ios': 'https://bkn.lft.to/lastmile_qr_scan'}","['KEY', 'CREDITCARD']",False,classic,2124036103510616644,False,[],False
4f814d78-5d8d-458b-877e-2ca449b865be,Riverside Dr & W 148 St,8054.04,-73.950426,40.829114,71.0,22,"{'android': 'https://bkn.lft.to/lastmile_qr_scan', 'ios': 'https://bkn.lft.to/lastmile_qr_scan'}","['KEY', 'CREDITCARD']",True,classic,4f814d78-5d8d-458b-877e-2ca449b865be,False,[],False
66db75cc-0aca-11e7-82f6-3863bb44ef7c,South St & Gouverneur Ln,4953.04,-74.00670227,40.70355377,71.0,43,"{'android': 'https://bkn.lft.to/lastmile_qr_scan', 'ios': 'https://bkn.lft.to/lastmile_qr_scan'}","['KEY', 'CREDITCARD']",True,classic,66db75cc-0aca-11e7-82f6-3863bb44ef7c,False,[],False
66dd1c7f-0aca-11e7-82f6-3863bb44ef7c,Nassau Ave & Russell St,5581.01,-73.94434,40.72557,71.0,51,"{'android': 'https://bkn.lft.to/lastmile_qr_scan', 'ios': 'https://bkn.lft.to/lastmile_qr_scan'}","['KEY', 'CREDITCARD']",True,classic,66dd1c7f-0aca-11e7-82f6-3863bb44ef7c,False,[],False
c63a83a0-bda1-40a6-835b-f82c363543b9,E 128 St & Madison Ave,7735.23,-73.939182,40.80756,71.0,23,"{'android': 'https://bkn.lft.to/lastmile_qr_scan', 'ios': 'https://bkn.lft.to/lastmile_qr_scan'}","['KEY', 'CREDITCARD']",True,classic,c63a83a0-bda1-40a6-835b-f82c363543b9,False,[],False
66dd4a52-0aca-11e7-82f6-3863bb44ef7c,W 67 St & Broadway,7116.04,-73.98266566,40.77492513,71.0,31,"{'android': 'https://bkn.lft.to/lastmile_qr_scan', 'ios': 'https://bkn.lft.to/lastmile_qr_scan'}","['KEY', 'CREDITCARD']",True,classic,66dd4a52-0aca-11e7-82f6-3863bb44ef7c,False,[],False
499e10ad-c008-461e-8cf7-20757218a9cc,31 Ave & 57 St,6621.06,-73.904726,40.757357,71.0,23,"{'android': 'https://bkn.lft.to/lastmile_qr_scan', 'ios': 'https://bkn.lft.to/lastmile_qr_scan'}","['KEY', 'CREDITCARD']",False,classic,499e10ad-c008-461e-8cf7-20757218a9cc,False,[],False
f833d403-2cf5-424a-a3b3-0314a44b4a67,Clinton St & Cherry St,5190.09,-73.98672603070736,40.711471394469264,71.0,49,"{'android': 'https://bkn.lft.to/lastmile_qr_scan', 'ios': 'https://bkn.lft.to/lastmile_qr_scan'}","['KEY', 'CREDITCARD']",True,classic,f833d403-2cf5-424a-a3b3-0314a44b4a67,False,[],False
1828965347681089818,Turner Pl & Coney Island Ave,3157.08,-73.97073,40.64521,71.0,20,"{'android': 'https://bkn.lft.to/lastmile_qr_scan', 'ios': 'https://bkn.lft.to/lastmile_qr_scan'}","['KEY', 'CREDITCARD']",True,classic,1828965347681089818,False,[],False
29ced315-14b5-4edc-bef2-665316dfe3dd,W 12 St & Hudson St,5997.10,-74.00558933615685,40.73752993301071,71.0,45,"{'android': 'https://bkn.lft.to/lastmile_qr_scan', 'ios': 'https://bkn.lft.to/lastmile_qr_scan'}","['KEY', 'CREDITCARD']",True,classic,29ced315-14b5-4edc-bef2-665316dfe3dd,False,[],False
66db76a1-0aca-11e7-82f6-3863bb44ef7c,E 6 St & Ave B,5584.04,-73.98185424,40.72453734,71.0,95,"{'android': 'https://bkn.lft.to/lastmile_qr_scan', 'ios': 'https://bkn.lft.to/lastmile_qr_scan'}","['KEY', 'CREDITCARD']",True,classic,66db76a1-0aca-11e7-82f6-3863bb44ef7c,False,[],False
2171904223419888148,E Gun Hill Rd & Tryon Ave,8821.07,-73.87697,40.8802,71.0,21,"{'android': 'https://bkn.lft.to/lastmile_qr_scan', 'ios': 'https://bkn.lft.to/lastmile_qr_scan'}","['KEY', 'CREDITCARD']",False,classic,2171904223419888148,False,[],False
d040a7b3-85b5-4c0d-9c92-3f4ad0082143,E 170 St & Sheridan Ave,8194.07,-73.912604,40.838315,71.0,30,"{'android': 'https://bkn.lft.to/lastmile_qr_scan', 'ios': 'https://bkn.lft.to/lastmile_qr_scan'}","['KEY', 'CREDITCARD']",True,classic,d040a7b3-85b5-4c0d-9c92-3f4ad0082143,False,[],False
bfe5e69d-89ff-48b3-bf20-80cbdfa443e0,India St Pier,5794.05,-73.9612390102593,40.731734785883454,71.0,54,"{'android': 'https://bkn.lft.to/lastmile_qr_scan', 'ios': 'https://bkn.lft.to/lastmile_qr_scan'}","['KEY', 'CREDITCARD']",True,classic,bfe5e69d-89ff-48b3-bf20-80cbdfa443e0,False,[],False
dad39e68-53f5-47c2-87e2-b1cc0e34f90f,5 Ave & W 131 St,7735.05,-73.93973,40.81014,71.0,20,"{'android': 'https://bkn.lft.to/lastmile_qr_scan', 'ios': 'https://bkn.lft.to/lastmile_qr_scan'}","['KEY', 'CREDITCARD']",True,classic,dad39e68-53f5-47c2-87e2-b1cc0e34f90f,False,[],False
579e583e-60ab-4f2a-83d0-fabebddfcd0f,Broadway & Ellwood St,8547.04,-73.929719,40.862058,71.0,19,"{'android': 'https://bkn.lft.to/lastmile_qr_scan', 'ios': 'https://bkn.lft.to/lastmile_qr_scan'}","['KEY', 'CREDITCARD']",True,classic,579e583e-60ab-4f2a-83d0-fabebddfcd0f,False,[],False
1888015107269225164,W 54 St & 9 Ave,6920.05,-73.98737,40.76604,71.0,44,"{'android': 'https://bkn.lft.to/lastmile_qr_scan', 'ios': 'https://bkn.lft.to/lastmile_qr_scan'}","['KEY', 'CREDITCARD']",True,classic,1888015107269225164,False,[],False
ca7ec509-cefc-4ac6-b729-08999d191051,Hazen St & 20 Ave,7032.06,-73.895166,40.772092,71.0,23,"{'android': 'https://bkn.lft.to/lastmile_qr_scan', 'ios': 'https://bkn.lft.to/lastmile_qr_scan'}","['KEY', 'CREDITCARD']",True,classic,ca7ec509-cefc-4ac6-b729-08999d191051,False,[],False
2171903608969565866,Jerome Ave & E Mosholu Pkwy N,8824.02,-73.88426,40.88031,71.0,20,"{'android': 'https://bkn.lft.to/lastmile_qr_scan', 'ios': 'https://bkn.lft.to/lastmile_qr_scan'}","['KEY', 'CREDITCARD']",False,classic,2171903608969565866,False,[],False
66dc3ab9-0aca-11e7-82f6-3863bb44ef7c,Rivington St & Chrystie St,5453.01,-73.9919254,40.72110063,71.0,64,"{'android': 'https://bkn.lft.to/lastmile_qr_scan', 'ios': 'https://bkn.lft.to/lastmile_qr_scan'}","['KEY', 'CREDITCARD']",True,classic,66dc3ab9-0aca-11e7-82f6-3863bb44ef7c,False,[],False
66de2199-0aca-11e7-82f6-3863bb44ef7c,5 Ave & 3 St,3987.06,-73.98352355,40.6728155,71.0,30,"{'android': 'https://bkn.lft.to/lastmile_qr_scan', 'ios': 'https://bkn.lft.to/lastmile_qr_scan'}","['KEY', 'CREDITCARD']",True,classic,66de2199-0aca-11e7-82f6-3863bb44ef7c,False,[],False
66dea7b5-0aca-11e7-82f6-3863bb44ef7c,E 53 St & 3 Ave,6617.02,-73.96930575370789,40.75763227739443,71.0,41,"{'android': 'https://bkn.lft.to/lastmile_qr_scan', 'ios': 'https://bkn.lft.to/lastmile_qr_scan'}","['KEY', 'CREDITCARD']",True,classic,66dea7b5-0aca-11e7-82f6-3863bb44ef7c,False,[],False
a4d041fd-c5fa-4f52-800c-25d7a661a875,E 138 St & 5 Ave,7809.13,-73.936153,40.81449,71.0,22,"{'android': 'https://bkn.lft.to/lastmile_qr_scan', 'ios': 'https://bkn.lft.to/lastmile_qr_scan'}","['KEY', 'CREDITCARD']",True,classic,a4d041fd-c5fa-4f52-800c-25d7a661a875,False,[],False
2124036994734951288,Shore Rd & 86 St,2472.02,-74.04079,40.62561,71.0,12,"{'android': 'https://bkn.lft.to/lastmile_qr_scan', 'ios': 'https://bkn.lft.to/lastmile_qr_scan'}","['KEY', 'CREDITCARD']",False,classic,2124036994734951288,False,[],False
2206782424530885178,Queens Blvd N & 78 Ave,5355.06,-73.83226,40.71532,71.0,24,"{'android': 'https://bkn.lft.to/lastmile_qr_scan', 'ios': 'https://bkn.lft.to/lastmile_qr_scan'}","['KEY', 'CREDITCARD']",False,classic,2206782424530885178,False,[],False
e85c3165-ad0a-44a3-9683-d8cf7575f465,Caton Ave & E 10 St,3230.01,-73.97058,40.648481,71.0,30,"{'android': 'https://bkn.lft.to/lastmile_qr_scan', 'ios': 'https://bkn.lft.to/lastmile_qr_scan'}","['KEY', 'CREDITCARD']",True,classic,e85c3165-ad0a-44a3-9683-d8cf7575f465,False,[],False
2235289255286232036,Rockaway Pkwy & Winthrop St,3663.01,-73.92174,40.66274,71.0,18,"{'android': 'https://bkn.lft.to/lastmile_qr_scan', 'ios': 'https://bkn.lft.to/lastmile_qr_scan'}","['KEY', 'CREDITCARD']",False,classic,2235289255286232036,False,[],False
7aa86431-bbc5-4d9c-8198-9630c9d32a22,Chester Ave & 12 Ave,3135.04,-73.984276,40.644367,71.0,21,"{'android': 'https://bkn.lft.to/lastmile_qr_scan', 'ios': 'https://bkn.lft.to/lastmile_qr_scan'}","['KEY', 'CREDITCARD']",True,classic,7aa86431-bbc5-4d9c-8198-9630c9d32a22,False,[],False
66dc81ce-0aca-11e7-82f6-3863bb44ef7c,E 51 St & Lexington Ave,6659.01,-73.97207836,40.75714758,71.0,75,"{'android': 'https://bkn.lft.to/lastmile_qr_scan', 'ios': 'https://bkn.lft.to/lastmile_qr_scan'}","['KEY', 'CREDITCARD']",True,classic,66dc81ce-0aca-11e7-82f6-3863bb44ef7c,False,[],False
2637fed8-1e2a-460b-83eb-3eb32ace0f4e,E 35 St & Madison Ave,6398.08,-73.98255586624146,40.74848023448579,71.0,50,"{'android': 'https://bkn.lft.to/lastmile_qr_scan', 'ios': 'https://bkn.lft.to/lastmile_qr_scan'}","['KEY', 'CREDITCARD']",True,classic,2637fed8-1e2a-460b-83eb-3eb32ace0f4e,False,[],False
633fbc4c-7617-47ba-a393-aad7a8d26a3e,Van Brunt St & Van Dyke St,4095.10,-74.01472628116608,40.6758329439129,71.0,24,"{'android': 'https://bkn.lft.to/lastmile_qr_scan', 'ios': 'https://bkn.lft.to/lastmile_qr_scan'}","['KEY', 'CREDITCARD']",True,classic,633fbc4c-7617-47ba-a393-aad7a8d26a3e,False,[],False
c4e9905f-457b-4be0-a878-2aa53fa0b09b,Hart St & Wyckoff Ave,4971.01,-73.919911,40.704876,71.0,24,"{'android': 'https://bkn.lft.to/lastmile_qr_scan', 'ios': 'https://bkn.lft.to/lastmile_qr_scan'}","['KEY', 'CREDITCARD']",True,classic,c4e9905f-457b-4be0-a878-2aa53fa0b09b,False,[],False
f5393bc2-36d4-4508-bf51-fa48d121f751,61 St & Queens Blvd,6116.03,-73.90273,40.74091,71.0,27,"{'android': 'https://bkn.lft.to/lastmile_qr_scan', 'ios': 'https://bkn.lft.to/lastmile_qr_scan'}","['KEY', 'CREDITCARD']",True,classic,f5393bc2-36d4-4508-bf51-fa48d121f751,False,[],False
66dd4d70-0aca-11e7-82f6-3863bb44ef7c,Riverside Dr & W 72 St,7288.04,-73.98562431335449,40.78057799010334,71.0,41,"{'android': 'https://bkn.lft.to/lastmile_qr_scan', 'ios': 'https://bkn.lft.to/lastmile_qr_scan'}","['KEY', 'CREDITCARD']",True,classic,66dd4d70-0aca-11e7-82f6-3863bb44ef7c,False,[],False
66de1516-0aca-11e7-82f6-3863bb44ef7c,Coffey St & Conover St,4137.10,-74.015665,40.677236,71.0,31,"{'android': 'https://bkn.lft.to/lastmile_qr_scan', 'ios': 'https://bkn.lft.to/lastmile_qr_scan'}","['KEY', 'CREDITCARD']",True,classic,66de1516-0aca-11e7-82f6-3863bb44ef7c,False,[],False
d265dbc7-ef55-4f5b-8a2b-f2015dc71fb8,Crescent St & 35 Ave,6688.01,-73.9321455,40.7596276,71.0,25,"{'android': 'https://bkn.lft.to/lastmile_qr_scan', 'ios': 'https://bkn.lft.to/lastmile_qr_scan'}","['KEY', 'CREDITCARD']",True,classic,d265dbc7-ef55-4f5b-8a2b-f2015dc71fb8,False,[],False
66dd01c5-0aca-11e7-82f6-3863bb44ef7c,Berry St & N 8 St,5379.09,-73.95852515,40.7190095,71.0,27,"{'android': 'https://bkn.lft.to/lastmile_qr_scan', 'ios': 'https://bkn.lft.to/lastmile_qr_scan'}","['KEY', 'CREDITCARD']",True,classic,66dd01c5-0aca-11e7-82f6-3863bb44ef7c,False,[],False
66de2274-0aca-11e7-82f6-3863bb44ef7c,E 78 St & 2 Ave,7057.07,-73.95577801,40.7727966,71.0,25,"{'android': 'https://bkn.lft.to/lastmile_qr_scan', 'ios': 'https://bkn.lft.to/lastmile_qr_scan'}","['KEY', 'CREDITCARD']",True,classic,66de2274-0aca-11e7-82f6-3863bb44ef7c,False,[],False
1859438049977968878,Broadway & W 157 St,8123.06,-73.94510813442648,40.83402740143528,71.0,31,"{'android': 'https://bkn.lft.to/lastmile_qr_scan', 'ios': 'https://bkn.lft.to/lastmile_qr_scan'}","['KEY', 'CREDITCARD']",True,classic,1859438049977968878,False,[],False
0de1f95f-8b1b-4e5e-9eff-73c63265b0ab,35 St & 30 Ave,6887.03,-73.91811579465866,40.76547569244953,71.0,29,"{'android': 'https://bkn.lft.to/lastmile_qr_scan', 'ios': 'https://bkn.lft.to/lastmile_qr_scan'}","['KEY', 'CREDITCARD']",True,classic,0de1f95f-8b1b-4e5e-9eff-73c63265b0ab,False,[],False
9394fb49-583f-4426-8d2f-a2b0ffb584d2,Stanton St & Norfolk St,5445.07,-73.986274,40.720747,71.0,49,"{'android': 'https://bkn.lft.to/lastmile_qr_scan', 'ios': 'https://bkn.lft.to/lastmile_qr_scan'}","['KEY', 'CREDITCARD']",True,classic,9394fb49-583f-4426-8d2f-a2b0ffb584d2,False,[],False
1960019951675478680,W 90 St & Amsterdam Ave,7458.09,-73.97289,40.79018,71.0,34,"{'android': 'https://bkn.lft.to/lastmile_qr_scan', 'ios': 'https://bkn.lft.to/lastmile_qr_scan'}","['KEY', 'CREDITCARD']",True,classic,1960019951675478680,False,[],False
ca5cc034-a95d-446e-8314-6691589886b1,60 Ave & Fresh Pond Rd,5321.08,-73.90198,40.71693,71.0,19,"{'android': 'https://bkn.lft.to/lastmile_qr_scan', 'ios': 'https://bkn.lft.to/lastmile_qr_scan'}","['KEY', 'CREDITCARD']",True,classic,ca5cc034-a95d-446e-8314-6691589886b1,False,[],False
faf98f78-51ab-4248-b7e7-f402902385a6,65 St & Broadway,6417.11,-73.89738768339157,40.7493722738996,71.0,18,"{'android': 'https://bkn.lft.to/lastmile_qr_scan', 'ios': 'https://bkn.lft.to/lastmile_qr_scan'}","['KEY', 'CREDITCARD']",True,classic,faf98f78-51ab-4248-b7e7-f402902385a6,False,[],False
66de1ea2-0aca-11e7-82f6-3863bb44ef7c,Carroll St & 6 Ave,4019.06,-73.9787282,40.6740886,71.0,23,"{'android': 'https://bkn.lft.to/lastmile_qr_scan', 'ios': 'https://bkn.lft.to/lastmile_qr_scan'}","['KEY', 'CREDITCARD']",True,classic,66de1ea2-0aca-11e7-82f6-3863bb44ef7c,False,[],False
19d17911-1e4a-41fa-b62b-719aa0a6182e,6 Ave & Walker St,5430.10,-74.0052238852195,40.7197920901383,71.0,39,"{'android': 'https://bkn.lft.to/lastmile_qr_scan', 'ios': 'https://bkn.lft.to/lastmile_qr_scan'}","['KEY', 'CREDITCARD']",True,classic,19d17911-1e4a-41fa-b62b-719aa0a6182e,False,[],False
1096fc76-794e-4343-8eb0-0dd6c9a48266,E 201 St & Briggs Ave,8717.07,-73.88459,40.87207,71.0,19,"{'android': 'https://bkn.lft.to/lastmile_qr_scan', 'ios': 'https://bkn.lft.to/lastmile_qr_scan'}","['KEY', 'CREDITCARD']",True,classic,1096fc76-794e-4343-8eb0-0dd6c9a48266,False,[],False
f34ea09d-32f9-492c-9124-99059bc0b5dd,Steinway St & 19 Ave,7220.01,-73.899558,40.778089,71.0,21,"{'android': 'https://bkn.lft.to/lastmile_qr_scan', 'ios': 'https://bkn.lft.to/lastmile_qr_scan'}","['KEY', 'CREDITCARD']",True,classic,f34ea09d-32f9-492c-9124-99059bc0b5dd,False,[],False
b96507c5-7c90-499d-9c45-58f25d6f636a,Shakespeare Ave & W 169 St,8198.05,-73.922423,40.839312,71.0,20,"{'android': 'https://bkn.lft.to/lastmile_qr_scan', 'ios': 'https://bkn.lft.to/lastmile_qr_scan'}","['KEY', 'CREDITCARD']",True,classic,b96507c5-7c90-499d-9c45-58f25d6f636a,False,[],False
fbaffdbd-dab5-4127-9bd5-36bf58093ea8,9 Ave & W 204 St,8559.04,-73.91855701804161,40.86169883507865,71.0,24,"{'android': 'https://bkn.lft.to/lastmile_qr_scan', 'ios': 'https://bkn.lft.to/lastmile_qr_scan'}","['KEY', 'CREDITCARD']",True,classic,fbaffdbd-dab5-4127-9bd5-36bf58093ea8,False,[],False
566a6389-5c22-49ca-8c24-4d9eea135170,55 St & 5 Ave,3050.03,-74.013318,40.642408,71.0,28,"{'android': 'https://bkn.lft.to/lastmile_qr_scan', 'ios': 'https://bkn.lft.to/lastmile_qr_scan'}","['KEY', 'CREDITCARD']",True,classic,566a6389-5c22-49ca-8c24-4d9eea135170,False,[],False
b9720921-8170-43ea-a5ae-b61b9161eb49,5 Ave & E 87 St,7323.09,-73.95987510681152,40.78232260730881,71.0,39,"{'android': 'https://bkn.lft.to/lastmile_qr_scan', 'ios': 'https://bkn.lft.to/lastmile_qr_scan'}","['KEY', 'CREDITCARD']",True,classic,b9720921-8170-43ea-a5ae-b61b9161eb49,False,[],False
1950648049868542106,Bainbridge Ave & E 193 St,8582.10,-73.892452880543,40.86415477605928,71.0,27,"{'android': 'https://bkn.lft.to/lastmile_qr_scan', 'ios': 'https://bkn.lft.to/lastmile_qr_scan'}","['KEY', 'CREDITCARD']",True,classic,1950648049868542106,False,[],False
2177016940364559212,David Sheridan Plaza & Broadway,9074.06,-73.89663,40.90501,71.0,16,"{'android': 'https://bkn.lft.to/lastmile_qr_scan', 'ios': 'https://bkn.lft.to/lastmile_qr_scan'}","['KEY', 'CREDITCARD']",False,classic,2177016940364559212,False,[],False
1880643645302280466,Washington Ave & Park Pl,4116.09,-73.963308,40.675832,71.0,33,"{'android': 'https://bkn.lft.to/lastmile_qr_scan', 'ios': 'https://bkn.lft.to/lastmile_qr_scan'}","['KEY', 'CREDITCARD']",True,classic,1880643645302280466,False,[],False
1859808514684217788,National St & 45 Ave,6264.06,-73.86433,40.74582,71.0,22,"{'android': 'https://bkn.lft.to/lastmile_qr_scan', 'ios': 'https://bkn.lft.to/lastmile_qr_scan'}","['KEY', 'CREDITCARD']",True,classic,1859808514684217788,False,[],False
f62526d4-9c6a-4c76-be76-c64b5be669d2,Steinway St & Ditmars Blvd,7074.01,-73.906127,40.772717,71.0,21,"{'android': 'https://bkn.lft.to/lastmile_qr_scan', 'ios': 'https://bkn.lft.to/lastmile_qr_scan'}","['KEY', 'CREDITCARD']",True,classic,f62526d4-9c6a-4c76-be76-c64b5be669d2,False,[],False
81bec993-29a5-4e70-8f60-eecdf16c7be4,Railroad Ave & Kay Ave,4990.02,-73.97078096866608,40.70514807698391,71.0,30,"{'android': 'https://bkn.lft.to/lastmile_qr_scan', 'ios': 'https://bkn.lft.to/lastmile_qr_scan'}","['KEY', 'CREDITCARD']",True,classic,81bec993-29a5-4e70-8f60-eecdf16c7be4,False,[],False
84a7baff-415b-4ab9-a859-74c2801483ce,Devoe St & Morgan Ave,5282.02,-73.93515,40.713811,71.0,19,"{'android': 'https://bkn.lft.to/lastmile_qr_scan', 'ios': 'https://bkn.lft.to/lastmile_qr_scan'}","['KEY', 'CREDITCARD']",True,classic,84a7baff-415b-4ab9-a859-74c2801483ce,False,[],False
26cae473-0e59-4af7-bad5-bb6fec85c8bc,Madison St & Seneca Ave,4880.11,-73.90625,40.70183,71.0,22,"{'android': 'https://bkn.lft.to/lastmile_qr_scan', 'ios': 'https://bkn.lft.to/lastmile_qr_scan'}","['KEY', 'CREDITCARD']",True,classic,26cae473-0e59-4af7-bad5-bb6fec85c8bc,False,[],False
66dc2c78-0aca-11e7-82f6-3863bb44ef7c,Broadway & W 53 St,6779.05,-73.98268129,40.76344058,71.0,85,"{'android': 'https://bkn.lft.to/lastmile_qr_scan', 'ios': 'https://bkn.lft.to/lastmile_qr_scan'}","['KEY', 'CREDITCARD']",True,classic,66dc2c78-0aca-11e7-82f6-3863bb44ef7c,False,[],False
2235287757793011418,Utica Ave & E New York Ave,3671.02,-73.93141,40.66304,71.0,16,"{'android': 'https://bkn.lft.to/lastmile_qr_scan', 'ios': 'https://bkn.lft.to/lastmile_qr_scan'}","['KEY', 'CREDITCARD']",False,classic,2235287757793011418,False,[],False
96e72113-3681-4d19-88bb-032e76720093,W 35 St & 8 Ave,6526.01,-73.99280458705107,40.752762088742045,71.0,45,"{'android': 'https://bkn.lft.to/lastmile_qr_scan', 'ios': 'https://bkn.lft.to/lastmile_qr_scan'}","['KEY', 'CREDITCARD']",True,classic,96e72113-3681-4d19-88bb-032e76720093,False,[],False
f523c481-ba41-44ba-96e1-0c431fbea558,34 St & 48 Ave,6110.01,-73.93147185444832,40.740821207823245,71.0,25,"{'android': 'https://bkn.lft.to/lastmile_qr_scan', 'ios': 'https://bkn.lft.to/lastmile_qr_scan'}","['KEY', 'CREDITCARD']",True,classic,f523c481-ba41-44ba-96e1-0c431fbea558,False,[],False
1869743938848725856,9 Ave & W 33 St,6492.08,-73.996765,40.752568,71.0,94,"{'android': 'https://bkn.lft.to/lastmile_qr_scan', 'ios': 'https://bkn.lft.to/lastmile_qr_scan'}","['KEY', 'CREDITCARD']",True,classic,1869743938848725856,False,"[{'id': '1869743938848725856', 'service_type': 'ATTENDED_SERVICE', 'docks_availability': 'UNLIMITED', 'bikes_availability': 'UNLIMITED', 'off_dock_bikes_count': 137, 'off_dock_remaining_bike_capacity': 4294967279, 'name': 'Valet Service', 'description': ''}]",False
645e4365-653f-48ce-bc15-5fcc287be56f,E 7 St & Ave B,5584.05,-73.98131668567657,40.7251285241158,71.0,69,"{'android': 'https://bkn.lft.to/lastmile_qr_scan', 'ios': 'https://bkn.lft.to/lastmile_qr_scan'}","['KEY', 'CREDITCARD']",True,classic,645e4365-653f-48ce-bc15-5fcc287be56f,False,[],False
98ebf9c6-1d94-4e21-9007-c623875fdb5e,E 144 St & Brook Ave,7777.02,-73.917037,40.811675,71.0,19,"{'android': 'https://bkn.lft.to/lastmile_qr_scan', 'ios': 'https://bkn.lft.to/lastmile_qr_scan'}","['KEY', 'CREDITCARD']",True,classic,98ebf9c6-1d94-4e21-9007-c623875fdb5e,False,[],False
f8c242cd-da59-4f0e-afd6-832bbdd7d328,W 211 St & 10 Ave,8647.10,-73.9172950387001,40.86709406268147,71.0,20,"{'android': 'https://bkn.lft.to/lastmile_qr_scan', 'ios': 'https://bkn.lft.to/lastmile_qr_scan'}","['KEY', 'CREDITCARD']",True,classic,f8c242cd-da59-4f0e-afd6-832bbdd7d328,False,[],False
2235290248874043146,Linden Blvd & E 91 St,3437.03,-73.9208,40.6546,71.0,12,"{'android': 'https://bkn.lft.to/lastmile_qr_scan', 'ios': 'https://bkn.lft.to/lastmile_qr_scan'}","['KEY', 'CREDITCARD']",False,classic,2235290248874043146,False,[],False
372c592e-09d8-400c-9595-2aa3510f39b0,Central Ave & Himrod St,4713.01,-73.92302,40.69676,71.0,25,"{'android': 'https://bkn.lft.to/lastmile_qr_scan', 'ios': 'https://bkn.lft.to/lastmile_qr_scan'}","['KEY', 'CREDITCARD']",True,classic,372c592e-09d8-400c-9595-2aa3510f39b0,False,[],False
5f63411c-91ce-4788-a567-d388cc812a15,Lexington Ave & E 127 St,7662.13,-73.936322,40.805726,71.0,33,"{'android': 'https://bkn.lft.to/lastmile_qr_scan', 'ios': 'https://bkn.lft.to/lastmile_qr_scan'}","['KEY', 'CREDITCARD']",True,classic,5f63411c-91ce-4788-a567-d388cc812a15,False,[],False
24509e46-a0de-47e8-ba40-9441da68952a,Fort Washington Ave & W 190 St,8496.01,-73.935662,40.856906,71.0,19,"{'android': 'https://bkn.lft.to/lastmile_qr_scan', 'ios': 'https://bkn.lft.to/lastmile_qr_scan'}","['KEY', 'CREDITCARD']",True,classic,24509e46-a0de-47e8-ba40-9441da68952a,False,[],False
1835618878584115330,3 Ave & E 109 St,7504.19,-73.94329,40.79338,71.0,25,"{'android': 'https://bkn.lft.to/lastmile_qr_scan', 'ios': 'https://bkn.lft.to/lastmile_qr_scan'}","['KEY', 'CREDITCARD']",True,classic,1835618878584115330,False,[],False
8d650b03-920d-4d44-a48f-8d9a1a0ba264,W 190 St & Broadway,8474.02,-73.93296986818314,40.85648733523576,71.0,21,"{'android': 'https://bkn.lft.to/lastmile_qr_scan', 'ios': 'https://bkn.lft.to/lastmile_qr_scan'}","['KEY', 'CREDITCARD']",True,classic,8d650b03-920d-4d44-a48f-8d9a1a0ba264,False,[],False
6fb81fda-f0b5-4242-90f9-88d0214feb8d,Sedgwick Ave & W Tremont Ave,8428.05,-73.91830623149872,40.85304455868985,71.0,19,"{'android': 'https://bkn.lft.to/lastmile_qr_scan', 'ios': 'https://bkn.lft.to/lastmile_qr_scan'}","['KEY', 'CREDITCARD']",True,classic,6fb81fda-f0b5-4242-90f9-88d0214feb8d,False,[],False
2206779404135604698,70 Rd & 112 St,5543.05,-73.83959,40.72371,71.0,19,"{'android': 'https://bkn.lft.to/lastmile_qr_scan', 'ios': 'https://bkn.lft.to/lastmile_qr_scan'}","['KEY', 'CREDITCARD']",False,classic,2206779404135604698,False,[],False
1851674198082642572,Corona Ave & 111 St,6053.01,-73.84978,40.7408,71.0,22,"{'android': 'https://bkn.lft.to/lastmile_qr_scan', 'ios': 'https://bkn.lft.to/lastmile_qr_scan'}","['KEY', 'CREDITCARD']",True,classic,1851674198082642572,False,[],False
2250950615627071938,Blake Ave & Schenck Ave,3883.06,-73.88738,40.669,71.0,16,"{'android': 'https://bkn.lft.to/lastmile_qr_scan', 'ios': 'https://bkn.lft.to/lastmile_qr_scan'}","['KEY', 'CREDITCARD']",False,classic,2250950615627071938,False,[],False
d18512f9-52c8-4175-92b9-b6258dc30748,Park Pl & Buffalo Ave,3999.06,-73.92539,40.67202,71.0,20,"{'android': 'https://bkn.lft.to/lastmile_qr_scan', 'ios': 'https://bkn.lft.to/lastmile_qr_scan'}","['KEY', 'CREDITCARD']",True,classic,d18512f9-52c8-4175-92b9-b6258dc30748,False,[],False
1860189650739626488,E 188 St & Hughes Ave,8485.01,-73.88625,40.8561,71.0,21,"{'android': 'https://bkn.lft.to/lastmile_qr_scan', 'ios': 'https://bkn.lft.to/lastmile_qr_scan'}","['KEY', 'CREDITCARD']",True,classic,1860189650739626488,False,[],False
fda18503-7488-4b91-b74c-949a90401e83,39 St & 50 Ave,6025.08,-73.92737478017807,40.73824937345944,71.0,19,"{'android': 'https://bkn.lft.to/lastmile_qr_scan', 'ios': 'https://bkn.lft.to/lastmile_qr_scan'}","['KEY', 'CREDITCARD']",True,classic,fda18503-7488-4b91-b74c-949a90401e83,False,[],False
528ed1e0-75aa-45be-8afe-c3f1c950782f,Grand Ave & 58 Ave,5471.04,-73.90701,40.72098,71.0,20,"{'android': 'https://bkn.lft.to/lastmile_qr_scan', 'ios': 'https://bkn.lft.to/lastmile_qr_scan'}","['KEY', 'CREDITCARD']",True,classic,528ed1e0-75aa-45be-8afe-c3f1c950782f,False,[],False
55a4dc76-d839-4e06-9bf4-2f343391343c,Woodward Ave & Harman St,5074.08,-73.91092,40.70793,71.0,19,"{'android': 'https://bkn.lft.to/lastmile_qr_scan', 'ios': 'https://bkn.lft.to/lastmile_qr_scan'}","['KEY', 'CREDITCARD']",True,classic,55a4dc76-d839-4e06-9bf4-2f343391343c,False,[],False
f9ed9a6b-097e-48b9-a9d1-79d084dcd2d9,Anthony Ave & E 175 St,8319.01,-73.903869,40.846465,71.0,19,"{'android': 'https://bkn.lft.to/lastmile_qr_scan', 'ios': 'https://bkn.lft.to/lastmile_qr_scan'}","['KEY', 'CREDITCARD']",True,classic,f9ed9a6b-097e-48b9-a9d1-79d084dcd2d9,False,[],False
6e5a8cab-cf1a-4584-8133-01835b56ad71,River Ave & E 153 St,8005.08,-73.92818,40.82441,71.0,27,"{'android': 'https://bkn.lft.to/lastmile_qr_scan', 'ios': 'https://bkn.lft.to/lastmile_qr_scan'}","['KEY', 'CREDITCARD']",True,classic,6e5a8cab-cf1a-4584-8133-01835b56ad71,False,[],False
66dd217d-0aca-11e7-82f6-3863bb44ef7c,Franklin St & Dupont St,5944.01,-73.95866,40.73564,71.0,27,"{'android': 'https://bkn.lft.to/lastmile_qr_scan', 'ios': 'https://bkn.lft.to/lastmile_qr_scan'}","['KEY', 'CREDITCARD']",True,classic,66dd217d-0aca-11e7-82f6-3863bb44ef7c,False,[],False
09dfc0e3-a448-477c-bb3c-9467dc51ef8d,W 15 St & 6 Ave,5989.02,-73.99642959237099,40.738046142482766,71.0,75,"{'android': 'https://bkn.lft.to/lastmile_qr_scan', 'ios': 'https://bkn.lft.to/lastmile_qr_scan'}","['KEY', 'CREDITCARD']",True,classic,09dfc0e3-a448-477c-bb3c-9467dc51ef8d,False,[],False
912813fc-fde4-4430-8443-a4fa21477e7f,Broadway & W 165 St,8191.01,-73.941409,40.839137,71.0,24,"{'android': 'https://bkn.lft.to/lastmile_qr_scan', 'ios': 'https://bkn.lft.to/lastmile_qr_scan'}","['KEY', 'CREDITCARD']",True,classic,912813fc-fde4-4430-8443-a4fa21477e7f,False,[],False
d89dc10f-9be3-45a5-9c3c-06c04c963436,Flushing Ave & Woodward Ave,5225.02,-73.91873,40.71246,71.0,21,"{'android': 'https://bkn.lft.to/lastmile_qr_scan', 'ios': 'https://bkn.lft.to/lastmile_qr_scan'}","['KEY', 'CREDITCARD']",True,classic,d89dc10f-9be3-45a5-9c3c-06c04c963436,False,[],False
66db4549-0aca-11e7-82f6-3863bb44ef7c,Washington Park,4546.05,-73.9737299,40.6917823,71.0,24,"{'android': 'https://bkn.lft.to/lastmile_qr_scan', 'ios': 'https://bkn.lft.to/lastmile_qr_scan'}","['KEY', 'CREDITCARD']",True,classic,66db4549-0aca-11e7-82f6-3863bb44ef7c,False,[],False
2126622241630343402,4 Ave & 76 St,2578.17,-74.0255,40.63005,71.0,23,"{'android': 'https://bkn.lft.to/lastmile_qr_scan', 'ios': 'https://bkn.lft.to/lastmile_qr_scan'}","['KEY', 'CREDITCARD']",False,classic,2126622241630343402,False,[],False
493850bd-125b-49f5-932b-bf999504fb06,Cauldwell Ave & E 161 St,7952.02,-73.907521,40.82188,71.0,18,"{'android': 'https://bkn.lft.to/lastmile_qr_scan', 'ios': 'https://bkn.lft.to/lastmile_qr_scan'}","['KEY', 'CREDITCARD']",True,classic,493850bd-125b-49f5-932b-bf999504fb06,False,[],False
66dce9b5-0aca-11e7-82f6-3863bb44ef7c,Division Ave & Marcy Ave,5084.03,-73.95796783,40.70708701,71.0,33,"{'android': 'https://bkn.lft.to/lastmile_qr_scan', 'ios': 'https://bkn.lft.to/lastmile_qr_scan'}","['KEY', 'CREDITCARD']",True,classic,66dce9b5-0aca-11e7-82f6-3863bb44ef7c,False,[],False
66dced76-0aca-11e7-82f6-3863bb44ef7c,Broadway & Roebling St,5125.07,-73.96063148975372,40.70924826276157,71.0,27,"{'android': 'https://bkn.lft.to/lastmile_qr_scan', 'ios': 'https://bkn.lft.to/lastmile_qr_scan'}","['KEY', 'CREDITCARD']",True,classic,66dced76-0aca-11e7-82f6-3863bb44ef7c,False,[],False
816e50eb-dc4b-47dc-b773-154e2020cb0d,52 St & 6 Ave,3084.05,-74.009441,40.642703,71.0,19,"{'android': 'https://bkn.lft.to/lastmile_qr_scan', 'ios': 'https://bkn.lft.to/lastmile_qr_scan'}","['KEY', 'CREDITCARD']",True,classic,816e50eb-dc4b-47dc-b773-154e2020cb0d,False,[],False
2250952630016597152,Bradford St & Dumont Ave,3812.06,-73.89068,40.66697,71.0,16,"{'android': 'https://bkn.lft.to/lastmile_qr_scan', 'ios': 'https://bkn.lft.to/lastmile_qr_scan'}","['KEY', 'CREDITCARD']",False,classic,2250952630016597152,False,[],False
2235294316208072496,Riverdale Ave & Osborn St,3646.04,-73.90688,40.66122,71.0,16,"{'android': 'https://bkn.lft.to/lastmile_qr_scan', 'ios': 'https://bkn.lft.to/lastmile_qr_scan'}","['KEY', 'CREDITCARD']",False,classic,2235294316208072496,False,[],False
66dde76a-0aca-11e7-82f6-3863bb44ef7c,E 98 St & Park Ave,7443.17,-73.95206,40.78813,71.0,25,"{'android': 'https://bkn.lft.to/lastmile_qr_scan', 'ios': 'https://bkn.lft.to/lastmile_qr_scan'}","['KEY', 'CREDITCARD']",True,classic,66dde76a-0aca-11e7-82f6-3863bb44ef7c,False,[],False
0bd9bd58-42e6-4680-9d19-83943372221f,6 Ave & 60 St,2912.08,-74.013821,40.638196,71.0,22,"{'android': 'https://bkn.lft.to/lastmile_qr_scan', 'ios': 'https://bkn.lft.to/lastmile_qr_scan'}","['KEY', 'CREDITCARD']",True,classic,0bd9bd58-42e6-4680-9d19-83943372221f,False,[],False
0fde06c2-632c-46a9-8866-f4e855604f74,Broadway & W 38 St,6560.15,-73.98734897375107,40.7529728216068,71.0,68,"{'android': 'https://bkn.lft.to/lastmile_qr_scan', 'ios': 'https://bkn.lft.to/lastmile_qr_scan'}","['KEY', 'CREDITCARD']",True,classic,0fde06c2-632c-46a9-8866-f4e855604f74,False,[],False
f3782e27-c49a-4ee9-b188-0c13cad54688,E 138 St & Park Ave,7803.02,-73.92924964427948,40.81263616769319,71.0,21,"{'android': 'https://bkn.lft.to/lastmile_qr_scan', 'ios': 'https://bkn.lft.to/lastmile_qr_scan'}","['KEY', 'CREDITCARD']",True,classic,f3782e27-c49a-4ee9-b188-0c13cad54688,False,[],False
7a1ad7c0-4958-4354-91a1-11bf13348abd,56 Dr & 59 St,5579.02,-73.90853,40.72403,71.0,19,"{'android': 'https://bkn.lft.to/lastmile_qr_scan', 'ios': 'https://bkn.lft.to/lastmile_qr_scan'}","['KEY', 'CREDITCARD']",True,classic,7a1ad7c0-4958-4354-91a1-11bf13348abd,False,[],False
ff745407-c087-4c0d-a965-98baf078f292,63 St & 59 Dr,5392.04,-73.90128,40.71832,71.0,23,"{'android': 'https://bkn.lft.to/lastmile_qr_scan', 'ios': 'https://bkn.lft.to/lastmile_qr_scan'}","['KEY', 'CREDITCARD']",True,classic,ff745407-c087-4c0d-a965-98baf078f292,False,[],False
c7604869-5b55-40cf-812e-fc97901bdf14,Kent Ave & Division Ave,5021.05,-73.9683187007904,40.706563674670925,71.0,44,"{'android': 'https://bkn.lft.to/lastmile_qr_scan', 'ios': 'https://bkn.lft.to/lastmile_qr_scan'}","['KEY', 'CREDITCARD']",True,classic,c7604869-5b55-40cf-812e-fc97901bdf14,False,[],False
ef6216aa-d3c8-46bb-8c6b-b62f8ba51b16,Van Sinderen Ave & Truxton St,4161.01,-73.90369,40.6786,71.0,23,"{'android': 'https://bkn.lft.to/lastmile_qr_scan', 'ios': 'https://bkn.lft.to/lastmile_qr_scan'}","['KEY', 'CREDITCARD']",True,classic,ef6216aa-d3c8-46bb-8c6b-b62f8ba51b16,False,[],False
b4b5824b-3c23-44b7-92a3-cec6a54583a0,Morris Ave & E 171 St,8209.01,-73.9109,40.83899,71.0,21,"{'android': 'https://bkn.lft.to/lastmile_qr_scan', 'ios': 'https://bkn.lft.to/lastmile_qr_scan'}","['KEY', 'CREDITCARD']",True,classic,b4b5824b-3c23-44b7-92a3-cec6a54583a0,False,[],False
cc5f0e68-dd5f-4db1-81c7-04a4d6674fba,Goble Pl & Macombs Rd,8269.01,-73.917256,40.844075,71.0,19,"{'android': 'https://bkn.lft.to/lastmile_qr_scan', 'ios': 'https://bkn.lft.to/lastmile_qr_scan'}","['KEY', 'CREDITCARD']",True,classic,cc5f0e68-dd5f-4db1-81c7-04a4d6674fba,False,[],False
66dcc37f-0aca-11e7-82f6-3863bb44ef7c,Greene Ave & Nostrand Ave,4519.02,-73.950916,40.6883337,71.0,23,"{'android': 'https://bkn.lft.to/lastmile_qr_scan', 'ios': 'https://bkn.lft.to/lastmile_qr_scan'}","['KEY', 'CREDITCARD']",True,classic,66dcc37f-0aca-11e7-82f6-3863bb44ef7c,False,[],False
eb07bdfc-3a6f-40eb-96d2-0b92ac371619,Eastern Pkwy & Brooklyn Ave,3871.02,-73.94514,40.66939,71.0,21,"{'android': 'https://bkn.lft.to/lastmile_qr_scan', 'ios': 'https://bkn.lft.to/lastmile_qr_scan'}","['KEY', 'CREDITCARD']",True,classic,eb07bdfc-3a6f-40eb-96d2-0b92ac371619,False,[],False
2235288981858690806,Lenox Rd & Remsen Ave,3478.04,-73.92342,40.65611,71.0,18,"{'android': 'https://bkn.lft.to/lastmile_qr_scan', 'ios': 'https://bkn.lft.to/lastmile_qr_scan'}","['KEY', 'CREDITCARD']",False,classic,2235288981858690806,False,[],False
bc5235a5-7f10-4a27-806e-9c25fa700959,Broadway & Moylan Pl,7823.03,-73.9590255,40.8143256,71.0,41,"{'android': 'https://bkn.lft.to/lastmile_qr_scan', 'ios': 'https://bkn.lft.to/lastmile_qr_scan'}","['KEY', 'CREDITCARD']",True,classic,bc5235a5-7f10-4a27-806e-9c25fa700959,False,[],False
b35ba3c0-d3e8-4b1a-b63b-73a7bb518c9e,Irving Ave & Palmetto St,4775.01,-73.9127,40.698,71.0,20,"{'android': 'https://bkn.lft.to/lastmile_qr_scan', 'ios': 'https://bkn.lft.to/lastmile_qr_scan'}","['KEY', 'CREDITCARD']",True,classic,b35ba3c0-d3e8-4b1a-b63b-73a7bb518c9e,False,[],False
cb9840a3-4ae2-420d-865c-9ac45e2f5485,St Ann's Ave & Bruckner Blvd,7657.03,-73.919763,40.803399,71.0,17,"{'android': 'https://bkn.lft.to/lastmile_qr_scan', 'ios': 'https://bkn.lft.to/lastmile_qr_scan'}","['KEY', 'CREDITCARD']",True,classic,cb9840a3-4ae2-420d-865c-9ac45e2f5485,False,[],False
66dc3e89-0aca-11e7-82f6-3863bb44ef7c,E 31 St & 3 Ave,6239.08,-73.97966069,40.74394314,71.0,65,"{'android': 'https://bkn.lft.to/lastmile_qr_scan', 'ios': 'https://bkn.lft.to/lastmile_qr_scan'}","['KEY', 'CREDITCARD']",True,classic,66dc3e89-0aca-11e7-82f6-3863bb44ef7c,False,[],False
1799624430022654108,Dwight St & Dikeman St,4054.06,-74.01048018571481,40.67487503856169,71.0,21,"{'android': 'https://bkn.lft.to/lastmile_qr_scan', 'ios': 'https://bkn.lft.to/lastmile_qr_scan'}","['KEY', 'CREDITCARD']",True,classic,1799624430022654108,False,[],False
2138075988152462096,Ditmas Ave & McDonald Ave,2818.01,-73.97825,40.63548,71.0,23,"{'android': 'https://bkn.lft.to/lastmile_qr_scan', 'ios': 'https://bkn.lft.to/lastmile_qr_scan'}","['KEY', 'CREDITCARD']",False,classic,2138075988152462096,False,[],False
66dc8db1-0aca-11e7-82f6-3863bb44ef7c,Front St & Washington St,4936.01,-73.98940236,40.70255088,71.0,57,"{'android': 'https://bkn.lft.to/lastmile_qr_scan', 'ios': 'https://bkn.lft.to/lastmile_qr_scan'}","['KEY', 'CREDITCARD']",True,classic,66dc8db1-0aca-11e7-82f6-3863bb44ef7c,False,[],False
1862008939006380034,E 189 St & Bathgate Ave,8505.08,-73.88821,40.85859,71.0,21,"{'android': 'https://bkn.lft.to/lastmile_qr_scan', 'ios': 'https://bkn.lft.to/lastmile_qr_scan'}","['KEY', 'CREDITCARD']",True,classic,1862008939006380034,False,[],False
2124381939991318658,73 St & Ridge Blvd,2708.07,-74.02976,40.63349,71.0,16,"{'android': 'https://bkn.lft.to/lastmile_qr_scan', 'ios': 'https://bkn.lft.to/lastmile_qr_scan'}","['KEY', 'CREDITCARD']",False,classic,2124381939991318658,False,[],False
66dde630-0aca-11e7-82f6-3863bb44ef7c,E 93 St & 2 Ave,7286.02,-73.9489196240902,40.782454175279874,71.0,73,"{'android': 'https://bkn.lft.to/lastmile_qr_scan', 'ios': 'https://bkn.lft.to/lastmile_qr_scan'}","['KEY', 'CREDITCARD']",True,classic,66dde630-0aca-11e7-82f6-3863bb44ef7c,False,[],False
1815967442754883940,Church Ave & Nostrand Ave,3359.01,-73.94986,40.65074,71.0,30,"{'android': 'https://bkn.lft.to/lastmile_qr_scan', 'ios': 'https://bkn.lft.to/lastmile_qr_scan'}","['KEY', 'CREDITCARD']",True,classic,1815967442754883940,False,[],False
90b141b9-c39f-4a26-a32d-08c7d1474d52,Lafayette Ave & Hunts Point Ave,7883.06,-73.888161,40.816567,71.0,22,"{'android': 'https://bkn.lft.to/lastmile_qr_scan', 'ios': 'https://bkn.lft.to/lastmile_qr_scan'}","['KEY', 'CREDITCARD']",True,classic,90b141b9-c39f-4a26-a32d-08c7d1474d52,False,[],False
2124425439157234232,68 St & 5 Ave,2698.07,-74.02058,40.63416,71.0,14,"{'android': 'https://bkn.lft.to/lastmile_qr_scan', 'ios': 'https://bkn.lft.to/lastmile_qr_scan'}","['KEY', 'CREDITCARD']",False,classic,2124425439157234232,False,[],False
59df3823-0369-4a10-8132-05df34a170af,Myrtle Ave & Fleet Pl,4628.07,-73.981909,40.693534,71.0,47,"{'android': 'https://bkn.lft.to/lastmile_qr_scan', 'ios': 'https://bkn.lft.to/lastmile_qr_scan'}","['KEY', 'CREDITCARD']",True,classic,59df3823-0369-4a10-8132-05df34a170af,False,[],False
3eb10c63-ea4c-4161-b07d-a29034f7367a,Brook Ave & E 141 St,7740.08,-73.917875,40.809619,71.0,19,"{'android': 'https://bkn.lft.to/lastmile_qr_scan', 'ios': 'https://bkn.lft.to/lastmile_qr_scan'}","['KEY', 'CREDITCARD']",True,classic,3eb10c63-ea4c-4161-b07d-a29034f7367a,False,[],False
66de85d2-0aca-11e7-82f6-3863bb44ef7c,Grand St & Elizabeth St,5382.06,-73.99596,40.718822,71.0,45,"{'android': 'https://bkn.lft.to/lastmile_qr_scan', 'ios': 'https://bkn.lft.to/lastmile_qr_scan'}","['KEY', 'CREDITCARD']",True,classic,66de85d2-0aca-11e7-82f6-3863bb44ef7c,False,[],False
66de2707-0aca-11e7-82f6-3863bb44ef7c,E 65 St & 2 Ave,6860.12,-73.96222069859505,40.76471851944339,71.0,48,"{'android': 'https://bkn.lft.to/lastmile_qr_scan', 'ios': 'https://bkn.lft.to/lastmile_qr_scan'}","['KEY', 'CREDITCARD']",True,classic,66de2707-0aca-11e7-82f6-3863bb44ef7c,False,[],False
0138452a-b9f4-4aee-80b0-7fae9a122ffe,E 54 St & 1 Ave,6608.09,-73.964179,40.756265,71.0,41,"{'android': 'https://bkn.lft.to/lastmile_qr_scan', 'ios': 'https://bkn.lft.to/lastmile_qr_scan'}","['KEY', 'CREDITCARD']",True,classic,0138452a-b9f4-4aee-80b0-7fae9a122ffe,False,[],False
1828968883163894358,24 Ave & 87 St,6885.01,-73.88256,40.7654,71.0,20,"{'android': 'https://bkn.lft.to/lastmile_qr_scan', 'ios': 'https://bkn.lft.to/lastmile_qr_scan'}","['KEY', 'CREDITCARD']",True,classic,1828968883163894358,False,[],False
e9575102-1081-4c30-8d15-ea95913579e2,Bergen St & Buffalo Ave,4072.02,-73.92512,40.6747,71.0,21,"{'android': 'https://bkn.lft.to/lastmile_qr_scan', 'ios': 'https://bkn.lft.to/lastmile_qr_scan'}","['KEY', 'CREDITCARD']",True,classic,e9575102-1081-4c30-8d15-ea95913579e2,False,[],False
1937777808143497236,Columbus Ave & W 59 St,6986.07,-73.98464,40.76931,71.0,44,"{'android': 'https://bkn.lft.to/lastmile_qr_scan', 'ios': 'https://bkn.lft.to/lastmile_qr_scan'}","['KEY', 'CREDITCARD']",True,classic,1937777808143497236,False,[],False
640a9a95-194f-42f5-8d88-1df67129f388,E 171 St & 3 Ave,8171.06,-73.902185,40.837119,71.0,24,"{'android': 'https://bkn.lft.to/lastmile_qr_scan', 'ios': 'https://bkn.lft.to/lastmile_qr_scan'}","['KEY', 'CREDITCARD']",True,classic,640a9a95-194f-42f5-8d88-1df67129f388,False,[],False
66880044-5411-4143-af39-eaa0a0fd0528,Park Ave & E 124 St,7682.01,-73.9396861,40.8045555,71.0,36,"{'android': 'https://bkn.lft.to/lastmile_qr_scan', 'ios': 'https://bkn.lft.to/lastmile_qr_scan'}","['KEY', 'CREDITCARD']",True,classic,66880044-5411-4143-af39-eaa0a0fd0528,False,[],False
4efda436-cd19-4ec3-acc7-1a622f723264,Fulton St & Saratoga Ave,4179.03,-73.91642,40.67853,71.0,19,"{'android': 'https://bkn.lft.to/lastmile_qr_scan', 'ios': 'https://bkn.lft.to/lastmile_qr_scan'}","['KEY', 'CREDITCARD']",True,classic,4efda436-cd19-4ec3-acc7-1a622f723264,False,[],False
1826348248869574940,E 18 St & Church Ave,3263.01,-73.96316,40.64958,71.0,31,"{'android': 'https://bkn.lft.to/lastmile_qr_scan', 'ios': 'https://bkn.lft.to/lastmile_qr_scan'}","['KEY', 'CREDITCARD']",True,classic,1826348248869574940,False,[],False
1929504694747056164,Pier 61 at Chelsea Piers,6233.04,-74.00821,40.746872,71.0,43,"{'android': 'https://bkn.lft.to/lastmile_qr_scan', 'ios': 'https://bkn.lft.to/lastmile_qr_scan'}","['KEY', 'CREDITCARD']",True,classic,1929504694747056164,False,[],False
66dd4ec7-0aca-11e7-82f6-3863bb44ef7c,Riverside Dr & W 82 St,7388.10,-73.98128127,40.78720869,71.0,75,"{'android': 'https://bkn.lft.to/lastmile_qr_scan', 'ios': 'https://bkn.lft.to/lastmile_qr_scan'}","['KEY', 'CREDITCARD']",True,classic,66dd4ec7-0aca-11e7-82f6-3863bb44ef7c,False,[],False
69717638-5c4a-47a7-bccb-3b42c81eb09f,56 Dr & 61 St,5540.06,-73.90458,40.72368,71.0,19,"{'android': 'https://bkn.lft.to/lastmile_qr_scan', 'ios': 'https://bkn.lft.to/lastmile_qr_scan'}","['KEY', 'CREDITCARD']",True,classic,69717638-5c4a-47a7-bccb-3b42c81eb09f,False,[],False
807e9f5a-49b6-4b7e-847b-4a60cff330ed,Linden St & Knickerbocker Ave,4743.04,-73.91566,40.69714,71.0,18,"{'android': 'https://bkn.lft.to/lastmile_qr_scan', 'ios': 'https://bkn.lft.to/lastmile_qr_scan'}","['KEY', 'CREDITCARD']",True,classic,807e9f5a-49b6-4b7e-847b-4a60cff330ed,False,[],False
d80c274e-d17d-4a00-9b76-274c9fe4d0e1,Morningside Dr & Amsterdam Ave,7741.04,-73.95736455917358,40.81028506306003,71.0,35,"{'android': 'https://bkn.lft.to/lastmile_qr_scan', 'ios': 'https://bkn.lft.to/lastmile_qr_scan'}","['KEY', 'CREDITCARD']",True,classic,d80c274e-d17d-4a00-9b76-274c9fe4d0e1,False,[],False
66dc2995-0aca-11e7-82f6-3863bb44ef7c,W 25 St & 6 Ave,6215.04,-73.99144871,40.74395411,71.0,51,"{'android': 'https://bkn.lft.to/lastmile_qr_scan', 'ios': 'https://bkn.lft.to/lastmile_qr_scan'}","['KEY', 'CREDITCARD']",True,classic,66dc2995-0aca-11e7-82f6-3863bb44ef7c,False,[],False
66de0861-0aca-11e7-82f6-3863bb44ef7c,E 95 St & 3 Ave,7365.13,-73.950503,40.7849032,71.0,31,"{'android': 'https://bkn.lft.to/lastmile_qr_scan', 'ios': 'https://bkn.lft.to/lastmile_qr_scan'}","['KEY', 'CREDITCARD']",False,classic,66de0861-0aca-11e7-82f6-3863bb44ef7c,False,[],False
66ddeaff-0aca-11e7-82f6-3863bb44ef7c,West End Ave & W 94 St,7524.09,-73.974124,40.7941654,71.0,31,"{'android': 'https://bkn.lft.to/lastmile_qr_scan', 'ios': 'https://bkn.lft.to/lastmile_qr_scan'}","['KEY', 'CREDITCARD']",True,classic,66ddeaff-0aca-11e7-82f6-3863bb44ef7c,False,[],False
66de6346-0aca-11e7-82f6-3863bb44ef7c,Hoyt St & Warren St,4330.09,-73.98901629,40.6843549,71.0,35,"{'android': 'https://bkn.lft.to/lastmile_qr_scan', 'ios': 'https://bkn.lft.to/lastmile_qr_scan'}","['KEY', 'CREDITCARD']",True,classic,66de6346-0aca-11e7-82f6-3863bb44ef7c,False,[],False
0fa27bd7-b182-4e7a-b5bb-90f4249cb368,34 Ave & 21 St,6798.01,-73.9342862,40.7628138,71.0,23,"{'android': 'https://bkn.lft.to/lastmile_qr_scan', 'ios': 'https://bkn.lft.to/lastmile_qr_scan'}","['KEY', 'CREDITCARD']",True,classic,0fa27bd7-b182-4e7a-b5bb-90f4249cb368,False,[],False
d45b62b9-7d6b-43b2-bf1e-2c898c55dfd2,Amsterdam Ave & W 186 St,8394.15,-73.928808,40.851113,71.0,21,"{'android': 'https://bkn.lft.to/lastmile_qr_scan', 'ios': 'https://bkn.lft.to/lastmile_qr_scan'}","['KEY', 'CREDITCARD']",True,classic,d45b62b9-7d6b-43b2-bf1e-2c898c55dfd2,False,[],False
18415ea7-efce-408d-bcb9-4693fb088dda,Broadway & Berry St,5164.05,-73.96530389785767,40.71036129922581,71.0,34,"{'android': 'https://bkn.lft.to/lastmile_qr_scan', 'ios': 'https://bkn.lft.to/lastmile_qr_scan'}","['KEY', 'CREDITCARD']",True,classic,18415ea7-efce-408d-bcb9-4693fb088dda,False,[],False
2124037125711300644,4 Ave & 85 St,2377.01,-74.02817,40.62354,71.0,23,"{'android': 'https://bkn.lft.to/lastmile_qr_scan', 'ios': 'https://bkn.lft.to/lastmile_qr_scan'}","['KEY', 'CREDITCARD']",False,classic,2124037125711300644,False,[],False
8aad788d-c7eb-4fca-a426-c39f47741a6f,President St & Nostrand Ave,3839.02,-73.9505,40.66811,71.0,28,"{'android': 'https://bkn.lft.to/lastmile_qr_scan', 'ios': 'https://bkn.lft.to/lastmile_qr_scan'}","['KEY', 'CREDITCARD']",True,classic,8aad788d-c7eb-4fca-a426-c39f47741a6f,False,[],False
1882824287789509296,3 Ave & E 71 St,6960.12,-73.9614,40.76879,71.0,47,"{'android': 'https://bkn.lft.to/lastmile_qr_scan', 'ios': 'https://bkn.lft.to/lastmile_qr_scan'}","['KEY', 'CREDITCARD']",True,classic,1882824287789509296,False,[],False
66dbe571-0aca-11e7-82f6-3863bb44ef7c,W 4 St & 7 Ave S,5880.02,-74.00293877,40.73401143,71.0,60,"{'android': 'https://bkn.lft.to/lastmile_qr_scan', 'ios': 'https://bkn.lft.to/lastmile_qr_scan'}","['KEY', 'CREDITCARD']",True,classic,66dbe571-0aca-11e7-82f6-3863bb44ef7c,False,[],False
7779e057-b33e-46a7-8a1e-8c28bcd9a558,Thomas S. Boyland St & Macon St,4325.03,-73.91493,40.68491,71.0,21,"{'android': 'https://bkn.lft.to/lastmile_qr_scan', 'ios': 'https://bkn.lft.to/lastmile_qr_scan'}","['KEY', 'CREDITCARD']",True,classic,7779e057-b33e-46a7-8a1e-8c28bcd9a558,False,[],False
1828967979464708718,87 St & Roosevelt Ave,6356.01,-73.87936,40.74825,71.0,23,"{'android': 'https://bkn.lft.to/lastmile_qr_scan', 'ios': 'https://bkn.lft.to/lastmile_qr_scan'}","['KEY', 'CREDITCARD']",True,classic,1828967979464708718,False,[],False
66dc10d1-0aca-11e7-82f6-3863bb44ef7c,E 7 St & Ave A,5626.07,-73.98379855,40.72621788,71.0,45,"{'android': 'https://bkn.lft.to/lastmile_qr_scan', 'ios': 'https://bkn.lft.to/lastmile_qr_scan'}","['KEY', 'CREDITCARD']",True,classic,66dc10d1-0aca-11e7-82f6-3863bb44ef7c,False,[],False
f3140fb8-347b-4dca-96df-eeef2d1bfc50,Morris Ave & E 163 St,8036.05,-73.91765579597632,40.827230499624726,71.0,21,"{'android': 'https://bkn.lft.to/lastmile_qr_scan', 'ios': 'https://bkn.lft.to/lastmile_qr_scan'}","['KEY', 'CREDITCARD']",True,classic,f3140fb8-347b-4dca-96df-eeef2d1bfc50,False,[],False
66dd4ccc-0aca-11e7-82f6-3863bb44ef7c,Central Park W & W 72 St,7141.07,-73.9762057363987,40.77579376683666,71.0,51,"{'android': 'https://bkn.lft.to/lastmile_qr_scan', 'ios': 'https://bkn.lft.to/lastmile_qr_scan'}","['KEY', 'CREDITCARD']",True,classic,66dd4ccc-0aca-11e7-82f6-3863bb44ef7c,False,[],False
66de0d91-0aca-11e7-82f6-3863bb44ef7c,Union St & 4 Ave,4175.15,-73.98282002,40.6772744,71.0,28,"{'android': 'https://bkn.lft.to/lastmile_qr_scan', 'ios': 'https://bkn.lft.to/lastmile_qr_scan'}","['KEY', 'CREDITCARD']",True,classic,66de0d91-0aca-11e7-82f6-3863bb44ef7c,False,[],False
66db6f2e-0aca-11e7-82f6-3863bb44ef7c,Canal St & Rutgers St,5303.08,-73.98990025,40.71427487,71.0,45,"{'android': 'https://bkn.lft.to/lastmile_qr_scan', 'ios': 'https://bkn.lft.to/lastmile_qr_scan'}","['KEY', 'CREDITCARD']",True,classic,66db6f2e-0aca-11e7-82f6-3863bb44ef7c,False,[],False
1965202298784063998,Lafayette Ave & Franklin Ave,4528.03,-73.957324,40.689271,71.0,27,"{'android': 'https://bkn.lft.to/lastmile_qr_scan', 'ios': 'https://bkn.lft.to/lastmile_qr_scan'}","['KEY', 'CREDITCARD']",True,classic,1965202298784063998,False,[],False
1875415144760576328,Naples Terrace & Godwin Terrace,8819.05,-73.90536,40.87995,71.0,25,"{'android': 'https://bkn.lft.to/lastmile_qr_scan', 'ios': 'https://bkn.lft.to/lastmile_qr_scan'}","['KEY', 'CREDITCARD']",True,classic,1875415144760576328,False,[],False
1862008701134683118,Arthur Ave & E 183 St,8430.03,-73.88953,40.85307,71.0,25,"{'android': 'https://bkn.lft.to/lastmile_qr_scan', 'ios': 'https://bkn.lft.to/lastmile_qr_scan'}","['KEY', 'CREDITCARD']",True,classic,1862008701134683118,False,[],False
66db3053-0aca-11e7-82f6-3863bb44ef7c,Warren St & W Broadway,5288.09,-74.00910627,40.71473993,71.0,71,"{'android': 'https://bkn.lft.to/lastmile_qr_scan', 'ios': 'https://bkn.lft.to/lastmile_qr_scan'}","['KEY', 'CREDITCARD']",True,classic,66db3053-0aca-11e7-82f6-3863bb44ef7c,False,[],False
16e70b05-5b73-4930-9dcf-f79e5ce9eaf5,44 St & 3 Ave,3315.05,-74.011405,40.651173,71.0,23,"{'android': 'https://bkn.lft.to/lastmile_qr_scan', 'ios': 'https://bkn.lft.to/lastmile_qr_scan'}","['KEY', 'CREDITCARD']",True,classic,16e70b05-5b73-4930-9dcf-f79e5ce9eaf5,False,[],False
2233876305608249780,President St & 4 Ave,4101.18,-73.98327781669718,40.676660243631495,71.0,31,"{'android': 'https://bkn.lft.to/lastmile_qr_scan', 'ios': 'https://bkn.lft.to/lastmile_qr_scan'}","['KEY', 'CREDITCARD']",True,classic,2233876305608249780,False,[],False
44c23eaa-7ddf-40b3-8373-6f3880c5e1b1,Washington Ave & E 174 St,8277.03,-73.900216,40.843079,71.0,19,"{'android': 'https://bkn.lft.to/lastmile_qr_scan', 'ios': 'https://bkn.lft.to/lastmile_qr_scan'}","['KEY', 'CREDITCARD']",True,classic,44c23eaa-7ddf-40b3-8373-6f3880c5e1b1,False,[],False
66dc8a3d-0aca-11e7-82f6-3863bb44ef7c,Lexington Ave & E 24 St,6089.07,-73.98409214,40.74025878,71.0,79,"{'android': 'https://bkn.lft.to/lastmile_qr_scan', 'ios': 'https://bkn.lft.to/lastmile_qr_scan'}","['KEY', 'CREDITCARD']",True,classic,66dc8a3d-0aca-11e7-82f6-3863bb44ef7c,False,[],False
66dc7f02-0aca-11e7-82f6-3863bb44ef7c,Park Ave & E 41 St,6432.08,-73.97791,40.751581,71.0,109,"{'android': 'https://bkn.lft.to/lastmile_qr_scan', 'ios': 'https://bkn.lft.to/lastmile_qr_scan'}","['KEY', 'CREDITCARD']",True,classic,66dc7f02-0aca-11e7-82f6-3863bb44ef7c,False,[],False
b713367c-3572-4225-b74a-9319ab537838,Sedgwick Ave & Hall of Fame Terrace,8539.02,-73.913303,40.859532,71.0,19,"{'android': 'https://bkn.lft.to/lastmile_qr_scan', 'ios': 'https://bkn.lft.to/lastmile_qr_scan'}","['KEY', 'CREDITCARD']",True,classic,b713367c-3572-4225-b74a-9319ab537838,False,[],False
1d32e684-602b-46b6-8c96-ab47b57a03f3,Grand Ave & Bergen St,4190.06,-73.962408,40.678045,71.0,25,"{'android': 'https://bkn.lft.to/lastmile_qr_scan', 'ios': 'https://bkn.lft.to/lastmile_qr_scan'}","['KEY', 'CREDITCARD']",True,classic,1d32e684-602b-46b6-8c96-ab47b57a03f3,False,[],False
2206771530409556572,63 Ave & 99 St,5870.05,-73.85714,40.73302,71.0,18,"{'android': 'https://bkn.lft.to/lastmile_qr_scan', 'ios': 'https://bkn.lft.to/lastmile_qr_scan'}","['KEY', 'CREDITCARD']",False,classic,2206771530409556572,False,[],False
83a5d761-57d0-4cd6-aa2b-7eb350120d99,Home St & Westchester Ave,8020.01,-73.886659,40.827629,71.0,21,"{'android': 'https://bkn.lft.to/lastmile_qr_scan', 'ios': 'https://bkn.lft.to/lastmile_qr_scan'}","['KEY', 'CREDITCARD']",True,classic,83a5d761-57d0-4cd6-aa2b-7eb350120d99,False,[],False
1871698348432996504,Taylor St & Bedford Ave,4982.02,-73.963252,40.705774,71.0,23,"{'android': 'https://bkn.lft.to/lastmile_qr_scan', 'ios': 'https://bkn.lft.to/lastmile_qr_scan'}","['KEY', 'CREDITCARD']",True,classic,1871698348432996504,False,[],False
2104286315955915532,W 47 St & 6 Ave,6667.12,-73.981957,40.758154,71.0,68,"{'android': 'https://bkn.lft.to/lastmile_qr_scan', 'ios': 'https://bkn.lft.to/lastmile_qr_scan'}","['KEY', 'CREDITCARD']",True,classic,2104286315955915532,False,[],False
c190f78c-77ad-469e-aecc-e2af7bb6d92a,26 Ave & 2 St,7165.01,-73.93463418,40.77684387,71.0,23,"{'android': 'https://bkn.lft.to/lastmile_qr_scan', 'ios': 'https://bkn.lft.to/lastmile_qr_scan'}","['KEY', 'CREDITCARD']",True,classic,c190f78c-77ad-469e-aecc-e2af7bb6d92a,False,[],False
66dcc8b3-0aca-11e7-82f6-3863bb44ef7c,Willoughby Ave & Tompkins Ave,4665.02,-73.94626915,40.69425403,71.0,19,"{'android': 'https://bkn.lft.to/lastmile_qr_scan', 'ios': 'https://bkn.lft.to/lastmile_qr_scan'}","['KEY', 'CREDITCARD']",True,classic,66dcc8b3-0aca-11e7-82f6-3863bb44ef7c,False,[],False
1817432434869846072,Rogers Ave & Snyder Ave,3286.07,-73.95207855180962,40.6487143313713,71.0,23,"{'android': 'https://bkn.lft.to/lastmile_qr_scan', 'ios': 'https://bkn.lft.to/lastmile_qr_scan'}","['KEY', 'CREDITCARD']",True,classic,1817432434869846072,False,[],False
1869753484503987044,Sedgwick Ave & W 231 St,8756.07,-73.90126,40.87512,71.0,19,"{'android': 'https://bkn.lft.to/lastmile_qr_scan', 'ios': 'https://bkn.lft.to/lastmile_qr_scan'}","['KEY', 'CREDITCARD']",True,classic,1869753484503987044,False,[],False
1838070843306263244,112 St & Northern Blvd,6683.01,-73.85763,40.75788,71.0,20,"{'android': 'https://bkn.lft.to/lastmile_qr_scan', 'ios': 'https://bkn.lft.to/lastmile_qr_scan'}","['KEY', 'CREDITCARD']",True,classic,1838070843306263244,False,[],False
53ef19c6-eaa7-47f7-807e-f51b574b1be0,Dyckman St & Staff St,8655.02,-73.931537,40.868846,71.0,19,"{'android': 'https://bkn.lft.to/lastmile_qr_scan', 'ios': 'https://bkn.lft.to/lastmile_qr_scan'}","['KEY', 'CREDITCARD']",True,classic,53ef19c6-eaa7-47f7-807e-f51b574b1be0,False,[],False
bbc3c1df-f7db-4f54-8d5c-b8f4269ecb48,64 St & 53 Dr,5688.02,-73.90115,40.72897,71.0,19,"{'android': 'https://bkn.lft.to/lastmile_qr_scan', 'ios': 'https://bkn.lft.to/lastmile_qr_scan'}","['KEY', 'CREDITCARD']",True,classic,bbc3c1df-f7db-4f54-8d5c-b8f4269ecb48,False,[],False
481624f3-9377-4dfd-a5dd-de05a7fef760,Ogden Ave & W 165 St,8149.09,-73.928381,40.834457,71.0,19,"{'android': 'https://bkn.lft.to/lastmile_qr_scan', 'ios': 'https://bkn.lft.to/lastmile_qr_scan'}","['KEY', 'CREDITCARD']",True,classic,481624f3-9377-4dfd-a5dd-de05a7fef760,False,[],False
abc1311e-e000-4211-af9e-0cf92242711e,Grand Concourse & E 164 St,8057.02,-73.921461,40.829608,71.0,22,"{'android': 'https://bkn.lft.to/lastmile_qr_scan', 'ios': 'https://bkn.lft.to/lastmile_qr_scan'}","['KEY', 'CREDITCARD']",True,classic,abc1311e-e000-4211-af9e-0cf92242711e,False,[],False
c3189056-8eda-4278-891f-e8e15c2d759a,Carlton Ave & Dean St,4199.12,-73.9710097,40.6809741,71.0,29,"{'android': 'https://bkn.lft.to/lastmile_qr_scan', 'ios': 'https://bkn.lft.to/lastmile_qr_scan'}","['KEY', 'CREDITCARD']",True,classic,c3189056-8eda-4278-891f-e8e15c2d759a,False,[],False
c606bae0-889c-47c3-8202-9463ef147655,Lefferts Ave & Albany Ave,3719.02,-73.94019,40.66288,71.0,24,"{'android': 'https://bkn.lft.to/lastmile_qr_scan', 'ios': 'https://bkn.lft.to/lastmile_qr_scan'}","['KEY', 'CREDITCARD']",True,classic,c606bae0-889c-47c3-8202-9463ef147655,False,[],False
823ef531-40e6-4397-b973-86bf5b032076,Eastern Pkwy & Troy Ave,3862.07,-73.93679,40.66929,71.0,24,"{'android': 'https://bkn.lft.to/lastmile_qr_scan', 'ios': 'https://bkn.lft.to/lastmile_qr_scan'}","['KEY', 'CREDITCARD']",True,classic,823ef531-40e6-4397-b973-86bf5b032076,False,[],False
765ee572-6c7a-4ed3-a2d4-f1496ea53996,Webster Ave & Ford St,8472.08,-73.89615,40.85556,71.0,23,"{'android': 'https://bkn.lft.to/lastmile_qr_scan', 'ios': 'https://bkn.lft.to/lastmile_qr_scan'}","['KEY', 'CREDITCARD']",True,classic,765ee572-6c7a-4ed3-a2d4-f1496ea53996,False,[],False
4568f854-1268-45cf-bac8-82286ef40ae6,Dean St & Rockaway Ave,4096.08,-73.91123,40.67486,71.0,21,"{'android': 'https://bkn.lft.to/lastmile_qr_scan', 'ios': 'https://bkn.lft.to/lastmile_qr_scan'}","['KEY', 'CREDITCARD']",True,classic,4568f854-1268-45cf-bac8-82286ef40ae6,False,[],False
bacfe3c2-7946-45ed-91f9-f5b91791de75,Madison Ave & E 120 St,7667.04,-73.942954,40.80295,71.0,30,"{'android': 'https://bkn.lft.to/lastmile_qr_scan', 'ios': 'https://bkn.lft.to/lastmile_qr_scan'}","['KEY', 'CREDITCARD']",True,classic,bacfe3c2-7946-45ed-91f9-f5b91791de75,False,[],False
3d68a3fd-91da-49e8-9cd5-69b333863789,Nagle Ave & Ellwood St,8528.05,-73.928489,40.86012,71.0,21,"{'android': 'https://bkn.lft.to/lastmile_qr_scan', 'ios': 'https://bkn.lft.to/lastmile_qr_scan'}","['KEY', 'CREDITCARD']",True,classic,3d68a3fd-91da-49e8-9cd5-69b333863789,False,[],False
2206778196198800034,Yellowstone Blvd & 68 Ave,5667.08,-73.84841,40.7263,71.0,16,"{'android': 'https://bkn.lft.to/lastmile_qr_scan', 'ios': 'https://bkn.lft.to/lastmile_qr_scan'}","['KEY', 'CREDITCARD']",False,classic,2206778196198800034,False,[],False
74723006-b32f-4590-8cc7-f15eec3808fe,Bushwick Ave & Linden St,4600.09,-73.92146,40.69146,71.0,29,"{'android': 'https://bkn.lft.to/lastmile_qr_scan', 'ios': 'https://bkn.lft.to/lastmile_qr_scan'}","['KEY', 'CREDITCARD']",True,classic,74723006-b32f-4590-8cc7-f15eec3808fe,False,[],False
837b7db3-55c6-4595-a497-834972631752,Stanhope St & Fairview Ave,5146.03,-73.91116,40.70998,71.0,17,"{'android': 'https://bkn.lft.to/lastmile_qr_scan', 'ios': 'https://bkn.lft.to/lastmile_qr_scan'}","['KEY', 'CREDITCARD']",True,classic,837b7db3-55c6-4595-a497-834972631752,False,[],False
66de5005-0aca-11e7-82f6-3863bb44ef7c,7 St & 5 Ave,3914.02,-73.98541675,40.6704922,71.0,26,"{'android': 'https://bkn.lft.to/lastmile_qr_scan', 'ios': 'https://bkn.lft.to/lastmile_qr_scan'}","['KEY', 'CREDITCARD']",False,classic,66de5005-0aca-11e7-82f6-3863bb44ef7c,False,[],False
2126224996973581072,Fort Hamilton Pkwy & 85 St,2335.08,-74.02388,40.62095,71.0,14,"{'android': 'https://bkn.lft.to/lastmile_qr_scan', 'ios': 'https://bkn.lft.to/lastmile_qr_scan'}","['KEY', 'CREDITCARD']",False,classic,2126224996973581072,False,[],False
ff9581d3-3e1a-463a-bdab-d8150c468be2,21 St & Hoyt Ave S,7126.01,-73.923706,40.774645,71.0,33,"{'android': 'https://bkn.lft.to/lastmile_qr_scan', 'ios': 'https://bkn.lft.to/lastmile_qr_scan'}","['KEY', 'CREDITCARD']",True,classic,ff9581d3-3e1a-463a-bdab-d8150c468be2,False,[],False
ebae0b66-e463-4ded-9b7a-43c0aca9b37a,Morris Ave & E 142 St,7821.01,-73.924963,40.814469,71.0,23,"{'android': 'https://bkn.lft.to/lastmile_qr_scan', 'ios': 'https://bkn.lft.to/lastmile_qr_scan'}","['KEY', 'CREDITCARD']",True,classic,ebae0b66-e463-4ded-9b7a-43c0aca9b37a,False,[],False
2546c9b9-5b1a-4e9f-a9cc-f8b986b79748,Broadway & W 192 St,8511.08,-73.932173,40.857994,71.0,23,"{'android': 'https://bkn.lft.to/lastmile_qr_scan', 'ios': 'https://bkn.lft.to/lastmile_qr_scan'}","['KEY', 'CREDITCARD']",True,classic,2546c9b9-5b1a-4e9f-a9cc-f8b986b79748,False,[],False
1838071008881986168,37 Ave & 113 St,6524.09,-73.8549,40.75475,71.0,30,"{'android': 'https://bkn.lft.to/lastmile_qr_scan', 'ios': 'https://bkn.lft.to/lastmile_qr_scan'}","['KEY', 'CREDITCARD']",True,classic,1838071008881986168,False,[],False
6542d952-ca19-410e-9290-ee6b7a6e14cf,Decatur Ave & Bedford Park Blvd,8664.06,-73.88412,40.86813,71.0,19,"{'android': 'https://bkn.lft.to/lastmile_qr_scan', 'ios': 'https://bkn.lft.to/lastmile_qr_scan'}","['KEY', 'CREDITCARD']",True,classic,6542d952-ca19-410e-9290-ee6b7a6e14cf,False,[],False
180b83a0-329c-4069-87be-df862cb1baed,Church Ave & Story St,3007.05,-73.981073,40.642031,71.0,23,"{'android': 'https://bkn.lft.to/lastmile_qr_scan', 'ios': 'https://bkn.lft.to/lastmile_qr_scan'}","['KEY', 'CREDITCARD']",True,classic,180b83a0-329c-4069-87be-df862cb1baed,False,[],False
023cf549-bd85-4f9a-abd8-70ba29d7e86b,W Tremont Ave & Montgomery Ave,8407.03,-73.916418,40.851788,71.0,21,"{'android': 'https://bkn.lft.to/lastmile_qr_scan', 'ios': 'https://bkn.lft.to/lastmile_qr_scan'}","['KEY', 'CREDITCARD']",True,classic,023cf549-bd85-4f9a-abd8-70ba29d7e86b,False,[],False
66ddb66e-0aca-11e7-82f6-3863bb44ef7c,E 58 St & 1 Ave (NE Corner),6682.03,-73.96226227283478,40.75892386377695,71.0,29,"{'android': 'https://bkn.lft.to/lastmile_qr_scan', 'ios': 'https://bkn.lft.to/lastmile_qr_scan'}","['KEY', 'CREDITCARD']",True,classic,66ddb66e-0aca-11e7-82f6-3863bb44ef7c,False,[],False
1814907423052790164,E 16 St & Cortelyou Rd,3070.04,-73.96364,40.64173,71.0,26,"{'android': 'https://bkn.lft.to/lastmile_qr_scan', 'ios': 'https://bkn.lft.to/lastmile_qr_scan'}","['KEY', 'CREDITCARD']",True,classic,1814907423052790164,False,[],False
2124426077519611940,86 St & Ridge Blvd,2387.07,-74.03396,40.62402,71.0,16,"{'android': 'https://bkn.lft.to/lastmile_qr_scan', 'ios': 'https://bkn.lft.to/lastmile_qr_scan'}","['KEY', 'CREDITCARD']",False,classic,2124426077519611940,False,[],False
1927314940904608224,W 160 St & Riverside Dr,8176.01,-73.9466,40.83719,71.0,27,"{'android': 'https://bkn.lft.to/lastmile_qr_scan', 'ios': 'https://bkn.lft.to/lastmile_qr_scan'}","['KEY', 'CREDITCARD']",True,classic,1927314940904608224,False,[],False
66dc80b4-0aca-11e7-82f6-3863bb44ef7c,W 52 St & 5 Ave,6700.01,-73.97648516,40.75992262,71.0,61,"{'android': 'https://bkn.lft.to/lastmile_qr_scan', 'ios': 'https://bkn.lft.to/lastmile_qr_scan'}","['KEY', 'CREDITCARD']",True,classic,66dc80b4-0aca-11e7-82f6-3863bb44ef7c,False,[],False
1786698321265653818,S 4 St & Roebling St,5195.06,-73.959724,40.710709,71.0,41,"{'android': 'https://bkn.lft.to/lastmile_qr_scan', 'ios': 'https://bkn.lft.to/lastmile_qr_scan'}","['KEY', 'CREDITCARD']",True,classic,1786698321265653818,False,[],False
0f98907a-d4cc-45e0-b174-7d9dfda74106,Steinway St & Broadway,6711.13,-73.91897544264793,40.75905795418586,71.0,32,"{'android': 'https://bkn.lft.to/lastmile_qr_scan', 'ios': 'https://bkn.lft.to/lastmile_qr_scan'}","['KEY', 'CREDITCARD']",True,classic,0f98907a-d4cc-45e0-b174-7d9dfda74106,False,[],False
922763d6-d73c-4678-8bcd-f42ee3a236db,Carroll St & Utica Ave,3782.03,-73.93162,40.66619,71.0,20,"{'android': 'https://bkn.lft.to/lastmile_qr_scan', 'ios': 'https://bkn.lft.to/lastmile_qr_scan'}","['KEY', 'CREDITCARD']",True,classic,922763d6-d73c-4678-8bcd-f42ee3a236db,False,[],False
66dc120f-0aca-11e7-82f6-3863bb44ef7c,W 21 St & 6 Ave,6140.05,-73.99415556,40.74173969,71.0,74,"{'android': 'https://bkn.lft.to/lastmile_qr_scan', 'ios': 'https://bkn.lft.to/lastmile_qr_scan'}","['KEY', 'CREDITCARD']",True,classic,66dc120f-0aca-11e7-82f6-3863bb44ef7c,False,[],False
c2d549f8-f54c-4a0d-9ecd-6e6f79118279,Cooper Ave & 65 Pl,4862.07,-73.88873,40.69953,71.0,23,"{'android': 'https://bkn.lft.to/lastmile_qr_scan', 'ios': 'https://bkn.lft.to/lastmile_qr_scan'}","['KEY', 'CREDITCARD']",True,classic,c2d549f8-f54c-4a0d-9ecd-6e6f79118279,False,[],False
66dc1d80-0aca-11e7-82f6-3863bb44ef7c,W 37 St & 10 Ave,6611.02,-73.9979009,40.75660359,71.0,39,"{'android': 'https://bkn.lft.to/lastmile_qr_scan', 'ios': 'https://bkn.lft.to/lastmile_qr_scan'}","['KEY', 'CREDITCARD']",True,classic,66dc1d80-0aca-11e7-82f6-3863bb44ef7c,False,[],False
2124035976827702128,68 St & 4 Ave,2743.04,-74.02342,40.63537,71.0,16,"{'android': 'https://bkn.lft.to/lastmile_qr_scan', 'ios': 'https://bkn.lft.to/lastmile_qr_scan'}","['KEY', 'CREDITCARD']",False,classic,2124035976827702128,False,[],False
324e93c8-4f3d-4a5f-becd-00e6f49fe4dd,44 St & 2 Ave,3356.05,-74.013587,40.652502,71.0,19,"{'android': 'https://bkn.lft.to/lastmile_qr_scan', 'ios': 'https://bkn.lft.to/lastmile_qr_scan'}","['KEY', 'CREDITCARD']",True,classic,324e93c8-4f3d-4a5f-becd-00e6f49fe4dd,False,[],False
7f4753d7-8d58-48bd-a881-de5bff08b27d,72 St & 41 Ave,6258.03,-73.89377,40.7448,71.0,26,"{'android': 'https://bkn.lft.to/lastmile_qr_scan', 'ios': 'https://bkn.lft.to/lastmile_qr_scan'}","['KEY', 'CREDITCARD']",True,classic,7f4753d7-8d58-48bd-a881-de5bff08b27d,False,[],False
498d7e8e-5164-4f26-9ce6-399947d73b1a,Suydam St & St Nicholas Ave,5043.06,-73.91945,40.70636,71.0,17,"{'android': 'https://bkn.lft.to/lastmile_qr_scan', 'ios': 'https://bkn.lft.to/lastmile_qr_scan'}","['KEY', 'CREDITCARD']",True,classic,498d7e8e-5164-4f26-9ce6-399947d73b1a,False,[],False
56b3ca32-104a-4920-a879-a97a820858c4,Washington Ave & Empire Blvd,3704.01,-73.9605695,40.66314,71.0,27,"{'android': 'https://bkn.lft.to/lastmile_qr_scan', 'ios': 'https://bkn.lft.to/lastmile_qr_scan'}","['KEY', 'CREDITCARD']",True,classic,56b3ca32-104a-4920-a879-a97a820858c4,False,[],False
2100948436010992354,Review Ave & Greenpoint Ave,5883.08,-73.93776814411713,40.73424679613554,71.0,17,"{'android': 'https://bkn.lft.to/lastmile_qr_scan', 'ios': 'https://bkn.lft.to/lastmile_qr_scan'}","['KEY', 'CREDITCARD']",True,classic,2100948436010992354,False,[],False
038b7369-9c6e-4eb2-8569-f7461443302f,Fulton St & Williams Ave,4120.02,-73.9008,40.67709,71.0,21,"{'android': 'https://bkn.lft.to/lastmile_qr_scan', 'ios': 'https://bkn.lft.to/lastmile_qr_scan'}","['KEY', 'CREDITCARD']",True,classic,038b7369-9c6e-4eb2-8569-f7461443302f,False,[],False
c00ef46d-fcde-48e2-afbd-0fb595fe3fa7,South St & Broad St,4920.13,-74.01089876890182,40.70188858913366,71.0,31,"{'android': 'https://bkn.lft.to/lastmile_qr_scan', 'ios': 'https://bkn.lft.to/lastmile_qr_scan'}","['KEY', 'CREDITCARD']",True,classic,c00ef46d-fcde-48e2-afbd-0fb595fe3fa7,False,[],False
2235290764033174460,Blake Ave & Herzl St,3766.02,-73.91431,40.66505,71.0,16,"{'android': 'https://bkn.lft.to/lastmile_qr_scan', 'ios': 'https://bkn.lft.to/lastmile_qr_scan'}","['KEY', 'CREDITCARD']",False,classic,2235290764033174460,False,[],False
66db3687-0aca-11e7-82f6-3863bb44ef7c,Columbia Heights & Cranberry St,4829.01,-73.99548059,40.70037867,71.0,37,"{'android': 'https://bkn.lft.to/lastmile_qr_scan', 'ios': 'https://bkn.lft.to/lastmile_qr_scan'}","['KEY', 'CREDITCARD']",True,classic,66db3687-0aca-11e7-82f6-3863bb44ef7c,False,[],False
4c03fa2d-89da-4f0b-8f19-c7de5edbe256,E 147 St & Bergen Ave,7840.11,-73.91839,40.814673,71.0,25,"{'android': 'https://bkn.lft.to/lastmile_qr_scan', 'ios': 'https://bkn.lft.to/lastmile_qr_scan'}","['KEY', 'CREDITCARD']",True,classic,4c03fa2d-89da-4f0b-8f19-c7de5edbe256,False,[],False
162d5859-b735-4ff7-9613-01b21f22c1cd,Lafayette Ave & Ft Greene Pl,4470.09,-73.97664964199066,40.68700231292619,71.0,36,"{'android': 'https://bkn.lft.to/lastmile_qr_scan', 'ios': 'https://bkn.lft.to/lastmile_qr_scan'}","['KEY', 'CREDITCARD']",True,classic,162d5859-b735-4ff7-9613-01b21f22c1cd,False,[],False
19b61564-7629-41b4-80c8-1756135a5442,Cauldwell Ave & E 158 St,7913.15,-73.908351,40.81989,71.0,19,"{'android': 'https://bkn.lft.to/lastmile_qr_scan', 'ios': 'https://bkn.lft.to/lastmile_qr_scan'}","['KEY', 'CREDITCARD']",True,classic,19b61564-7629-41b4-80c8-1756135a5442,False,[],False
8caf71df-76c3-43fb-be98-d555d2291460,Bergen St & Vanderbilt Ave,4157.10,-73.9680438,40.6794388,71.0,27,"{'android': 'https://bkn.lft.to/lastmile_qr_scan', 'ios': 'https://bkn.lft.to/lastmile_qr_scan'}","['KEY', 'CREDITCARD']",True,classic,8caf71df-76c3-43fb-be98-d555d2291460,False,[],False
4d24ab76-2f4a-4004-9fc5-09c00c1d9aa4,5 Ave & 37 St,3379.03,-74.002356,40.652657,71.0,30,"{'android': 'https://bkn.lft.to/lastmile_qr_scan', 'ios': 'https://bkn.lft.to/lastmile_qr_scan'}","['KEY', 'CREDITCARD']",True,classic,4d24ab76-2f4a-4004-9fc5-09c00c1d9aa4,False,[],False
66dbec40-0aca-11e7-82f6-3863bb44ef7c,E 5 St & Ave C,5545.04,-73.97995466,40.72299208,71.0,55,"{'android': 'https://bkn.lft.to/lastmile_qr_scan', 'ios': 'https://bkn.lft.to/lastmile_qr_scan'}","['KEY', 'CREDITCARD']",True,classic,66dbec40-0aca-11e7-82f6-3863bb44ef7c,False,[],False
66de17f7-0aca-11e7-82f6-3863bb44ef7c,W 100 St & Broadway,7580.01,-73.97041192,40.7973721,71.0,39,"{'android': 'https://bkn.lft.to/lastmile_qr_scan', 'ios': 'https://bkn.lft.to/lastmile_qr_scan'}","['KEY', 'CREDITCARD']",True,classic,66de17f7-0aca-11e7-82f6-3863bb44ef7c,False,[],False
0f45bcf6-7028-4584-a51e-4129847dbebc,4 Ave & E 12 St,5788.15,-73.99011,40.732647,71.0,39,"{'android': 'https://bkn.lft.to/lastmile_qr_scan', 'ios': 'https://bkn.lft.to/lastmile_qr_scan'}","['KEY', 'CREDITCARD']",True,classic,0f45bcf6-7028-4584-a51e-4129847dbebc,False,[],False
1b038e21-e199-4c47-bef0-f4bcdc06b73b,Duane St & Hudson St,5359.12,-74.00925,40.71703,71.0,44,"{'android': 'https://bkn.lft.to/lastmile_qr_scan', 'ios': 'https://bkn.lft.to/lastmile_qr_scan'}","['KEY', 'CREDITCARD']",True,classic,1b038e21-e199-4c47-bef0-f4bcdc06b73b,False,[],False
5526b855-dc09-4159-a20a-99651861a481,17 St & 5 Ave,3699.07,-73.991007,40.663493,71.0,25,"{'android': 'https://bkn.lft.to/lastmile_qr_scan', 'ios': 'https://bkn.lft.to/lastmile_qr_scan'}","['KEY', 'CREDITCARD']",True,classic,5526b855-dc09-4159-a20a-99651861a481,False,[],False
2126623765785393224,89 St & 3 Ave,2345.05,-74.03209,40.62137,71.0,20,"{'android': 'https://bkn.lft.to/lastmile_qr_scan', 'ios': 'https://bkn.lft.to/lastmile_qr_scan'}","['KEY', 'CREDITCARD']",False,classic,2126623765785393224,False,[],False
3a89411a-0bc6-4ba3-bc56-fab950c8eba1,Central Ave & Flushing Ave,4947.04,-73.9333,40.702831,71.0,21,"{'android': 'https://bkn.lft.to/lastmile_qr_scan', 'ios': 'https://bkn.lft.to/lastmile_qr_scan'}","['KEY', 'CREDITCARD']",True,classic,3a89411a-0bc6-4ba3-bc56-fab950c8eba1,False,[],False
517409d3-a94a-4140-a6de-ff0de9221ed2,Westchester Ave & E 156 St,7891.06,-73.905203,40.817802,71.0,23,"{'android': 'https://bkn.lft.to/lastmile_qr_scan', 'ios': 'https://bkn.lft.to/lastmile_qr_scan'}","['KEY', 'CREDITCARD']",True,classic,517409d3-a94a-4140-a6de-ff0de9221ed2,False,[],False
66dcc0b2-0aca-11e7-82f6-3863bb44ef7c,Marcy Ave & Lafayette Ave,4476.03,-73.947915,40.6900815,71.0,23,"{'android': 'https://bkn.lft.to/lastmile_qr_scan', 'ios': 'https://bkn.lft.to/lastmile_qr_scan'}","['KEY', 'CREDITCARD']",True,classic,66dcc0b2-0aca-11e7-82f6-3863bb44ef7c,False,[],False
38af3d1a-9916-46cf-b22e-86fc8648bf30,Park Ave & E 162 St,8016.07,-73.915585,40.825716,71.0,21,"{'android': 'https://bkn.lft.to/lastmile_qr_scan', 'ios': 'https://bkn.lft.to/lastmile_qr_scan'}","['KEY', 'CREDITCARD']",True,classic,38af3d1a-9916-46cf-b22e-86fc8648bf30,False,[],False
26b3a82b-3487-44c2-85f1-eddb5a8a3a9d,55 St & Northern Blvd,6502.01,-73.90585,40.75326,71.0,22,"{'android': 'https://bkn.lft.to/lastmile_qr_scan', 'ios': 'https://bkn.lft.to/lastmile_qr_scan'}","['KEY', 'CREDITCARD']",True,classic,26b3a82b-3487-44c2-85f1-eddb5a8a3a9d,False,[],False
068b919c-f649-4091-8e12-ccf37191cad5,Wilkins Ave & Crotona Park E,8167.02,-73.895133,40.835302,71.0,19,"{'android': 'https://bkn.lft.to/lastmile_qr_scan', 'ios': 'https://bkn.lft.to/lastmile_qr_scan'}","['KEY', 'CREDITCARD']",True,classic,068b919c-f649-4091-8e12-ccf37191cad5,False,[],False
053312f2-e77e-4674-b28b-ad357fbcb4ee,8 Ave & W 49 St,6747.07,-73.98655101656914,40.76171227910671,71.0,65,"{'android': 'https://bkn.lft.to/lastmile_qr_scan', 'ios': 'https://bkn.lft.to/lastmile_qr_scan'}","['KEY', 'CREDITCARD']",True,classic,053312f2-e77e-4674-b28b-ad357fbcb4ee,False,[],False
1786697771181570266,Kent Ave & Grand St,5388.01,-73.96594,40.716425,71.0,45,"{'android': 'https://bkn.lft.to/lastmile_qr_scan', 'ios': 'https://bkn.lft.to/lastmile_qr_scan'}","['KEY', 'CREDITCARD']",True,classic,1786697771181570266,False,[],False
66dd24ca-0aca-11e7-82f6-3863bb44ef7c,31 St & Thomson Ave,6227.02,-73.93540375,40.74469738,71.0,47,"{'android': 'https://bkn.lft.to/lastmile_qr_scan', 'ios': 'https://bkn.lft.to/lastmile_qr_scan'}","['KEY', 'CREDITCARD']",True,classic,66dd24ca-0aca-11e7-82f6-3863bb44ef7c,False,[],False
66dd1d0f-0aca-11e7-82f6-3863bb44ef7c,Banker St & Meserole Ave,5633.04,-73.95621,40.72606,71.0,31,"{'android': 'https://bkn.lft.to/lastmile_qr_scan', 'ios': 'https://bkn.lft.to/lastmile_qr_scan'}","['KEY', 'CREDITCARD']",True,classic,66dd1d0f-0aca-11e7-82f6-3863bb44ef7c,False,[],False
b896d83d-5524-4c9c-a2aa-c1b0edaadc22,Walton Ave & E 168 St,8179.03,-73.918316,40.83649,71.0,20,"{'android': 'https://bkn.lft.to/lastmile_qr_scan', 'ios': 'https://bkn.lft.to/lastmile_qr_scan'}","['KEY', 'CREDITCARD']",True,classic,b896d83d-5524-4c9c-a2aa-c1b0edaadc22,False,[],False
69f84045-48f9-4c6c-90d3-0503e5ed39e9,Prospect Pl & Underhill Ave,4116.08,-73.96579,40.6769694,71.0,23,"{'android': 'https://bkn.lft.to/lastmile_qr_scan', 'ios': 'https://bkn.lft.to/lastmile_qr_scan'}","['KEY', 'CREDITCARD']",True,classic,69f84045-48f9-4c6c-90d3-0503e5ed39e9,False,[],False
1862002854876824190,Elmhurst Ave & Forley St,6240.05,-73.87763,40.74615,71.0,21,"{'android': 'https://bkn.lft.to/lastmile_qr_scan', 'ios': 'https://bkn.lft.to/lastmile_qr_scan'}","['KEY', 'CREDITCARD']",True,classic,1862002854876824190,False,[],False
1814901062206225038,Lenox Rd & E 43 St,3495.08,-73.93765,40.65496,71.0,21,"{'android': 'https://bkn.lft.to/lastmile_qr_scan', 'ios': 'https://bkn.lft.to/lastmile_qr_scan'}","['KEY', 'CREDITCARD']",True,classic,1814901062206225038,False,[],False
1962547377975794462,Carlton Ave & Greene Ave,4386.07,-73.971468,40.685957,71.0,25,"{'android': 'https://bkn.lft.to/lastmile_qr_scan', 'ios': 'https://bkn.lft.to/lastmile_qr_scan'}","['KEY', 'CREDITCARD']",True,classic,1962547377975794462,False,[],False
66dde103-0aca-11e7-82f6-3863bb44ef7c,E 88 St & Park Ave,7293.10,-73.95595908164978,40.781410700190015,71.0,38,"{'android': 'https://bkn.lft.to/lastmile_qr_scan', 'ios': 'https://bkn.lft.to/lastmile_qr_scan'}","['KEY', 'CREDITCARD']",True,classic,66dde103-0aca-11e7-82f6-3863bb44ef7c,False,[],False
1815968237323833702,Brooklyn Ave & Beverley Rd,3164.04,-73.94331,40.64575,71.0,21,"{'android': 'https://bkn.lft.to/lastmile_qr_scan', 'ios': 'https://bkn.lft.to/lastmile_qr_scan'}","['KEY', 'CREDITCARD']",True,classic,1815968237323833702,False,[],False
d8778570-f7f2-458d-82f5-9ad39210a501,E 5 St & Cooper Sq,5712.12,-73.990993,40.72769,71.0,50,"{'android': 'https://bkn.lft.to/lastmile_qr_scan', 'ios': 'https://bkn.lft.to/lastmile_qr_scan'}","['KEY', 'CREDITCARD']",True,classic,d8778570-f7f2-458d-82f5-9ad39210a501,False,[],False
0b613329-b8c8-4b8c-ad40-79952aa41157,1 Ave & E 110 St,7522.02,-73.9383,40.7923272,71.0,25,"{'android': 'https://bkn.lft.to/lastmile_qr_scan', 'ios': 'https://bkn.lft.to/lastmile_qr_scan'}","['KEY', 'CREDITCARD']",True,classic,0b613329-b8c8-4b8c-ad40-79952aa41157,False,[],False
7dda8844-60ba-4449-b05c-54c1d14ab5fb,Broadway & Morris St,5033.01,-74.01321887969969,40.705945132708806,71.0,69,"{'android': 'https://bkn.lft.to/lastmile_qr_scan', 'ios': 'https://bkn.lft.to/lastmile_qr_scan'}","['KEY', 'CREDITCARD']",True,classic,7dda8844-60ba-4449-b05c-54c1d14ab5fb,False,[],False
1814548067447122618,Calyer St & West St,5676.04,-73.95863,40.72693,71.0,35,"{'android': 'https://bkn.lft.to/lastmile_qr_scan', 'ios': 'https://bkn.lft.to/lastmile_qr_scan'}","['KEY', 'CREDITCARD']",True,classic,1814548067447122618,False,[],False
66de43a5-0aca-11e7-82f6-3863bb44ef7c,E 106 St & Madison Ave,7528.31,-73.94945003,40.7934337,71.0,25,"{'android': 'https://bkn.lft.to/lastmile_qr_scan', 'ios': 'https://bkn.lft.to/lastmile_qr_scan'}","['KEY', 'CREDITCARD']",True,classic,66de43a5-0aca-11e7-82f6-3863bb44ef7c,False,[],False
20ff5447-eac3-43b7-820f-f6fa3a2e12a8,Pleasant Ave & E 120 St,7579.01,-73.9311847,40.7974772,71.0,21,"{'android': 'https://bkn.lft.to/lastmile_qr_scan', 'ios': 'https://bkn.lft.to/lastmile_qr_scan'}","['KEY', 'CREDITCARD']",True,classic,20ff5447-eac3-43b7-820f-f6fa3a2e12a8,False,[],False
26217b73-7bb5-46e6-8094-1db05becd617,Amsterdam Ave & W 156 St,8104.10,-73.942386,40.832081,71.0,27,"{'android': 'https://bkn.lft.to/lastmile_qr_scan', 'ios': 'https://bkn.lft.to/lastmile_qr_scan'}","['KEY', 'CREDITCARD']",True,classic,26217b73-7bb5-46e6-8094-1db05becd617,False,[],False
42c3bb6e-0478-4e4a-af10-151f5f4dffb9,55 Dr & Maurice Ave,5579.04,-73.90917,40.7261,71.0,19,"{'android': 'https://bkn.lft.to/lastmile_qr_scan', 'ios': 'https://bkn.lft.to/lastmile_qr_scan'}","['KEY', 'CREDITCARD']",True,classic,42c3bb6e-0478-4e4a-af10-151f5f4dffb9,False,[],False
66de677e-0aca-11e7-82f6-3863bb44ef7c,E 106 St & Lexington Ave,7504.18,-73.945993,40.791976,71.0,27,"{'android': 'https://bkn.lft.to/lastmile_qr_scan', 'ios': 'https://bkn.lft.to/lastmile_qr_scan'}","['KEY', 'CREDITCARD']",True,classic,66de677e-0aca-11e7-82f6-3863bb44ef7c,False,[],False
66de13dc-0aca-11e7-82f6-3863bb44ef7c,Madison Ave & E 99 St,7443.01,-73.95242929458618,40.78948541553215,71.0,15,"{'android': 'https://bkn.lft.to/lastmile_qr_scan', 'ios': 'https://bkn.lft.to/lastmile_qr_scan'}","['KEY', 'CREDITCARD']",True,classic,66de13dc-0aca-11e7-82f6-3863bb44ef7c,False,[],False
1846085734612252774,98 St & 41 Ave,6304.04,-73.86649,40.74773,71.0,22,"{'android': 'https://bkn.lft.to/lastmile_qr_scan', 'ios': 'https://bkn.lft.to/lastmile_qr_scan'}","['KEY', 'CREDITCARD']",True,classic,1846085734612252774,False,[],False
6476c5fd-611e-436c-9736-e0f43bb7774e,E 163 St & Tiffany St,7927.08,-73.895069,40.821075,71.0,19,"{'android': 'https://bkn.lft.to/lastmile_qr_scan', 'ios': 'https://bkn.lft.to/lastmile_qr_scan'}","['KEY', 'CREDITCARD']",True,classic,6476c5fd-611e-436c-9736-e0f43bb7774e,False,[],False
ad57266c-34da-43da-8b48-2ba856002fbf,Grove St & Broadway,4526.01,-73.923511,40.69047,71.0,31,"{'android': 'https://bkn.lft.to/lastmile_qr_scan', 'ios': 'https://bkn.lft.to/lastmile_qr_scan'}","['KEY', 'CREDITCARD']",True,classic,ad57266c-34da-43da-8b48-2ba856002fbf,False,[],False
1817822909864556798,23 Ave & 31 St,7082.08,-73.91274864321404,40.77423301703027,71.0,27,"{'android': 'https://bkn.lft.to/lastmile_qr_scan', 'ios': 'https://bkn.lft.to/lastmile_qr_scan'}","['KEY', 'CREDITCARD']",True,classic,1817822909864556798,False,[],False
1848241791125254746,51 Ave & Junction Blvd,6113.07,-73.86772,40.74087,71.0,19,"{'android': 'https://bkn.lft.to/lastmile_qr_scan', 'ios': 'https://bkn.lft.to/lastmile_qr_scan'}","['KEY', 'CREDITCARD']",True,classic,1848241791125254746,False,[],False
1917312704757770810,1 Ave & E 38 St,6230.02,-73.971822,40.746202,71.0,39,"{'android': 'https://bkn.lft.to/lastmile_qr_scan', 'ios': 'https://bkn.lft.to/lastmile_qr_scan'}","['KEY', 'CREDITCARD']",True,classic,1917312704757770810,False,[],False
cbf76774-1276-4cf8-9442-f00571f1451c,Clinton St & Tillary St,4748.07,-73.99142056703568,40.69623297129316,71.0,34,"{'android': 'https://bkn.lft.to/lastmile_qr_scan', 'ios': 'https://bkn.lft.to/lastmile_qr_scan'}","['KEY', 'CREDITCARD']",False,classic,cbf76774-1276-4cf8-9442-f00571f1451c,False,[],False
66dbef15-0aca-11e7-82f6-3863bb44ef7c,Atlantic Ave & Furman St,4614.04,-73.9999786,40.69165183,71.0,55,"{'android': 'https://bkn.lft.to/lastmile_qr_scan', 'ios': 'https://bkn.lft.to/lastmile_qr_scan'}","['KEY', 'CREDITCARD']",True,classic,66dbef15-0aca-11e7-82f6-3863bb44ef7c,False,[],False
66dd1d9c-0aca-11e7-82f6-3863bb44ef7c,Meserole Ave & Manhattan Ave,5666.04,-73.95299117,40.72708584,71.0,28,"{'android': 'https://bkn.lft.to/lastmile_qr_scan', 'ios': 'https://bkn.lft.to/lastmile_qr_scan'}","['KEY', 'CREDITCARD']",False,classic,66dd1d9c-0aca-11e7-82f6-3863bb44ef7c,False,[],False
66db41bf-0aca-11e7-82f6-3863bb44ef7c,MacDougal St & Washington Sq,5797.01,-73.99852205,40.73226398,71.0,33,"{'android': 'https://bkn.lft.to/lastmile_qr_scan', 'ios': 'https://bkn.lft.to/lastmile_qr_scan'}","['KEY', 'CREDITCARD']",True,classic,66db41bf-0aca-11e7-82f6-3863bb44ef7c,False,[],False
3e1bdcec-e762-4e83-b447-007f05923cce,19 St & 24 Ave,7186.15,-73.9225403,40.7774552,71.0,23,"{'android': 'https://bkn.lft.to/lastmile_qr_scan', 'ios': 'https://bkn.lft.to/lastmile_qr_scan'}","['KEY', 'CREDITCARD']",True,classic,3e1bdcec-e762-4e83-b447-007f05923cce,False,[],False
2206769710011354736,62 Dr & 97 St,5836.08,-73.86256,40.73236,71.0,24,"{'android': 'https://bkn.lft.to/lastmile_qr_scan', 'ios': 'https://bkn.lft.to/lastmile_qr_scan'}","['KEY', 'CREDITCARD']",False,classic,2206769710011354736,False,[],False
66de4959-0aca-11e7-82f6-3863bb44ef7c,Clinton St & 4 Place,4119.04,-74.00014502,40.6783563,71.0,25,"{'android': 'https://bkn.lft.to/lastmile_qr_scan', 'ios': 'https://bkn.lft.to/lastmile_qr_scan'}","['KEY', 'CREDITCARD']",True,classic,66de4959-0aca-11e7-82f6-3863bb44ef7c,False,[],False
2235289471248018296,Kings Hwy & E 98 St,3623.03,-73.91948,40.66169,71.0,18,"{'android': 'https://bkn.lft.to/lastmile_qr_scan', 'ios': 'https://bkn.lft.to/lastmile_qr_scan'}","['KEY', 'CREDITCARD']",False,classic,2235289471248018296,False,[],False
2235288652396667648,Clarkson Ave & E 91 St,3518.04,-73.9247,40.65809,71.0,12,"{'android': 'https://bkn.lft.to/lastmile_qr_scan', 'ios': 'https://bkn.lft.to/lastmile_qr_scan'}","['KEY', 'CREDITCARD']",False,classic,2235288652396667648,False,[],False
66dd4c5f-0aca-11e7-82f6-3863bb44ef7c,Columbus Ave & W 72 St,7175.05,-73.97898475,40.7770575,71.0,67,"{'android': 'https://bkn.lft.to/lastmile_qr_scan', 'ios': 'https://bkn.lft.to/lastmile_qr_scan'}","['KEY', 'CREDITCARD']",True,classic,66dd4c5f-0aca-11e7-82f6-3863bb44ef7c,False,[],False
66dd17a5-0aca-11e7-82f6-3863bb44ef7c,Nassau Ave & Newell St,5623.03,-73.94752621650696,40.724812564400175,71.0,51,"{'android': 'https://bkn.lft.to/lastmile_qr_scan', 'ios': 'https://bkn.lft.to/lastmile_qr_scan'}","['KEY', 'CREDITCARD']",True,classic,66dd17a5-0aca-11e7-82f6-3863bb44ef7c,False,[],False
59af018a-2ee9-489a-b445-bb6fba9c1119,W 163 St & Riverside Dr,8210.01,-73.945446,40.839278,71.0,19,"{'android': 'https://bkn.lft.to/lastmile_qr_scan', 'ios': 'https://bkn.lft.to/lastmile_qr_scan'}","['KEY', 'CREDITCARD']",True,classic,59af018a-2ee9-489a-b445-bb6fba9c1119,False,[],False
1851254468343716806,60 Ave & Otis Ave,5945.01,-73.85614,40.73715,71.0,21,"{'android': 'https://bkn.lft.to/lastmile_qr_scan', 'ios': 'https://bkn.lft.to/lastmile_qr_scan'}","['KEY', 'CREDITCARD']",True,classic,1851254468343716806,False,[],False
bf880f45-422c-4e0b-b3b0-2b1f5ba94da4,Fulton Ave & St Paul's Pl,8152.03,-73.90153,40.83545,71.0,19,"{'android': 'https://bkn.lft.to/lastmile_qr_scan', 'ios': 'https://bkn.lft.to/lastmile_qr_scan'}","['KEY', 'CREDITCARD']",True,classic,bf880f45-422c-4e0b-b3b0-2b1f5ba94da4,False,[],False
a2ef8ed2-6031-4049-b7dc-9838ef39889b,Dawson St & Intervale Ave,7888.10,-73.897263,40.819999,71.0,19,"{'android': 'https://bkn.lft.to/lastmile_qr_scan', 'ios': 'https://bkn.lft.to/lastmile_qr_scan'}","['KEY', 'CREDITCARD']",True,classic,a2ef8ed2-6031-4049-b7dc-9838ef39889b,False,[],False
2206780889143294664,Queens Blvd N & 75 Ave,5434.08,-73.8377,40.71894,71.0,25,"{'android': 'https://bkn.lft.to/lastmile_qr_scan', 'ios': 'https://bkn.lft.to/lastmile_qr_scan'}","['KEY', 'CREDITCARD']",False,classic,2206780889143294664,False,[],False
457ea5d7-d643-4028-87db-46dee0b81555,Kingsland Ave & Nassau Ave,5613.04,-73.94173,40.72577,71.0,39,"{'android': 'https://bkn.lft.to/lastmile_qr_scan', 'ios': 'https://bkn.lft.to/lastmile_qr_scan'}","['KEY', 'CREDITCARD']",True,classic,457ea5d7-d643-4028-87db-46dee0b81555,False,[],False
66dc686c-0aca-11e7-82f6-3863bb44ef7c,8 Ave & W 33 St,6450.12,-73.99376901480953,40.75156757136795,71.0,96,"{'android': 'https://bkn.lft.to/lastmile_qr_scan', 'ios': 'https://bkn.lft.to/lastmile_qr_scan'}","['KEY', 'CREDITCARD']",True,classic,66dc686c-0aca-11e7-82f6-3863bb44ef7c,False,[],False
66de25bd-0aca-11e7-82f6-3863bb44ef7c,3 St & 3 Ave,4028.03,-73.98775226,40.6750705,71.0,79,"{'android': 'https://bkn.lft.to/lastmile_qr_scan', 'ios': 'https://bkn.lft.to/lastmile_qr_scan'}","['KEY', 'CREDITCARD']",True,classic,66de25bd-0aca-11e7-82f6-3863bb44ef7c,False,[],False
59b747c1-fbfb-4a3d-9394-8d06834d7c98,Sherman Ave & Thayer St,8583.02,-73.926994,40.863124,71.0,21,"{'android': 'https://bkn.lft.to/lastmile_qr_scan', 'ios': 'https://bkn.lft.to/lastmile_qr_scan'}","['KEY', 'CREDITCARD']",True,classic,59b747c1-fbfb-4a3d-9394-8d06834d7c98,False,[],False
1859088223746072684,Verona Pl & Fulton St,4214.04,-73.9476791024208,40.6803560840434,71.0,19,"{'android': 'https://bkn.lft.to/lastmile_qr_scan', 'ios': 'https://bkn.lft.to/lastmile_qr_scan'}","['KEY', 'CREDITCARD']",True,classic,1859088223746072684,False,[],False
1975518133370609774,Broadway & E 19 St,5980.11,-73.99006,40.73829,71.0,99,"{'android': 'https://bkn.lft.to/lastmile_qr_scan', 'ios': 'https://bkn.lft.to/lastmile_qr_scan'}","['KEY', 'CREDITCARD']",True,classic,1975518133370609774,False,[],False
ca843847-923a-40b7-80ca-c1c3fff6e818,Macombs Rd & W 175 St,8344.04,-73.916082,40.848177,71.0,20,"{'android': 'https://bkn.lft.to/lastmile_qr_scan', 'ios': 'https://bkn.lft.to/lastmile_qr_scan'}","['KEY', 'CREDITCARD']",True,classic,ca843847-923a-40b7-80ca-c1c3fff6e818,False,[],False
66dbee85-0aca-11e7-82f6-3863bb44ef7c,Fulton St & Clermont Ave,4386.05,-73.96922273,40.68415748,71.0,75,"{'android': 'https://bkn.lft.to/lastmile_qr_scan', 'ios': 'https://bkn.lft.to/lastmile_qr_scan'}","['KEY', 'CREDITCARD']",True,classic,66dbee85-0aca-11e7-82f6-3863bb44ef7c,False,[],False
1849010133527040242,111 St & Roosevelt Ave,6448.07,-73.8557,40.75147,71.0,21,"{'android': 'https://bkn.lft.to/lastmile_qr_scan', 'ios': 'https://bkn.lft.to/lastmile_qr_scan'}","['KEY', 'CREDITCARD']",True,classic,1849010133527040242,False,[],False
66dbe15d-0aca-11e7-82f6-3863bb44ef7c,Franklin Ave & Myrtle Ave,4715.01,-73.95801365375519,40.694546087246025,71.0,27,"{'android': 'https://bkn.lft.to/lastmile_qr_scan', 'ios': 'https://bkn.lft.to/lastmile_qr_scan'}","['KEY', 'CREDITCARD']",False,classic,66dbe15d-0aca-11e7-82f6-3863bb44ef7c,False,[],False
2206772051528680770,62 Dr & 110 St,5936.06,-73.84904,40.73632,71.0,14,"{'android': 'https://bkn.lft.to/lastmile_qr_scan', 'ios': 'https://bkn.lft.to/lastmile_qr_scan'}","['KEY', 'CREDITCARD']",False,classic,2206772051528680770,False,[],False
2177016530523622712,Post Rd & W 251 St,8998.03,-73.89793,40.89561,71.0,12,"{'android': 'https://bkn.lft.to/lastmile_qr_scan', 'ios': 'https://bkn.lft.to/lastmile_qr_scan'}","['KEY', 'CREDITCARD']",False,classic,2177016530523622712,False,[],False
e9b3a725-6963-4151-8f7f-9beeb51fa20f,Menahan St & Seneca Ave,4963.13,-73.91054,40.70461,71.0,16,"{'android': 'https://bkn.lft.to/lastmile_qr_scan', 'ios': 'https://bkn.lft.to/lastmile_qr_scan'}","['KEY', 'CREDITCARD']",True,classic,e9b3a725-6963-4151-8f7f-9beeb51fa20f,False,[],False
2124037250266884686,Colonial Rd & 89 St,2312.02,-74.03726,40.62254,71.0,12,"{'android': 'https://bkn.lft.to/lastmile_qr_scan', 'ios': 'https://bkn.lft.to/lastmile_qr_scan'}","['KEY', 'CREDITCARD']",False,classic,2124037250266884686,False,[],False
63a838a8-9acf-4ba1-91f5-c676f6ef2f7d,Green St & McGuinness Blvd,5860.02,-73.95204,40.73396,71.0,20,"{'android': 'https://bkn.lft.to/lastmile_qr_scan', 'ios': 'https://bkn.lft.to/lastmile_qr_scan'}","['KEY', 'CREDITCARD']",True,classic,63a838a8-9acf-4ba1-91f5-c676f6ef2f7d,False,[],False
bc9c9006-3d40-400d-8b5c-17f56e6dfcee,Amsterdam Ave & W 162 St,8172.07,-73.939789,40.83618,71.0,27,"{'android': 'https://bkn.lft.to/lastmile_qr_scan', 'ios': 'https://bkn.lft.to/lastmile_qr_scan'}","['KEY', 'CREDITCARD']",True,classic,bc9c9006-3d40-400d-8b5c-17f56e6dfcee,False,[],False
64f0f28c-bedc-42d5-b107-ecdd48fc30cd,Broadway & W 48 St,6708.04,-73.98486793041229,40.76017739537783,71.0,103,"{'android': 'https://bkn.lft.to/lastmile_qr_scan', 'ios': 'https://bkn.lft.to/lastmile_qr_scan'}","['KEY', 'CREDITCARD']",True,classic,64f0f28c-bedc-42d5-b107-ecdd48fc30cd,False,[],False
1d3a8670-09b3-4127-b750-af5311e565f0,Mount Eden Pkwy & Eastburn Ave,8245.03,-73.908544,40.842675,71.0,19,"{'android': 'https://bkn.lft.to/lastmile_qr_scan', 'ios': 'https://bkn.lft.to/lastmile_qr_scan'}","['KEY', 'CREDITCARD']",True,classic,1d3a8670-09b3-4127-b750-af5311e565f0,False,[],False
c638ec67-9ac0-416f-944f-619926144931,E 40 St & Park Ave,6432.11,-73.978326,40.750756,71.0,123,"{'android': 'https://bkn.lft.to/lastmile_qr_scan', 'ios': 'https://bkn.lft.to/lastmile_qr_scan'}","['KEY', 'CREDITCARD']",True,classic,c638ec67-9ac0-416f-944f-619926144931,False,[],False
2250946729501126742,Atlantic Ave & Snediker Ave,4087.06,-73.90245,40.6755,71.0,20,"{'android': 'https://bkn.lft.to/lastmile_qr_scan', 'ios': 'https://bkn.lft.to/lastmile_qr_scan'}","['KEY', 'CREDITCARD']",False,classic,2250946729501126742,False,[],False
6cd10426-b4e9-40e1-9b35-61f609190ac0,31 St & Hoyt Ave N,7018.01,-73.9170074,40.7711528,71.0,35,"{'android': 'https://bkn.lft.to/lastmile_qr_scan', 'ios': 'https://bkn.lft.to/lastmile_qr_scan'}","['KEY', 'CREDITCARD']",True,classic,6cd10426-b4e9-40e1-9b35-61f609190ac0,False,[],False
2235290968119410012,Livonia Ave & Saratoga Ave,3655.06,-73.91566,40.66166,71.0,21,"{'android': 'https://bkn.lft.to/lastmile_qr_scan', 'ios': 'https://bkn.lft.to/lastmile_qr_scan'}","['KEY', 'CREDITCARD']",False,classic,2235290968119410012,False,[],False
475c44e1-31e3-4c60-b071-af2ca3f7618c,Prospect Pl & Nostrand Ave,4025.02,-73.9503,40.67428,71.0,22,"{'android': 'https://bkn.lft.to/lastmile_qr_scan', 'ios': 'https://bkn.lft.to/lastmile_qr_scan'}","['KEY', 'CREDITCARD']",True,classic,475c44e1-31e3-4c60-b071-af2ca3f7618c,False,[],False
66de4bbb-0aca-11e7-82f6-3863bb44ef7c,Smith St & 9 St,4077.04,-73.99785768,40.6746957,71.0,23,"{'android': 'https://bkn.lft.to/lastmile_qr_scan', 'ios': 'https://bkn.lft.to/lastmile_qr_scan'}","['KEY', 'CREDITCARD']",True,classic,66de4bbb-0aca-11e7-82f6-3863bb44ef7c,False,[],False
2177014969129222184,Henry Hudson Pkwy E & W 231 St,8838.06,-73.91505,40.88336,71.0,12,"{'android': 'https://bkn.lft.to/lastmile_qr_scan', 'ios': 'https://bkn.lft.to/lastmile_qr_scan'}","['KEY', 'CREDITCARD']",False,classic,2177014969129222184,False,[],False
1835246658344669972,96 St & Northern Blvd,6660.07,-73.8722,40.75712,71.0,20,"{'android': 'https://bkn.lft.to/lastmile_qr_scan', 'ios': 'https://bkn.lft.to/lastmile_qr_scan'}","['KEY', 'CREDITCARD']",True,classic,1835246658344669972,False,[],False
66ddec3e-0aca-11e7-82f6-3863bb44ef7c,14 St & 7 Ave,3731.11,-73.98396846,40.663779,71.0,24,"{'android': 'https://bkn.lft.to/lastmile_qr_scan', 'ios': 'https://bkn.lft.to/lastmile_qr_scan'}","['KEY', 'CREDITCARD']",True,classic,66ddec3e-0aca-11e7-82f6-3863bb44ef7c,False,[],False
2124426307973079924,Shore Rd & 4 Ave,2009.04,-74.03513,40.6115,71.0,12,"{'android': 'https://bkn.lft.to/lastmile_qr_scan', 'ios': 'https://bkn.lft.to/lastmile_qr_scan'}","['KEY', 'CREDITCARD']",False,classic,2124426307973079924,False,[],False
a2cf5872-bd4c-4311-832e-d62fd779ecc3,Parkside Ave & Flatbush Ave,3480.04,-73.95968,40.65563,71.0,25,"{'android': 'https://bkn.lft.to/lastmile_qr_scan', 'ios': 'https://bkn.lft.to/lastmile_qr_scan'}","['KEY', 'CREDITCARD']",True,classic,a2cf5872-bd4c-4311-832e-d62fd779ecc3,False,[],False
1864605386632012480,E 184 St & 3 Ave,8467.03,-73.89022,40.85472,71.0,19,"{'android': 'https://bkn.lft.to/lastmile_qr_scan', 'ios': 'https://bkn.lft.to/lastmile_qr_scan'}","['KEY', 'CREDITCARD']",True,classic,1864605386632012480,False,[],False
2171919049376995084,10 Ave & W 34 St,6535.05,-73.99914588449698,40.75476986284269,71.0,33,"{'android': 'https://bkn.lft.to/lastmile_qr_scan', 'ios': 'https://bkn.lft.to/lastmile_qr_scan'}","['KEY', 'CREDITCARD']",True,classic,2171919049376995084,False,[],False
b371c432-b682-412f-9b85-8df84ce7a9f3,St Nicholas Ave & W 137 St,7898.03,-73.947568,40.818477,71.0,21,"{'android': 'https://bkn.lft.to/lastmile_qr_scan', 'ios': 'https://bkn.lft.to/lastmile_qr_scan'}","['KEY', 'CREDITCARD']",True,classic,b371c432-b682-412f-9b85-8df84ce7a9f3,False,[],False
1f8f6714-42a7-45d5-86cd-a093c940b2c9,Grand Concourse & E 161 St,8021.11,-73.9227358996868,40.82713380423556,71.0,27,"{'android': 'https://bkn.lft.to/lastmile_qr_scan', 'ios': 'https://bkn.lft.to/lastmile_qr_scan'}","['KEY', 'CREDITCARD']",True,classic,1f8f6714-42a7-45d5-86cd-a093c940b2c9,False,[],False
66dd056e-0aca-11e7-82f6-3863bb44ef7c,Graham Ave & Withers St,5403.04,-73.94485918,40.7169811,71.0,18,"{'android': 'https://bkn.lft.to/lastmile_qr_scan', 'ios': 'https://bkn.lft.to/lastmile_qr_scan'}","['KEY', 'CREDITCARD']",False,classic,66dd056e-0aca-11e7-82f6-3863bb44ef7c,False,[],False
2121032386733337206,37 St & 13 Ave,3056.07,-73.98505,40.64166,71.0,16,"{'android': 'https://bkn.lft.to/lastmile_qr_scan', 'ios': 'https://bkn.lft.to/lastmile_qr_scan'}","['KEY', 'CREDITCARD']",False,classic,2121032386733337206,False,[],False
66dc7ba2-0aca-11e7-82f6-3863bb44ef7c,E 14 St & Ave B,5736.09,-73.97772429,40.72938685,71.0,43,"{'android': 'https://bkn.lft.to/lastmile_qr_scan', 'ios': 'https://bkn.lft.to/lastmile_qr_scan'}","['KEY', 'CREDITCARD']",False,classic,66dc7ba2-0aca-11e7-82f6-3863bb44ef7c,False,[],False
1960020234227886806,3 Ave & E 62 St,6830.04,-73.96527,40.76313,71.0,51,"{'android': 'https://bkn.lft.to/lastmile_qr_scan', 'ios': 'https://bkn.lft.to/lastmile_qr_scan'}","['KEY', 'CREDITCARD']",False,classic,1960020234227886806,False,[],False
66dcbac5-0aca-11e7-82f6-3863bb44ef7c,Lewis Ave & Decatur St,4237.01,-73.934903,40.6814598,71.0,19,"{'android': 'https://bkn.lft.to/lastmile_qr_scan', 'ios': 'https://bkn.lft.to/lastmile_qr_scan'}","['KEY', 'CREDITCARD']",True,classic,66dcbac5-0aca-11e7-82f6-3863bb44ef7c,False,[],False
6969d756-33a6-4a0b-83d0-3db38bc382d1,53 St & 2 Ave,3211.06,-74.018846,40.64744,71.0,30,"{'android': 'https://bkn.lft.to/lastmile_qr_scan', 'ios': 'https://bkn.lft.to/lastmile_qr_scan'}","['KEY', 'CREDITCARD']",True,classic,6969d756-33a6-4a0b-83d0-3db38bc382d1,False,[],False
66dbc420-0aca-11e7-82f6-3863bb44ef7c,Clinton St & Grand St,5303.06,-73.9870295,40.71559509,71.0,54,"{'android': 'https://bkn.lft.to/lastmile_qr_scan', 'ios': 'https://bkn.lft.to/lastmile_qr_scan'}","['KEY', 'CREDITCARD']",False,classic,66dbc420-0aca-11e7-82f6-3863bb44ef7c,False,[],False
66dc7773-0aca-11e7-82f6-3863bb44ef7c,E 20 St & Park Ave,6055.08,-73.98751968,40.73827428,71.0,45,"{'android': 'https://bkn.lft.to/lastmile_qr_scan', 'ios': 'https://bkn.lft.to/lastmile_qr_scan'}","['KEY', 'CREDITCARD']",True,classic,66dc7773-0aca-11e7-82f6-3863bb44ef7c,False,[],False
66de71af-0aca-11e7-82f6-3863bb44ef7c,Hanson Pl & Ashland Pl,4395.07,-73.97790759801863,40.68506807308177,71.0,39,"{'android': 'https://bkn.lft.to/lastmile_qr_scan', 'ios': 'https://bkn.lft.to/lastmile_qr_scan'}","['KEY', 'CREDITCARD']",True,classic,66de71af-0aca-11e7-82f6-3863bb44ef7c,False,[],False
581bc4fe-cf14-4767-8377-6fa156ff8a29,Morris Ave & E 153 St,7901.04,-73.921411,40.820036,71.0,19,"{'android': 'https://bkn.lft.to/lastmile_qr_scan', 'ios': 'https://bkn.lft.to/lastmile_qr_scan'}","['KEY', 'CREDITCARD']",True,classic,581bc4fe-cf14-4767-8377-6fa156ff8a29,False,[],False
73b403cf-86fd-4f93-a484-5cb06a2abeea,W 18 St & 9 Ave,6190.03,-74.00367558002472,40.7435337324616,71.0,0,"{'android': 'https://bkn.lft.to/lastmile_qr_scan', 'ios': 'https://bkn.lft.to/lastmile_qr_scan'}","['KEY', 'CREDITCARD']",True,classic,73b403cf-86fd-4f93-a484-5cb06a2abeea,False,[],False
1875023224873448258,91 St & 23 Ave,6949.03,-73.87899,40.76768,71.0,22,"{'android': 'https://bkn.lft.to/lastmile_qr_scan', 'ios': 'https://bkn.lft.to/lastmile_qr_scan'}","['KEY', 'CREDITCARD']",True,classic,1875023224873448258,False,[],False
66de0bcb-0aca-11e7-82f6-3863bb44ef7c,Riverside Dr & W 104 St,7623.13,-73.9711457439,40.8013434,71.0,0,"{'android': 'https://bkn.lft.to/lastmile_qr_scan', 'ios': 'https://bkn.lft.to/lastmile_qr_scan'}","['KEY', 'CREDITCARD']",True,classic,66de0bcb-0aca-11e7-82f6-3863bb44ef7c,False,[],False
1865017865553426604,Stratford Rd & Beverley Rd,3113.10,-73.96867,40.64378,71.0,19,"{'android': 'https://bkn.lft.to/lastmile_qr_scan', 'ios': 'https://bkn.lft.to/lastmile_qr_scan'}","['KEY', 'CREDITCARD']",True,classic,1865017865553426604,False,[],False
54782566-697b-497e-a503-dc1f39963eb2,38 St & 30 Ave,6850.01,-73.91583994030952,40.764174520197685,71.0,0,"{'android': 'https://bkn.lft.to/lastmile_qr_scan', 'ios': 'https://bkn.lft.to/lastmile_qr_scan'}","['KEY', 'CREDITCARD']",True,classic,54782566-697b-497e-a503-dc1f39963eb2,False,[],False
ea9a19a6-acea-4286-a723-b5481c90a3c0,Rutland Rd & Brooklyn Ave,3576.1,-73.94517,40.65969,,63,"{'android': 'https://bkn.lft.to/lastmile_qr_scan', 'ios': 'https://bkn.lft.to/lastmile_qr_scan'}","['KEY', 'CREDITCARD']",True,classic,ea9a19a6-acea-4286-a723-b5481c90a3c0,False,[],False
1846085533896197012,51 Ave & Van Loon St,6047.03,-73.87913,40.73832,71.0,0,"{'android': 'https://bkn.lft.to/lastmile_qr_scan', 'ios': 'https://bkn.lft.to/lastmile_qr_scan'}","['KEY', 'CREDITCARD']",True,classic,1846085533896197012,False,[],False
1a083890-e22b-4f81-8d98-567784034916,Cedar Ave & W Fordham Rd,8575.02,-73.91219,40.86156,71.0,24,"{'android': 'https://bkn.lft.to/lastmile_qr_scan', 'ios': 'https://bkn.lft.to/lastmile_qr_scan'}","['KEY', 'CREDITCARD']",True,classic,1a083890-e22b-4f81-8d98-567784034916,False,[],False
1814907062275537820,Beverley Rd & Flatbush Ave,3180.02,-73.95818,40.64499,71.0,30,"{'android': 'https://bkn.lft.to/lastmile_qr_scan', 'ios': 'https://bkn.lft.to/lastmile_qr_scan'}","['KEY', 'CREDITCARD']",True,classic,1814907062275537820,False,[],False
2263851174204787338,Suffolk St & Delancey St,5374.02,-73.986507,40.718301,71.0,0,"{'android': 'https://bkn.lft.to/lastmile_qr_scan', 'ios': 'https://bkn.lft.to/lastmile_qr_scan'}","['KEY', 'CREDITCARD']",False,classic,2263851174204787338,False,[],False
2263849920547958150,Charlton St & Hudson St,5653.19,-74.007482,40.727393,71.0,0,"{'android': 'https://bkn.lft.to/lastmile_qr_scan', 'ios': 'https://bkn.lft.to/lastmile_qr_scan'}","['KEY', 'CREDITCARD']",False,classic,2263849920547958150,False,[],False
66dc7323-0aca-11e7-82f6-3863bb44ef7c,W 26 St & 8 Ave,6297.02,-73.99723551,40.74734825,71.0,0,"{'android': 'https://bkn.lft.to/lastmile_qr_scan', 'ios': 'https://bkn.lft.to/lastmile_qr_scan'}","['KEY', 'CREDITCARD']",True,classic,66dc7323-0aca-11e7-82f6-3863bb44ef7c,False,[],False
c37931bb-8571-4671-a9a8-f3cf23897680,1 Ave & E 6 St,5626.15,-73.98616880178452,40.72633085971696,71.0,0,"{'android': 'https://bkn.lft.to/lastmile_qr_scan', 'ios': 'https://bkn.lft.to/lastmile_qr_scan'}","['KEY', 'CREDITCARD']",True,classic,c37931bb-8571-4671-a9a8-f3cf23897680,False,[],False
2250953927866314938,Georgia Ave & New Lots Ave,3597.04,-73.89498,40.66114,71.0,16,"{'android': 'https://bkn.lft.to/lastmile_qr_scan', 'ios': 'https://bkn.lft.to/lastmile_qr_scan'}","['KEY', 'CREDITCARD']",False,classic,2250953927866314938,False,[],False
2250954799744676038,Warwick St & Hegeman Ave,3732.02,-73.88255,40.66372,71.0,14,"{'android': 'https://bkn.lft.to/lastmile_qr_scan', 'ios': 'https://bkn.lft.to/lastmile_qr_scan'}","['KEY', 'CREDITCARD']",False,classic,2250954799744676038,False,[],False
66dbebad-0aca-11e7-82f6-3863bb44ef7c,Jay St & Tech Pl,4710.06,-73.987167,40.695065,71.0,0,"{'android': 'https://bkn.lft.to/lastmile_qr_scan', 'ios': 'https://bkn.lft.to/lastmile_qr_scan'}","['KEY', 'CREDITCARD']",True,classic,66dbebad-0aca-11e7-82f6-3863bb44ef7c,False,[],False
66dc22a7-0aca-11e7-82f6-3863bb44ef7c,11 Ave & W 27 St,6425.04,-74.005226,40.751396,71.0,45,"{'android': 'https://bkn.lft.to/lastmile_qr_scan', 'ios': 'https://bkn.lft.to/lastmile_qr_scan'}","['KEY', 'CREDITCARD']",True,classic,66dc22a7-0aca-11e7-82f6-3863bb44ef7c,False,[],False
bb0ce308-e5d9-48c7-9f4b-cf0120f2c39a,W 145 St & Amsterdam Ave,7997.08,-73.947257,40.825244,71.0,24,"{'android': 'https://bkn.lft.to/lastmile_qr_scan', 'ios': 'https://bkn.lft.to/lastmile_qr_scan'}","['KEY', 'CREDITCARD']",True,classic,bb0ce308-e5d9-48c7-9f4b-cf0120f2c39a,False,[],False
7f1b4c40-d9fa-4182-be0e-a993655cfb6f,Brook Ave & E 138 St,7707.08,-73.91924,40.807408,71.0,23,"{'android': 'https://bkn.lft.to/lastmile_qr_scan', 'ios': 'https://bkn.lft.to/lastmile_qr_scan'}","['KEY', 'CREDITCARD']",True,classic,7f1b4c40-d9fa-4182-be0e-a993655cfb6f,False,[],False
48e7e465-f861-452a-9bf7-7eacd0b2bcac,48 St & 2 Ave,3283.05,-74.015606,40.650176,71.0,19,"{'android': 'https://bkn.lft.to/lastmile_qr_scan', 'ios': 'https://bkn.lft.to/lastmile_qr_scan'}","['KEY', 'CREDITCARD']",True,classic,48e7e465-f861-452a-9bf7-7eacd0b2bcac,False,[],False
15e1568b-f502-47a2-9d3d-b5aaa1edc239,Palmetto St & Traffic Ave,5129.01,-73.89441,40.70929,71.0,21,"{'android': 'https://bkn.lft.to/lastmile_qr_scan', 'ios': 'https://bkn.lft.to/lastmile_qr_scan'}","['KEY', 'CREDITCARD']",True,classic,15e1568b-f502-47a2-9d3d-b5aaa1edc239,False,[],False
66dc7659-0aca-11e7-82f6-3863bb44ef7c,FDR Drive & E 35 St,6230.04,-73.97121214,40.744219,71.0,123,"{'android': 'https://bkn.lft.to/lastmile_qr_scan', 'ios': 'https://bkn.lft.to/lastmile_qr_scan'}","['KEY', 'CREDITCARD']",True,classic,66dc7659-0aca-11e7-82f6-3863bb44ef7c,False,[],False
1851674088959433552,Judge St & Britton Ave,6207.06,-73.88112,40.74454,71.0,23,"{'android': 'https://bkn.lft.to/lastmile_qr_scan', 'ios': 'https://bkn.lft.to/lastmile_qr_scan'}","['KEY', 'CREDITCARD']",True,classic,1851674088959433552,False,[],False
94bcf812-5cff-460c-841f-54876ed1e7a4,Schenectady Ave & Prospect Pl,4007.01,-73.93363,40.67351,71.0,19,"{'android': 'https://bkn.lft.to/lastmile_qr_scan', 'ios': 'https://bkn.lft.to/lastmile_qr_scan'}","['KEY', 'CREDITCARD']",True,classic,94bcf812-5cff-460c-841f-54876ed1e7a4,False,[],False
66ddb6d9-0aca-11e7-82f6-3863bb44ef7c,University Pl & E 8 St,5755.14,-73.99490341544151,40.73143724085228,71.0,79,"{'android': 'https://bkn.lft.to/lastmile_qr_scan', 'ios': 'https://bkn.lft.to/lastmile_qr_scan'}","['KEY', 'CREDITCARD']",True,classic,66ddb6d9-0aca-11e7-82f6-3863bb44ef7c,False,[],False
e4980fd0-e540-40ca-acba-c2a74f3294fc,Prospect Park W & 20 St,3507.04,-73.983864,40.656633,71.0,25,"{'android': 'https://bkn.lft.to/lastmile_qr_scan', 'ios': 'https://bkn.lft.to/lastmile_qr_scan'}","['KEY', 'CREDITCARD']",True,classic,e4980fd0-e540-40ca-acba-c2a74f3294fc,False,[],False
1846086463217404850,94 St & 57 Ave,5920.03,-73.86752,40.73628,71.0,25,"{'android': 'https://bkn.lft.to/lastmile_qr_scan', 'ios': 'https://bkn.lft.to/lastmile_qr_scan'}","['KEY', 'CREDITCARD']",True,classic,1846086463217404850,False,[],False
2250949481755705772,Pennsylvania Ave & Pitkin Ave,3964.04,-73.89574,40.67204,71.0,11,"{'android': 'https://bkn.lft.to/lastmile_qr_scan', 'ios': 'https://bkn.lft.to/lastmile_qr_scan'}","['KEY', 'CREDITCARD']",False,classic,2250949481755705772,False,[],False
efa2a82f-eb4a-4b82-a602-6c42cb984101,Kingston Ave & Montgomery St,3759.07,-73.94269,40.66481,71.0,19,"{'android': 'https://bkn.lft.to/lastmile_qr_scan', 'ios': 'https://bkn.lft.to/lastmile_qr_scan'}","['KEY', 'CREDITCARD']",True,classic,efa2a82f-eb4a-4b82-a602-6c42cb984101,False,[],False
66de59bd-0aca-11e7-82f6-3863bb44ef7c,Wyckoff St & 3 Ave,4290.06,-73.98258555,40.6827549,71.0,22,"{'android': 'https://bkn.lft.to/lastmile_qr_scan', 'ios': 'https://bkn.lft.to/lastmile_qr_scan'}","['KEY', 'CREDITCARD']",True,classic,66de59bd-0aca-11e7-82f6-3863bb44ef7c,False,[],False
2250946870415589770,Georgia Ave & Fulton St,4120.03,-73.8992,40.67684,71.0,16,"{'android': 'https://bkn.lft.to/lastmile_qr_scan', 'ios': 'https://bkn.lft.to/lastmile_qr_scan'}","['KEY', 'CREDITCARD']",False,classic,2250946870415589770,False,[],False
fec4aa1b-9fc1-4dd9-ab39-c1d7370a6e54,Hunts Point Ave & Bryant Ave,7820.05,-73.8855,40.813991,71.0,21,"{'android': 'https://bkn.lft.to/lastmile_qr_scan', 'ios': 'https://bkn.lft.to/lastmile_qr_scan'}","['KEY', 'CREDITCARD']",True,classic,fec4aa1b-9fc1-4dd9-ab39-c1d7370a6e54,False,[],False
66db5e6a-0aca-11e7-82f6-3863bb44ef7c,Concord St & Bridge St,4781.03,-73.98476437,40.69766564,71.0,19,"{'android': 'https://bkn.lft.to/lastmile_qr_scan', 'ios': 'https://bkn.lft.to/lastmile_qr_scan'}","['KEY', 'CREDITCARD']",True,classic,66db5e6a-0aca-11e7-82f6-3863bb44ef7c,False,[],False
1814900752968579218,New York Ave & Lenox Rd,3431.02,-73.94716,40.65458,71.0,24,"{'android': 'https://bkn.lft.to/lastmile_qr_scan', 'ios': 'https://bkn.lft.to/lastmile_qr_scan'}","['KEY', 'CREDITCARD']",True,classic,1814900752968579218,False,[],False
1893519215751496610,40 St & 3 Ave,3388.03,-74.00902,40.6535,71.0,31,"{'android': 'https://bkn.lft.to/lastmile_qr_scan', 'ios': 'https://bkn.lft.to/lastmile_qr_scan'}","['KEY', 'CREDITCARD']",True,classic,1893519215751496610,False,[],False
81a34754-ae08-47a6-964d-4733849a8fab,Garrison Ave & Manida St,7905.05,-73.890247,40.818743,71.0,30,"{'android': 'https://bkn.lft.to/lastmile_qr_scan', 'ios': 'https://bkn.lft.to/lastmile_qr_scan'}","['KEY', 'CREDITCARD']",True,classic,81a34754-ae08-47a6-964d-4733849a8fab,False,[],False
1864605659096685518,Kingsbridge Terrace & W 230 St,8772.06,-73.90212,40.87555,71.0,20,"{'android': 'https://bkn.lft.to/lastmile_qr_scan', 'ios': 'https://bkn.lft.to/lastmile_qr_scan'}","['KEY', 'CREDITCARD']",True,classic,1864605659096685518,False,[],False
d08be53f-9691-4d6f-81f3-7d052abb7dd6,Albany Ave & Carroll St,3791.02,-73.93972,40.6667,71.0,19,"{'android': 'https://bkn.lft.to/lastmile_qr_scan', 'ios': 'https://bkn.lft.to/lastmile_qr_scan'}","['KEY', 'CREDITCARD']",True,classic,d08be53f-9691-4d6f-81f3-7d052abb7dd6,False,[],False
bdcbd89b-9ae0-461b-aa1d-7db7ead07400,3 Ave & Carroll St,4143.04,-73.9865,40.677027,71.0,27,"{'android': 'https://bkn.lft.to/lastmile_qr_scan', 'ios': 'https://bkn.lft.to/lastmile_qr_scan'}","['KEY', 'CREDITCARD']",True,classic,bdcbd89b-9ae0-461b-aa1d-7db7ead07400,False,[],False
66dde3b1-0aca-11e7-82f6-3863bb44ef7c,E 89 St & York Ave,7204.08,-73.946041,40.7779453,71.0,35,"{'android': 'https://bkn.lft.to/lastmile_qr_scan', 'ios': 'https://bkn.lft.to/lastmile_qr_scan'}","['KEY', 'CREDITCARD']",True,classic,66dde3b1-0aca-11e7-82f6-3863bb44ef7c,False,[],False
ffaa8f6a-a4ea-4d3a-a57c-f42f77cd4581,Thomas S. Boyland St & Fulton St,4138.04,-73.91367,40.67854,71.0,24,"{'android': 'https://bkn.lft.to/lastmile_qr_scan', 'ios': 'https://bkn.lft.to/lastmile_qr_scan'}","['KEY', 'CREDITCARD']",True,classic,ffaa8f6a-a4ea-4d3a-a57c-f42f77cd4581,False,[],False
1975559886658995034,5 Ave & 44 St,3233.02,-74.00646,40.64865,71.0,24,"{'android': 'https://bkn.lft.to/lastmile_qr_scan', 'ios': 'https://bkn.lft.to/lastmile_qr_scan'}","['KEY', 'CREDITCARD']",True,classic,1975559886658995034,False,[],False
b7c6ce96-a24d-4c1e-93ee-6f49c1adf119,E 165 St & Clay Ave,8052.02,-73.91288,40.82809,71.0,19,"{'android': 'https://bkn.lft.to/lastmile_qr_scan', 'ios': 'https://bkn.lft.to/lastmile_qr_scan'}","['KEY', 'CREDITCARD']",True,classic,b7c6ce96-a24d-4c1e-93ee-6f49c1adf119,False,[],False
1815968422007427668,Schenectady Ave & Cortelyou Rd,3155.01,-73.93268,40.64535,71.0,22,"{'android': 'https://bkn.lft.to/lastmile_qr_scan', 'ios': 'https://bkn.lft.to/lastmile_qr_scan'}","['KEY', 'CREDITCARD']",True,classic,1815968422007427668,False,[],False
f06c01c3-fd7f-443c-a0c7-fc9233d77f6a,67 St & Erik Pl,2733.03,-74.016562,40.633385,71.0,25,"{'android': 'https://bkn.lft.to/lastmile_qr_scan', 'ios': 'https://bkn.lft.to/lastmile_qr_scan'}","['KEY', 'CREDITCARD']",True,classic,f06c01c3-fd7f-443c-a0c7-fc9233d77f6a,False,[],False
3ff00115-e8da-4326-97d3-7bf4fe4df7a5,Macon St & Howard Ave,4408.07,-73.92011,40.68452,71.0,20,"{'android': 'https://bkn.lft.to/lastmile_qr_scan', 'ios': 'https://bkn.lft.to/lastmile_qr_scan'}","['KEY', 'CREDITCARD']",True,classic,3ff00115-e8da-4326-97d3-7bf4fe4df7a5,False,[],False
a82cc641-0926-4a63-b488-7060ab7dcd74,43 Ave & 47 St,6209.05,-73.91728967428207,40.7448062877224,71.0,33,"{'android': 'https://bkn.lft.to/lastmile_qr_scan', 'ios': 'https://bkn.lft.to/lastmile_qr_scan'}","['KEY', 'CREDITCARD']",True,classic,a82cc641-0926-4a63-b488-7060ab7dcd74,False,[],False
4f57360d-a4cb-4568-b74a-f3086ccaee2e,Seaman Ave & Beak St,8650.11,-73.926363,40.867505,71.0,21,"{'android': 'https://bkn.lft.to/lastmile_qr_scan', 'ios': 'https://bkn.lft.to/lastmile_qr_scan'}","['KEY', 'CREDITCARD']",True,classic,4f57360d-a4cb-4568-b74a-f3086ccaee2e,False,[],False
b9c209b2-6284-4f5a-a32a-680ef9da1c1f,Skillman Ave & 54 St,6276.05,-73.909887,40.745502,71.0,19,"{'android': 'https://bkn.lft.to/lastmile_qr_scan', 'ios': 'https://bkn.lft.to/lastmile_qr_scan'}","['KEY', 'CREDITCARD']",True,classic,b9c209b2-6284-4f5a-a32a-680ef9da1c1f,False,[],False
1908785111291682996,Marcy Ave & Rutledge St,4933.04,-73.95427,40.703681,71.0,19,"{'android': 'https://bkn.lft.to/lastmile_qr_scan', 'ios': 'https://bkn.lft.to/lastmile_qr_scan'}","['KEY', 'CREDITCARD']",True,classic,1908785111291682996,False,[],False
66dc8768-0aca-11e7-82f6-3863bb44ef7c,S 5 Pl & S 5 St,5125.03,-73.960876,40.710451,71.0,43,"{'android': 'https://bkn.lft.to/lastmile_qr_scan', 'ios': 'https://bkn.lft.to/lastmile_qr_scan'}","['KEY', 'CREDITCARD']",True,classic,66dc8768-0aca-11e7-82f6-3863bb44ef7c,False,[],False
7f6674c4-5568-4766-b172-0385348ae184,Amsterdam Ave & W 136 St,7920.05,-73.951819,40.819746,71.0,21,"{'android': 'https://bkn.lft.to/lastmile_qr_scan', 'ios': 'https://bkn.lft.to/lastmile_qr_scan'}","['KEY', 'CREDITCARD']",True,classic,7f6674c4-5568-4766-b172-0385348ae184,False,[],False
330ee4e3-29cb-48e5-845f-a8ccf1aa2ce6,Ditmars Blvd & 43 St,7039.03,-73.903865,40.771203,71.0,27,"{'android': 'https://bkn.lft.to/lastmile_qr_scan', 'ios': 'https://bkn.lft.to/lastmile_qr_scan'}","['KEY', 'CREDITCARD']",True,classic,330ee4e3-29cb-48e5-845f-a8ccf1aa2ce6,False,[],False
ebce9ecb-9678-4c42-89d7-08e54bc6fe90,Faile St & Garrison Ave,7922.01,-73.888271,40.820578,71.0,19,"{'android': 'https://bkn.lft.to/lastmile_qr_scan', 'ios': 'https://bkn.lft.to/lastmile_qr_scan'}","['KEY', 'CREDITCARD']",True,classic,ebce9ecb-9678-4c42-89d7-08e54bc6fe90,False,[],False
2250950473840751128,Blake Ave & Pennsylvania Ave,3851.03,-73.895,40.66777,71.0,12,"{'android': 'https://bkn.lft.to/lastmile_qr_scan', 'ios': 'https://bkn.lft.to/lastmile_qr_scan'}","['KEY', 'CREDITCARD']",False,classic,2250950473840751128,False,[],False
b30815c0-99b6-451b-be15-902992cb8abb,University Pl & E 14 St,5905.14,-73.992085,40.734814,71.0,61,"{'android': 'https://bkn.lft.to/lastmile_qr_scan', 'ios': 'https://bkn.lft.to/lastmile_qr_scan'}","['KEY', 'CREDITCARD']",True,classic,b30815c0-99b6-451b-be15-902992cb8abb,False,[],False
1828967346753327602,30 Ave & 80 St,6787.02,-73.88838,40.76109,71.0,19,"{'android': 'https://bkn.lft.to/lastmile_qr_scan', 'ios': 'https://bkn.lft.to/lastmile_qr_scan'}","['KEY', 'CREDITCARD']",True,classic,1828967346753327602,False,[],False
be435dfd-e859-487c-ae32-3d2b76d49a49,E 156 St & Brook Ave,7896.11,-73.912411,40.819823,71.0,19,"{'android': 'https://bkn.lft.to/lastmile_qr_scan', 'ios': 'https://bkn.lft.to/lastmile_qr_scan'}","['KEY', 'CREDITCARD']",True,classic,be435dfd-e859-487c-ae32-3d2b76d49a49,False,[],False
0c923abb-298a-4a47-b132-9fae73cc59e6,Hudson St & W 13 St,6115.06,-74.0052741765976,40.74005708567285,71.0,42,"{'android': 'https://bkn.lft.to/lastmile_qr_scan', 'ios': 'https://bkn.lft.to/lastmile_qr_scan'}","['KEY', 'CREDITCARD']",True,classic,0c923abb-298a-4a47-b132-9fae73cc59e6,False,[],False
8a13182a-4823-4fe7-afcd-a4ef0b134ed9,Clay Ave & E 173 St,8281.06,-73.904867,40.843264,71.0,19,"{'android': 'https://bkn.lft.to/lastmile_qr_scan', 'ios': 'https://bkn.lft.to/lastmile_qr_scan'}","['KEY', 'CREDITCARD']",True,classic,8a13182a-4823-4fe7-afcd-a4ef0b134ed9,False,[],False
5f7ac86c-1a98-4603-8749-4bb83ac84acd,Broadway & E 21 St,6098.10,-73.98958593606949,40.73988840858996,71.0,54,"{'android': 'https://bkn.lft.to/lastmile_qr_scan', 'ios': 'https://bkn.lft.to/lastmile_qr_scan'}","['KEY', 'CREDITCARD']",True,classic,5f7ac86c-1a98-4603-8749-4bb83ac84acd,False,[],False
1834145868297717964,New York Ave & Montgomery St,3728.05,-73.94824,40.66509,71.0,20,"{'android': 'https://bkn.lft.to/lastmile_qr_scan', 'ios': 'https://bkn.lft.to/lastmile_qr_scan'}","['KEY', 'CREDITCARD']",True,classic,1834145868297717964,False,[],False
66dbf062-0aca-11e7-82f6-3863bb44ef7c,Allen St & Rivington St,5414.06,-73.98997825,40.72019576,71.0,42,"{'android': 'https://bkn.lft.to/lastmile_qr_scan', 'ios': 'https://bkn.lft.to/lastmile_qr_scan'}","['KEY', 'CREDITCARD']",True,classic,66dbf062-0aca-11e7-82f6-3863bb44ef7c,False,[],False
7f8cb36a-2bf4-4d57-afbd-331310f25355,Amsterdam Ave & W 125 St,7800.03,-73.956461,40.813358,71.0,39,"{'android': 'https://bkn.lft.to/lastmile_qr_scan', 'ios': 'https://bkn.lft.to/lastmile_qr_scan'}","['KEY', 'CREDITCARD']",True,classic,7f8cb36a-2bf4-4d57-afbd-331310f25355,False,[],False
66dc1e55-0aca-11e7-82f6-3863bb44ef7c,W 49 St & 8 Ave,6747.06,-73.98788205,40.76227205,71.0,67,"{'android': 'https://bkn.lft.to/lastmile_qr_scan', 'ios': 'https://bkn.lft.to/lastmile_qr_scan'}","['KEY', 'CREDITCARD']",True,classic,66dc1e55-0aca-11e7-82f6-3863bb44ef7c,False,[],False
2018303498843153278,11 St & 43 Ave,6438.05,-73.94821,40.75177,71.0,28,"{'android': 'https://bkn.lft.to/lastmile_qr_scan', 'ios': 'https://bkn.lft.to/lastmile_qr_scan'}","['KEY', 'CREDITCARD']",True,classic,2018303498843153278,False,[],False
8ef6ec7d-e898-4edc-8f3f-af888f8c5ef4,Jerome Ave & Bedford Park Blvd E,8734.02,-73.88971,40.87307,71.0,25,"{'android': 'https://bkn.lft.to/lastmile_qr_scan', 'ios': 'https://bkn.lft.to/lastmile_qr_scan'}","['KEY', 'CREDITCARD']",True,classic,8ef6ec7d-e898-4edc-8f3f-af888f8c5ef4,False,[],False
852218fc-5e5b-4153-bc3f-03760b57e68a,Freeman St & Southern Blvd,8060.01,-73.892103,40.830051,71.0,23,"{'android': 'https://bkn.lft.to/lastmile_qr_scan', 'ios': 'https://bkn.lft.to/lastmile_qr_scan'}","['KEY', 'CREDITCARD']",True,classic,852218fc-5e5b-4153-bc3f-03760b57e68a,False,[],False
e10a6e12-d98c-4625-940a-9f83d9b2f6c4,20 Ave & 42 St,7163.07,-73.900063,40.775415,71.0,21,"{'android': 'https://bkn.lft.to/lastmile_qr_scan', 'ios': 'https://bkn.lft.to/lastmile_qr_scan'}","['KEY', 'CREDITCARD']",True,classic,e10a6e12-d98c-4625-940a-9f83d9b2f6c4,False,[],False
e72f0aec-2293-4636-988c-b9d30df092f8,Liberty St & Nassau St,5105.09,-74.00935482,40.70858894,71.0,45,"{'android': 'https://bkn.lft.to/lastmile_qr_scan', 'ios': 'https://bkn.lft.to/lastmile_qr_scan'}","['KEY', 'CREDITCARD']",True,classic,e72f0aec-2293-4636-988c-b9d30df092f8,False,[],False
1885718199416500650,Crescent Ave & Belmont Ave,8447.07,-73.8866,40.85391,71.0,24,"{'android': 'https://bkn.lft.to/lastmile_qr_scan', 'ios': 'https://bkn.lft.to/lastmile_qr_scan'}","['KEY', 'CREDITCARD']",True,classic,1885718199416500650,False,[],False
1880643915885220532,Eastern Pkwy & Franklin Ave (SW Corner),3919.12,-73.958222,40.670529,71.0,30,"{'android': 'https://bkn.lft.to/lastmile_qr_scan', 'ios': 'https://bkn.lft.to/lastmile_qr_scan'}","['KEY', 'CREDITCARD']",True,classic,1880643915885220532,False,[],False
5600446d-a00a-45e6-9dc3-550adfd63e39,Ogden Ave & W 164 St,8115.01,-73.929372,40.832812,71.0,19,"{'android': 'https://bkn.lft.to/lastmile_qr_scan', 'ios': 'https://bkn.lft.to/lastmile_qr_scan'}","['KEY', 'CREDITCARD']",True,classic,5600446d-a00a-45e6-9dc3-550adfd63e39,False,[],False
a90e9ad3-4347-4fa4-b031-9bf1f69ce049,39 Dr & 52 St,6316.05,-73.91197,40.74732,71.0,19,"{'android': 'https://bkn.lft.to/lastmile_qr_scan', 'ios': 'https://bkn.lft.to/lastmile_qr_scan'}","['KEY', 'CREDITCARD']",True,classic,a90e9ad3-4347-4fa4-b031-9bf1f69ce049,False,[],False
1906951766876655628,Sterling Pl & Classon Ave,4033.18,-73.96026,40.6739411,71.0,29,"{'android': 'https://bkn.lft.to/lastmile_qr_scan', 'ios': 'https://bkn.lft.to/lastmile_qr_scan'}","['KEY', 'CREDITCARD']",True,classic,1906951766876655628,False,[],False
2235291175136613374,Riverdale Ave & Thomas S. Boyland St,3615.04,-73.91099,40.6606,71.0,15,"{'android': 'https://bkn.lft.to/lastmile_qr_scan', 'ios': 'https://bkn.lft.to/lastmile_qr_scan'}","['KEY', 'CREDITCARD']",False,classic,2235291175136613374,False,[],False
f54ad1f8-fe58-49ac-82ae-b742aec66829,Lafayette St & Grand St,5422.09,-73.99879,40.72028,71.0,78,"{'android': 'https://bkn.lft.to/lastmile_qr_scan', 'ios': 'https://bkn.lft.to/lastmile_qr_scan'}","['KEY', 'CREDITCARD']",True,classic,f54ad1f8-fe58-49ac-82ae-b742aec66829,False,[],False
0ebdda6a-37e4-4ff4-94e8-3947f49d8e24,Knickerbocker Ave & Hancock St,4663.02,-73.90974,40.69385,71.0,22,"{'android': 'https://bkn.lft.to/lastmile_qr_scan', 'ios': 'https://bkn.lft.to/lastmile_qr_scan'}","['KEY', 'CREDITCARD']",True,classic,0ebdda6a-37e4-4ff4-94e8-3947f49d8e24,False,[],False
62e2b1dd-ca52-4e1c-a112-1d8846b9d9b5,Greenwood Ave & E 4 St,3353.04,-73.977739,40.650739,71.0,21,"{'android': 'https://bkn.lft.to/lastmile_qr_scan', 'ios': 'https://bkn.lft.to/lastmile_qr_scan'}","['KEY', 'CREDITCARD']",True,classic,62e2b1dd-ca52-4e1c-a112-1d8846b9d9b5,False,[],False
d1c204d7-d575-417d-b134-6ebdf7e99f98,46 St & 30 Rd,6703.06,-73.910989,40.76072,71.0,21,"{'android': 'https://bkn.lft.to/lastmile_qr_scan', 'ios': 'https://bkn.lft.to/lastmile_qr_scan'}","['KEY', 'CREDITCARD']",True,classic,d1c204d7-d575-417d-b134-6ebdf7e99f98,False,[],False
66dbca0f-0aca-11e7-82f6-3863bb44ef7c,William St & Pine St,5065.12,-74.00887308,40.70717936,71.0,57,"{'android': 'https://bkn.lft.to/lastmile_qr_scan', 'ios': 'https://bkn.lft.to/lastmile_qr_scan'}","['KEY', 'CREDITCARD']",True,classic,66dbca0f-0aca-11e7-82f6-3863bb44ef7c,False,[],False
2009671276352543716,34 Ave & 83 St,6518.13,-73.88390148299196,40.75393500483023,71.0,22,"{'android': 'https://bkn.lft.to/lastmile_qr_scan', 'ios': 'https://bkn.lft.to/lastmile_qr_scan'}","['KEY', 'CREDITCARD']",True,classic,2009671276352543716,False,[],False
9991b75b-a9ba-4abc-bf84-0108291be05a,Ocean Pkwy & Church Ave,3125.09,-73.97451460361481,40.64471895763575,71.0,25,"{'android': 'https://bkn.lft.to/lastmile_qr_scan', 'ios': 'https://bkn.lft.to/lastmile_qr_scan'}","['KEY', 'CREDITCARD']",True,classic,9991b75b-a9ba-4abc-bf84-0108291be05a,False,[],False
514afe43-84d4-4941-8281-75a93c5cd365,Morris Ave & McClellan St,8107.10,-73.9149,40.831584,71.0,22,"{'android': 'https://bkn.lft.to/lastmile_qr_scan', 'ios': 'https://bkn.lft.to/lastmile_qr_scan'}","['KEY', 'CREDITCARD']",True,classic,514afe43-84d4-4941-8281-75a93c5cd365,False,[],False
1843486667668726558,Queens Blvd & Broadway,5930.02,-73.87728,40.73672,71.0,25,"{'android': 'https://bkn.lft.to/lastmile_qr_scan', 'ios': 'https://bkn.lft.to/lastmile_qr_scan'}","['KEY', 'CREDITCARD']",True,classic,1843486667668726558,False,[],False
66db6d40-0aca-11e7-82f6-3863bb44ef7c,Mercer St & Spring St,5532.01,-73.99949601,40.72362738,71.0,67,"{'android': 'https://bkn.lft.to/lastmile_qr_scan', 'ios': 'https://bkn.lft.to/lastmile_qr_scan'}","['KEY', 'CREDITCARD']",True,classic,66db6d40-0aca-11e7-82f6-3863bb44ef7c,False,[],False
2235292542386579228,Pitkin Ave & Watkins St,3941.08,-73.90789,40.67023,71.0,15,"{'android': 'https://bkn.lft.to/lastmile_qr_scan', 'ios': 'https://bkn.lft.to/lastmile_qr_scan'}","['KEY', 'CREDITCARD']",False,classic,2235292542386579228,False,[],False
66dcf023-0aca-11e7-82f6-3863bb44ef7c,S 4 St & Rodney St,5156.05,-73.95608,40.70934,71.0,21,"{'android': 'https://bkn.lft.to/lastmile_qr_scan', 'ios': 'https://bkn.lft.to/lastmile_qr_scan'}","['KEY', 'CREDITCARD']",True,classic,66dcf023-0aca-11e7-82f6-3863bb44ef7c,False,[],False
14f928c6-9a51-40a2-b7e6-a74e8b351dbf,Lenox Ave & W 130 St,7753.13,-73.9430681,40.8107922,71.0,25,"{'android': 'https://bkn.lft.to/lastmile_qr_scan', 'ios': 'https://bkn.lft.to/lastmile_qr_scan'}","['KEY', 'CREDITCARD']",True,classic,14f928c6-9a51-40a2-b7e6-a74e8b351dbf,False,[],False
e982e1cb-7e7b-4769-85b8-565925200654,Chauncey St & Stuyvesant Ave,4196.05,-73.93168,40.68012,71.0,25,"{'android': 'https://bkn.lft.to/lastmile_qr_scan', 'ios': 'https://bkn.lft.to/lastmile_qr_scan'}","['KEY', 'CREDITCARD']",True,classic,e982e1cb-7e7b-4769-85b8-565925200654,False,[],False
36025f2c-ee4d-4c1a-832d-733cf37f98ef,Tiebout Ave & E Fordham Rd,8546.06,-73.894831,40.861915,71.0,31,"{'android': 'https://bkn.lft.to/lastmile_qr_scan', 'ios': 'https://bkn.lft.to/lastmile_qr_scan'}","['KEY', 'CREDITCARD']",True,classic,36025f2c-ee4d-4c1a-832d-733cf37f98ef,False,[],False
3f031133-ec95-4a92-9d63-2ae28183f498,11 Ave & Prospect Ave,3538.09,-73.977335,40.65629,71.0,20,"{'android': 'https://bkn.lft.to/lastmile_qr_scan', 'ios': 'https://bkn.lft.to/lastmile_qr_scan'}","['KEY', 'CREDITCARD']",True,classic,3f031133-ec95-4a92-9d63-2ae28183f498,False,[],False
2111353842893366258,Broadway & 31 St,6789.08,-73.92513,40.76194,71.0,35,"{'android': 'https://bkn.lft.to/lastmile_qr_scan', 'ios': 'https://bkn.lft.to/lastmile_qr_scan'}","['KEY', 'CREDITCARD']",True,classic,2111353842893366258,False,[],False
66dd20eb-0aca-11e7-82f6-3863bb44ef7c,Huron St & Franklin St,5869.04,-73.95826,40.73266,71.0,35,"{'android': 'https://bkn.lft.to/lastmile_qr_scan', 'ios': 'https://bkn.lft.to/lastmile_qr_scan'}","['KEY', 'CREDITCARD']",True,classic,66dd20eb-0aca-11e7-82f6-3863bb44ef7c,False,[],False
eb8fcff2-6f58-4724-b564-ebc9a8d374d8,Clarkson Ave & Utica Ave,3486.02,-73.93109,40.65666,71.0,20,"{'android': 'https://bkn.lft.to/lastmile_qr_scan', 'ios': 'https://bkn.lft.to/lastmile_qr_scan'}","['KEY', 'CREDITCARD']",True,classic,eb8fcff2-6f58-4724-b564-ebc9a8d374d8,False,[],False
18326827-dcae-47e0-8518-c4bb9e21eef6,Keegan Rd & 2 Ave,3019.03,-74.0255355834961,40.64243139706092,71.0,35,"{'android': 'https://bkn.lft.to/lastmile_qr_scan', 'ios': 'https://bkn.lft.to/lastmile_qr_scan'}","['KEY', 'CREDITCARD']",True,classic,18326827-dcae-47e0-8518-c4bb9e21eef6,False,[],False
5d994b32-b7a5-450d-9bbb-93bf3b03e6d5,Intervale Ave & Kelly St,8044.09,-73.896372,40.827301,71.0,20,"{'android': 'https://bkn.lft.to/lastmile_qr_scan', 'ios': 'https://bkn.lft.to/lastmile_qr_scan'}","['KEY', 'CREDITCARD']",True,classic,5d994b32-b7a5-450d-9bbb-93bf3b03e6d5,False,[],False
66dc85bb-0aca-11e7-82f6-3863bb44ef7c,W 42 St & 8 Ave,6602.05,-73.99098507,40.7575699,71.0,41,"{'android': 'https://bkn.lft.to/lastmile_qr_scan', 'ios': 'https://bkn.lft.to/lastmile_qr_scan'}","['KEY', 'CREDITCARD']",True,classic,66dc85bb-0aca-11e7-82f6-3863bb44ef7c,False,[],False
66db4282-0aca-11e7-82f6-3863bb44ef7c,W 11 St & 6 Ave,5914.03,-73.99800419,40.73532427,71.0,79,"{'android': 'https://bkn.lft.to/lastmile_qr_scan', 'ios': 'https://bkn.lft.to/lastmile_qr_scan'}","['KEY', 'CREDITCARD']",True,classic,66db4282-0aca-11e7-82f6-3863bb44ef7c,False,[],False
3299ff79-36aa-42ef-b7f1-c40e95c8f570,24 Ave & 29 St,7119.04,-73.916142,40.7729,71.0,45,"{'android': 'https://bkn.lft.to/lastmile_qr_scan', 'ios': 'https://bkn.lft.to/lastmile_qr_scan'}","['KEY', 'CREDITCARD']",True,classic,3299ff79-36aa-42ef-b7f1-c40e95c8f570,False,[],False
66db3f62-0aca-11e7-82f6-3863bb44ef7c,Myrtle Ave & St Edwards St,4659.02,-73.97703874,40.69327018,71.0,56,"{'android': 'https://bkn.lft.to/lastmile_qr_scan', 'ios': 'https://bkn.lft.to/lastmile_qr_scan'}","['KEY', 'CREDITCARD']",True,classic,66db3f62-0aca-11e7-82f6-3863bb44ef7c,False,[],False
cc7b86cf-a2fb-4738-b967-de7b197dc930,Ave A & E 14 St,5779.11,-73.98047178983688,40.73031071000895,71.0,41,"{'android': 'https://bkn.lft.to/lastmile_qr_scan', 'ios': 'https://bkn.lft.to/lastmile_qr_scan'}","['KEY', 'CREDITCARD']",True,classic,cc7b86cf-a2fb-4738-b967-de7b197dc930,False,[],False
2104278402820534724,Seigel St & Humboldt St,4956.09,-73.940865,40.704613,71.0,42,"{'android': 'https://bkn.lft.to/lastmile_qr_scan', 'ios': 'https://bkn.lft.to/lastmile_qr_scan'}","['KEY', 'CREDITCARD']",True,classic,2104278402820534724,False,[],False
66de269c-0aca-11e7-82f6-3863bb44ef7c,3 Ave & E 72 St,7028.04,-73.96060712,40.7699426,71.0,35,"{'android': 'https://bkn.lft.to/lastmile_qr_scan', 'ios': 'https://bkn.lft.to/lastmile_qr_scan'}","['KEY', 'CREDITCARD']",True,classic,66de269c-0aca-11e7-82f6-3863bb44ef7c,False,[],False
2098359443836787630,Park Ave & E 40 St,6432.15,-73.97851,40.75112,71.0,72,"{'android': 'https://bkn.lft.to/lastmile_qr_scan', 'ios': 'https://bkn.lft.to/lastmile_qr_scan'}","['KEY', 'CREDITCARD']",True,classic,2098359443836787630,False,[],False
2121032193446634360,37 St & Fort Hamilton Pkwy,3099.01,-73.98923,40.64417,71.0,12,"{'android': 'https://bkn.lft.to/lastmile_qr_scan', 'ios': 'https://bkn.lft.to/lastmile_qr_scan'}","['KEY', 'CREDITCARD']",False,classic,2121032193446634360,False,[],False
c8060816-b4aa-4fd9-bc66-af28bf61dc87,Hamilton Pl & W 140 St,7959.18,-73.951346,40.822756,71.0,21,"{'android': 'https://bkn.lft.to/lastmile_qr_scan', 'ios': 'https://bkn.lft.to/lastmile_qr_scan'}","['KEY', 'CREDITCARD']",True,classic,c8060816-b4aa-4fd9-bc66-af28bf61dc87,False,[],False
2206777859619701214,112 St & 67 Rd,5777.03,-73.84263,40.72955,71.0,18,"{'android': 'https://bkn.lft.to/lastmile_qr_scan', 'ios': 'https://bkn.lft.to/lastmile_qr_scan'}","['KEY', 'CREDITCARD']",False,classic,2206777859619701214,False,[],False
1860187430946456420,E 176 St & Clinton Ave,8272.08,-73.89149,40.84311,71.0,20,"{'android': 'https://bkn.lft.to/lastmile_qr_scan', 'ios': 'https://bkn.lft.to/lastmile_qr_scan'}","['KEY', 'CREDITCARD']",True,classic,1860187430946456420,False,[],False
1819720453019329398,Ocean Ave & Tennis Ct,3223.07,-73.96084,40.64873,71.0,23,"{'android': 'https://bkn.lft.to/lastmile_qr_scan', 'ios': 'https://bkn.lft.to/lastmile_qr_scan'}","['KEY', 'CREDITCARD']",True,classic,1819720453019329398,False,[],False
77463580-6421-403d-b170-f2660c216175,Menahan St & Central Ave,4672.01,-73.9196,40.69543,71.0,25,"{'android': 'https://bkn.lft.to/lastmile_qr_scan', 'ios': 'https://bkn.lft.to/lastmile_qr_scan'}","['KEY', 'CREDITCARD']",True,classic,77463580-6421-403d-b170-f2660c216175,False,[],False
1849008925260421550,Queens Blvd & Albion Ave,6056.02,-73.88553,40.73856,71.0,21,"{'android': 'https://bkn.lft.to/lastmile_qr_scan', 'ios': 'https://bkn.lft.to/lastmile_qr_scan'}","['KEY', 'CREDITCARD']",True,classic,1849008925260421550,False,[],False
2206774503955006790,64 Rd & Grand Central Pkwy,5894.01,-73.84494,40.73362,71.0,12,"{'android': 'https://bkn.lft.to/lastmile_qr_scan', 'ios': 'https://bkn.lft.to/lastmile_qr_scan'}","['KEY', 'CREDITCARD']",False,classic,2206774503955006790,False,[],False
1838618090943186984,32 Ave & 77 St,6603.06,-73.89024,40.75727,71.0,23,"{'android': 'https://bkn.lft.to/lastmile_qr_scan', 'ios': 'https://bkn.lft.to/lastmile_qr_scan'}","['KEY', 'CREDITCARD']",True,classic,1838618090943186984,False,[],False
fb180cce-96ee-4e66-b3ce-000f3db6e670,Eastern Pkwy & Kingston Ave,3902.06,-73.94237,40.66959,71.0,30,"{'android': 'https://bkn.lft.to/lastmile_qr_scan', 'ios': 'https://bkn.lft.to/lastmile_qr_scan'}","['KEY', 'CREDITCARD']",True,classic,fb180cce-96ee-4e66-b3ce-000f3db6e670,False,[],False
66dcca0d-0aca-11e7-82f6-3863bb44ef7c,Myrtle Ave & Marcy Ave,4707.03,-73.94954908,40.69539817,71.0,23,"{'android': 'https://bkn.lft.to/lastmile_qr_scan', 'ios': 'https://bkn.lft.to/lastmile_qr_scan'}","['KEY', 'CREDITCARD']",True,classic,66dcca0d-0aca-11e7-82f6-3863bb44ef7c,False,[],False
9b721468-3b28-429d-9e13-580cdf00a6a4,Wyckoff Ave & Jefferson St,5051.01,-73.923711,40.707165,71.0,27,"{'android': 'https://bkn.lft.to/lastmile_qr_scan', 'ios': 'https://bkn.lft.to/lastmile_qr_scan'}","['KEY', 'CREDITCARD']",True,classic,9b721468-3b28-429d-9e13-580cdf00a6a4,False,[],False
0cc38ba1-4625-4821-9a6f-e490525cbce2,Windsor Pl & 8 Ave,3620.02,-73.983074,40.660906,71.0,20,"{'android': 'https://bkn.lft.to/lastmile_qr_scan', 'ios': 'https://bkn.lft.to/lastmile_qr_scan'}","['KEY', 'CREDITCARD']",True,classic,0cc38ba1-4625-4821-9a6f-e490525cbce2,False,[],False
868586b3-ddc7-4b4b-9bed-a1e487033aaa,Pacific St & Smith St,4446.03,-73.98939281702042,40.687880939612775,71.0,47,"{'android': 'https://bkn.lft.to/lastmile_qr_scan', 'ios': 'https://bkn.lft.to/lastmile_qr_scan'}","['KEY', 'CREDITCARD']",True,classic,868586b3-ddc7-4b4b-9bed-a1e487033aaa,False,[],False
956de8aa-9e06-4efb-8eb0-35fe9b274a48,60 St & 60 Rd,5360.02,-73.90601366758347,40.71592232709503,71.0,19,"{'android': 'https://bkn.lft.to/lastmile_qr_scan', 'ios': 'https://bkn.lft.to/lastmile_qr_scan'}","['KEY', 'CREDITCARD']",True,classic,956de8aa-9e06-4efb-8eb0-35fe9b274a48,False,[],False
1843486189591985058,79 St & Roosevelt Ave,6290.13,-73.88675,40.74718,71.0,23,"{'android': 'https://bkn.lft.to/lastmile_qr_scan', 'ios': 'https://bkn.lft.to/lastmile_qr_scan'}","['KEY', 'CREDITCARD']",True,classic,1843486189591985058,False,[],False
aa0e6301-4162-428d-8943-7b684089b0d1,E 157 St & River Ave,8005.03,-73.927311,40.825737,71.0,19,"{'android': 'https://bkn.lft.to/lastmile_qr_scan', 'ios': 'https://bkn.lft.to/lastmile_qr_scan'}","['KEY', 'CREDITCARD']",True,classic,aa0e6301-4162-428d-8943-7b684089b0d1,False,[],False
999865d2-0735-4e85-a9d4-00810231530e,Flushing Ave & Vanderbilt Ave,4762.05,-73.97077560424805,40.69795031569544,71.0,25,"{'android': 'https://bkn.lft.to/lastmile_qr_scan', 'ios': 'https://bkn.lft.to/lastmile_qr_scan'}","['KEY', 'CREDITCARD']",True,classic,999865d2-0735-4e85-a9d4-00810231530e,False,[],False
2142879485385917038,Amity St & Court St,4488.10,-73.9931417101234,40.68841885589487,71.0,32,"{'android': 'https://bkn.lft.to/lastmile_qr_scan', 'ios': 'https://bkn.lft.to/lastmile_qr_scan'}","['KEY', 'CREDITCARD']",True,classic,2142879485385917038,False,[],False
1828965887815635862,71 St & 37 Ave,6374.05,-73.89451,40.7488,71.0,23,"{'android': 'https://bkn.lft.to/lastmile_qr_scan', 'ios': 'https://bkn.lft.to/lastmile_qr_scan'}","['KEY', 'CREDITCARD']",True,classic,1828965887815635862,False,[],False
bb6bba3f-19a0-4ebb-a454-4ac678d9d62d,St Johns Pl & Utica Ave,3966.01,-73.9308,40.6705,71.0,21,"{'android': 'https://bkn.lft.to/lastmile_qr_scan', 'ios': 'https://bkn.lft.to/lastmile_qr_scan'}","['KEY', 'CREDITCARD']",True,classic,bb6bba3f-19a0-4ebb-a454-4ac678d9d62d,False,[],False
66db9cc4-0aca-11e7-82f6-3863bb44ef7c,Madison St & Clinton St,5190.07,-73.98776323,40.71269042,71.0,39,"{'android': 'https://bkn.lft.to/lastmile_qr_scan', 'ios': 'https://bkn.lft.to/lastmile_qr_scan'}","['KEY', 'CREDITCARD']",True,classic,66db9cc4-0aca-11e7-82f6-3863bb44ef7c,False,[],False
1856847127505992556,Roosevelt Ave & 104 St,6414.07,-73.86156,40.74984,71.0,24,"{'android': 'https://bkn.lft.to/lastmile_qr_scan', 'ios': 'https://bkn.lft.to/lastmile_qr_scan'}","['KEY', 'CREDITCARD']",True,classic,1856847127505992556,False,[],False
7a771842-c090-4da1-8c13-72b7f4f50a87,Leonard St & Nassau Ave,5550.09,-73.94984364509583,40.7239567849954,71.0,36,"{'android': 'https://bkn.lft.to/lastmile_qr_scan', 'ios': 'https://bkn.lft.to/lastmile_qr_scan'}","['KEY', 'CREDITCARD']",True,classic,7a771842-c090-4da1-8c13-72b7f4f50a87,False,[],False
1876864480506022446,Whitney Ave & Ketcham Pl,6165.06,-73.87809,40.74249,71.0,25,"{'android': 'https://bkn.lft.to/lastmile_qr_scan', 'ios': 'https://bkn.lft.to/lastmile_qr_scan'}","['KEY', 'CREDITCARD']",True,classic,1876864480506022446,False,[],False
66dde208-0aca-11e7-82f6-3863bb44ef7c,E 89 St & 3 Ave,7265.10,-73.9521667,40.7806284,71.0,39,"{'android': 'https://bkn.lft.to/lastmile_qr_scan', 'ios': 'https://bkn.lft.to/lastmile_qr_scan'}","['KEY', 'CREDITCARD']",True,classic,66dde208-0aca-11e7-82f6-3863bb44ef7c,False,[],False
66de44ba-0aca-11e7-82f6-3863bb44ef7c,Carroll St & Columbia St,4348.07,-74.00348559,40.6830456,71.0,39,"{'android': 'https://bkn.lft.to/lastmile_qr_scan', 'ios': 'https://bkn.lft.to/lastmile_qr_scan'}","['KEY', 'CREDITCARD']",True,classic,66de44ba-0aca-11e7-82f6-3863bb44ef7c,False,[],False
2206778896946400902,108 St & Jewel Ave,5582.06,-73.8448,40.72374,71.0,18,"{'android': 'https://bkn.lft.to/lastmile_qr_scan', 'ios': 'https://bkn.lft.to/lastmile_qr_scan'}","['KEY', 'CREDITCARD']",False,classic,2206778896946400902,False,[],False
4a4c7548-2466-48ef-8d7e-0aa4d6acb69e,Somers St & Rockaway Ave,4170.08,-73.91105,40.67872,71.0,20,"{'android': 'https://bkn.lft.to/lastmile_qr_scan', 'ios': 'https://bkn.lft.to/lastmile_qr_scan'}","['KEY', 'CREDITCARD']",True,classic,4a4c7548-2466-48ef-8d7e-0aa4d6acb69e,False,[],False
fea72f55-d296-47af-9446-149688dcccbd,Franklin Ave & E 169 St,8118.02,-73.90210601220633,40.83169292241844,71.0,19,"{'android': 'https://bkn.lft.to/lastmile_qr_scan', 'ios': 'https://bkn.lft.to/lastmile_qr_scan'}","['KEY', 'CREDITCARD']",True,classic,fea72f55-d296-47af-9446-149688dcccbd,False,[],False
1945125910957847430,Marcy Ave & Hart St,4593.05,-73.94868,40.693022,71.0,20,"{'android': 'https://bkn.lft.to/lastmile_qr_scan', 'ios': 'https://bkn.lft.to/lastmile_qr_scan'}","['KEY', 'CREDITCARD']",True,classic,1945125910957847430,False,[],False
1854537815365165328,39 Ave & 99 St,6380.10,-73.86677,40.74962,71.0,21,"{'android': 'https://bkn.lft.to/lastmile_qr_scan', 'ios': 'https://bkn.lft.to/lastmile_qr_scan'}","['KEY', 'CREDITCARD']",True,classic,1854537815365165328,False,[],False
66dcccfe-0aca-11e7-82f6-3863bb44ef7c,Tompkins Ave & Hopkins St,4850.04,-73.94708417,40.69957608,71.0,19,"{'android': 'https://bkn.lft.to/lastmile_qr_scan', 'ios': 'https://bkn.lft.to/lastmile_qr_scan'}","['KEY', 'CREDITCARD']",True,classic,66dcccfe-0aca-11e7-82f6-3863bb44ef7c,False,[],False
c56739c2-b310-4d73-ab0e-b6036abd9561,Broadway & 49 St,6587.04,-73.911517,40.755389,71.0,25,"{'android': 'https://bkn.lft.to/lastmile_qr_scan', 'ios': 'https://bkn.lft.to/lastmile_qr_scan'}","['KEY', 'CREDITCARD']",True,classic,c56739c2-b310-4d73-ab0e-b6036abd9561,False,[],False
39f756c2-3904-463e-95a8-8d8e3540e845,W 25 St & 9 Ave,6339.06,-74.0005722643582,40.74783260583772,71.0,68,"{'android': 'https://bkn.lft.to/lastmile_qr_scan', 'ios': 'https://bkn.lft.to/lastmile_qr_scan'}","['KEY', 'CREDITCARD']",True,classic,39f756c2-3904-463e-95a8-8d8e3540e845,False,[],False
66dd51e6-0aca-11e7-82f6-3863bb44ef7c,Riverside Blvd & W 67 St,7183.03,-73.98888587951659,40.777507027547976,71.0,79,"{'android': 'https://bkn.lft.to/lastmile_qr_scan', 'ios': 'https://bkn.lft.to/lastmile_qr_scan'}","['KEY', 'CREDITCARD']",True,classic,66dd51e6-0aca-11e7-82f6-3863bb44ef7c,False,[],False
1848241425697670086,Queens Blvd & 56 Ave,5887.03,-73.87431,40.73481,71.0,38,"{'android': 'https://bkn.lft.to/lastmile_qr_scan', 'ios': 'https://bkn.lft.to/lastmile_qr_scan'}","['KEY', 'CREDITCARD']",True,classic,1848241425697670086,False,[],False
d11db4cd-f9bf-430b-ac19-104fef323b24,60 Pl & Linden St,5097.02,-73.90182,40.70886,71.0,21,"{'android': 'https://bkn.lft.to/lastmile_qr_scan', 'ios': 'https://bkn.lft.to/lastmile_qr_scan'}","['KEY', 'CREDITCARD']",True,classic,d11db4cd-f9bf-430b-ac19-104fef323b24,False,[],False
2121032708855884414,Ocean Pkwy & Ave C,2996.05,-73.97395,40.64078,71.0,16,"{'android': 'https://bkn.lft.to/lastmile_qr_scan', 'ios': 'https://bkn.lft.to/lastmile_qr_scan'}","['KEY', 'CREDITCARD']",False,classic,2121032708855884414,False,[],False
2250952899836909606,Livonia Ave & Van Sinderen Ave,3749.01,-73.90032,40.6639,71.0,18,"{'android': 'https://bkn.lft.to/lastmile_qr_scan', 'ios': 'https://bkn.lft.to/lastmile_qr_scan'}","['KEY', 'CREDITCARD']",False,classic,2250952899836909606,False,[],False
1864606193814670106,Van Cortlandt Park S & Gouverneur Ave,8876.04,-73.89084,40.88492,71.0,25,"{'android': 'https://bkn.lft.to/lastmile_qr_scan', 'ios': 'https://bkn.lft.to/lastmile_qr_scan'}","['KEY', 'CREDITCARD']",True,classic,1864606193814670106,False,[],False
48b19cc8-bf45-4602-89ac-a8c0a0560c43,Paul Ave & W 205 St,8782.01,-73.88943,40.87704,71.0,19,"{'android': 'https://bkn.lft.to/lastmile_qr_scan', 'ios': 'https://bkn.lft.to/lastmile_qr_scan'}","['KEY', 'CREDITCARD']",True,classic,48b19cc8-bf45-4602-89ac-a8c0a0560c43,False,[],False
17ba4945-b202-4667-965f-211d80622646,Dock 72 Way & Market St,4804.02,-73.97141,40.69985,71.0,22,"{'android': 'https://bkn.lft.to/lastmile_qr_scan', 'ios': 'https://bkn.lft.to/lastmile_qr_scan'}","['KEY', 'CREDITCARD']",True,classic,17ba4945-b202-4667-965f-211d80622646,False,"[{'id': '17ba4945-b202-4667-965f-211d80622646', 'service_type': 'ATTENDED_SERVICE', 'docks_availability': 'UNLIMITED', 'bikes_availability': 'UNLIMITED', 'off_dock_bikes_count': 92, 'off_dock_remaining_bike_capacity': 4294967279, 'name': 'Valet Service', 'description': ''}]",False
1861680889400379678,W 233 St & Albany Crescent,8802.05,-73.90164,40.87979,71.0,20,"{'android': 'https://bkn.lft.to/lastmile_qr_scan', 'ios': 'https://bkn.lft.to/lastmile_qr_scan'}","['KEY', 'CREDITCARD']",True,classic,1861680889400379678,False,[],False
9e0b3452-ef6d-4e94-8c05-7bef199cdb74,49 Ave & 21 St,6128.04,-73.948852,40.74252,71.0,21,"{'android': 'https://bkn.lft.to/lastmile_qr_scan', 'ios': 'https://bkn.lft.to/lastmile_qr_scan'}","['KEY', 'CREDITCARD']",True,classic,9e0b3452-ef6d-4e94-8c05-7bef199cdb74,False,[],False
324af152-33ea-48a7-8bb0-ad8b6f31571f,Picnic Point,4374.01,-74.02535319328308,40.68512559515415,71.0,45,"{'android': 'https://bkn.lft.to/lastmile_qr_scan', 'ios': 'https://bkn.lft.to/lastmile_qr_scan'}","['KEY', 'CREDITCARD']",True,classic,324af152-33ea-48a7-8bb0-ad8b6f31571f,False,[],False
1a5eae13-8f27-4875-8330-a796c95f8ad6,E 169 St & Fox St,8024.05,-73.893721,40.827184,71.0,19,"{'android': 'https://bkn.lft.to/lastmile_qr_scan', 'ios': 'https://bkn.lft.to/lastmile_qr_scan'}","['KEY', 'CREDITCARD']",True,classic,1a5eae13-8f27-4875-8330-a796c95f8ad6,False,[],False
467e1de6-73a6-480f-9e83-fd1b03b71047,Morgan Ave & Maspeth Ave,5354.01,-73.93637,40.716657,71.0,25,"{'android': 'https://bkn.lft.to/lastmile_qr_scan', 'ios': 'https://bkn.lft.to/lastmile_qr_scan'}","['KEY', 'CREDITCARD']",True,classic,467e1de6-73a6-480f-9e83-fd1b03b71047,False,[],False
4543214c-c9d4-4f20-9cd9-dd05cc365931,Sands St & Jay St,4821.03,-73.9862,40.700119,71.0,48,"{'android': 'https://bkn.lft.to/lastmile_qr_scan', 'ios': 'https://bkn.lft.to/lastmile_qr_scan'}","['KEY', 'CREDITCARD']",True,classic,4543214c-c9d4-4f20-9cd9-dd05cc365931,False,[],False
66dc741f-0aca-11e7-82f6-3863bb44ef7c,E 16 St & 5 Ave,6022.04,-73.99238967,40.73726186,71.0,65,"{'android': 'https://bkn.lft.to/lastmile_qr_scan', 'ios': 'https://bkn.lft.to/lastmile_qr_scan'}","['KEY', 'CREDITCARD']",True,classic,66dc741f-0aca-11e7-82f6-3863bb44ef7c,False,[],False
bf317efc-13f1-42be-8243-373a29354033,E 115 St & Lexington Ave,7599.09,-73.9423,40.797911,71.0,25,"{'android': 'https://bkn.lft.to/lastmile_qr_scan', 'ios': 'https://bkn.lft.to/lastmile_qr_scan'}","['KEY', 'CREDITCARD']",True,classic,bf317efc-13f1-42be-8243-373a29354033,False,[],False
dccab832-b4a2-4105-927d-b52ec0d92c92,34 St & 5 Ave,3451.01,-74.001131,40.654098,71.0,19,"{'android': 'https://bkn.lft.to/lastmile_qr_scan', 'ios': 'https://bkn.lft.to/lastmile_qr_scan'}","['KEY', 'CREDITCARD']",True,classic,dccab832-b4a2-4105-927d-b52ec0d92c92,False,[],False
e6b6c6e2-5fcb-47cd-8f2d-4324b7c977c8,23 Rd & 31 St,7082.14,-73.91382560133934,40.77336750284339,71.0,21,"{'android': 'https://bkn.lft.to/lastmile_qr_scan', 'ios': 'https://bkn.lft.to/lastmile_qr_scan'}","['KEY', 'CREDITCARD']",True,classic,e6b6c6e2-5fcb-47cd-8f2d-4324b7c977c8,False,[],False
2206775039911987038,Austin St & 63 Dr,5685.06,-73.86398,40.7273,71.0,16,"{'android': 'https://bkn.lft.to/lastmile_qr_scan', 'ios': 'https://bkn.lft.to/lastmile_qr_scan'}","['KEY', 'CREDITCARD']",False,classic,2206775039911987038,False,[],False
66dc48ef-0aca-11e7-82f6-3863bb44ef7c,W 44 St & 5 Ave,6551.02,-73.98014437,40.75500254,71.0,68,"{'android': 'https://bkn.lft.to/lastmile_qr_scan', 'ios': 'https://bkn.lft.to/lastmile_qr_scan'}","['KEY', 'CREDITCARD']",True,classic,66dc48ef-0aca-11e7-82f6-3863bb44ef7c,False,[],False
2e5cde21-f0a2-4396-899e-6df275e99212,Valentine Ave & E 181 St,8435.04,-73.89932222664356,40.854123869116,71.0,21,"{'android': 'https://bkn.lft.to/lastmile_qr_scan', 'ios': 'https://bkn.lft.to/lastmile_qr_scan'}","['KEY', 'CREDITCARD']",True,classic,2e5cde21-f0a2-4396-899e-6df275e99212,False,[],False
1786697528321024934,N 5 St & Northside Piers,5458.02,-73.963865,40.719876,71.0,45,"{'android': 'https://bkn.lft.to/lastmile_qr_scan', 'ios': 'https://bkn.lft.to/lastmile_qr_scan'}","['KEY', 'CREDITCARD']",True,classic,1786697528321024934,False,[],False
52e81f02-b1f9-45d6-9e5c-e15277de1268,35 St & 21 Ave,7170.04,-73.906558,40.776745,71.0,23,"{'android': 'https://bkn.lft.to/lastmile_qr_scan', 'ios': 'https://bkn.lft.to/lastmile_qr_scan'}","['KEY', 'CREDITCARD']",True,classic,52e81f02-b1f9-45d6-9e5c-e15277de1268,False,[],False
7cb65297-c880-459a-b054-4e059576c02a,50 St & 7 Ave,3038.08,-74.006055,40.642501,71.0,22,"{'android': 'https://bkn.lft.to/lastmile_qr_scan', 'ios': 'https://bkn.lft.to/lastmile_qr_scan'}","['KEY', 'CREDITCARD']",True,classic,7cb65297-c880-459a-b054-4e059576c02a,False,[],False
1843486597735840252,South Railroad Ave & Broadway,6090.03,-73.88027,40.741,71.0,25,"{'android': 'https://bkn.lft.to/lastmile_qr_scan', 'ios': 'https://bkn.lft.to/lastmile_qr_scan'}","['KEY', 'CREDITCARD']",True,classic,1843486597735840252,False,[],False
0e5be726-2452-42a0-9be8-ea85c8408e4c,31 Ave & 34 St,6819.15,-73.920827,40.763154,71.0,23,"{'android': 'https://bkn.lft.to/lastmile_qr_scan', 'ios': 'https://bkn.lft.to/lastmile_qr_scan'}","['KEY', 'CREDITCARD']",True,classic,0e5be726-2452-42a0-9be8-ea85c8408e4c,False,[],False
2436e886-dc53-47cb-8733-d663f9dcd922,W 180 St & Fort Washington Ave,8358.03,-73.938423,40.849972,71.0,24,"{'android': 'https://bkn.lft.to/lastmile_qr_scan', 'ios': 'https://bkn.lft.to/lastmile_qr_scan'}","['KEY', 'CREDITCARD']",True,classic,2436e886-dc53-47cb-8733-d663f9dcd922,False,[],False
1834145468418707676,88 St & Astoria Blvd,6848.04,-73.8812,40.76424,71.0,20,"{'android': 'https://bkn.lft.to/lastmile_qr_scan', 'ios': 'https://bkn.lft.to/lastmile_qr_scan'}","['KEY', 'CREDITCARD']",True,classic,1834145468418707676,False,[],False
2171903733697659376,Steuben Ave & E 210 St,8808.02,-73.88083,40.87985,71.0,20,"{'android': 'https://bkn.lft.to/lastmile_qr_scan', 'ios': 'https://bkn.lft.to/lastmile_qr_scan'}","['KEY', 'CREDITCARD']",False,classic,2171903733697659376,False,[],False
1860188069348460678,Boston Rd & E 178 St,8248.05,-73.87923,40.84096,71.0,25,"{'android': 'https://bkn.lft.to/lastmile_qr_scan', 'ios': 'https://bkn.lft.to/lastmile_qr_scan'}","['KEY', 'CREDITCARD']",True,classic,1860188069348460678,False,[],False
1786697932047949952,Manhattan Ave & Devoe St,5219.05,-73.9459867,40.713532,71.0,24,"{'android': 'https://bkn.lft.to/lastmile_qr_scan', 'ios': 'https://bkn.lft.to/lastmile_qr_scan'}","['KEY', 'CREDITCARD']",True,classic,1786697932047949952,False,[],False
2235289813631980528,Legion St & Blake Ave,3694.08,-73.91716,40.66443,71.0,12,"{'android': 'https://bkn.lft.to/lastmile_qr_scan', 'ios': 'https://bkn.lft.to/lastmile_qr_scan'}","['KEY', 'CREDITCARD']",False,classic,2235289813631980528,False,[],False
4d4a3e7b-1005-4bfd-8680-340a20cacbee,Vernon Blvd & 31 Ave,7003.06,-73.9354504,40.7692475,71.0,23,"{'android': 'https://bkn.lft.to/lastmile_qr_scan', 'ios': 'https://bkn.lft.to/lastmile_qr_scan'}","['KEY', 'CREDITCARD']",True,classic,4d4a3e7b-1005-4bfd-8680-340a20cacbee,False,[],False
989fdf95-cfb9-475c-ba0c-3152fd3a16e0,McDonald Ave & Vanderbilt St,3394.03,-73.981231,40.651654,71.0,21,"{'android': 'https://bkn.lft.to/lastmile_qr_scan', 'ios': 'https://bkn.lft.to/lastmile_qr_scan'}","['KEY', 'CREDITCARD']",True,classic,989fdf95-cfb9-475c-ba0c-3152fd3a16e0,False,[],False
2132211694027383298,Fort Hamilton Pkwy & 92 St,2190.08,-74.02744,40.61717,71.0,16,"{'android': 'https://bkn.lft.to/lastmile_qr_scan', 'ios': 'https://bkn.lft.to/lastmile_qr_scan'}","['KEY', 'CREDITCARD']",False,classic,2132211694027383298,False,[],False
66dd23a9-0aca-11e7-82f6-3863bb44ef7c,Jackson Ave & 46 Rd,6203.02,-73.94733276,40.74524768,71.0,27,"{'android': 'https://bkn.lft.to/lastmile_qr_scan', 'ios': 'https://bkn.lft.to/lastmile_qr_scan'}","['KEY', 'CREDITCARD']",True,classic,66dd23a9-0aca-11e7-82f6-3863bb44ef7c,False,[],False
774c5443-d463-42b3-bfc5-b0ab3c56fe35,Wadsworth Ave & W 179 St,8336.02,-73.936064,40.848467,71.0,35,"{'android': 'https://bkn.lft.to/lastmile_qr_scan', 'ios': 'https://bkn.lft.to/lastmile_qr_scan'}","['KEY', 'CREDITCARD']",True,classic,774c5443-d463-42b3-bfc5-b0ab3c56fe35,False,[],False
66db2e3a-0aca-11e7-82f6-3863bb44ef7c,Hudson St & Reade St,5359.10,-74.0091059,40.71625008,71.0,55,"{'android': 'https://bkn.lft.to/lastmile_qr_scan', 'ios': 'https://bkn.lft.to/lastmile_qr_scan'}","['KEY', 'CREDITCARD']",True,classic,66db2e3a-0aca-11e7-82f6-3863bb44ef7c,False,[],False
b7d7543b-74ac-4a48-a3c4-412f9ffbc727,Lenox Ave & W 133 St,7790.04,-73.941878,40.81296,71.0,27,"{'android': 'https://bkn.lft.to/lastmile_qr_scan', 'ios': 'https://bkn.lft.to/lastmile_qr_scan'}","['KEY', 'CREDITCARD']",True,classic,b7d7543b-74ac-4a48-a3c4-412f9ffbc727,False,[],False
1202a491-9f76-4609-9b5c-eb7723ab5b45,57 St & Grand Ave,5440.05,-73.9124,40.71921,71.0,19,"{'android': 'https://bkn.lft.to/lastmile_qr_scan', 'ios': 'https://bkn.lft.to/lastmile_qr_scan'}","['KEY', 'CREDITCARD']",True,classic,1202a491-9f76-4609-9b5c-eb7723ab5b45,False,[],False
7d9a1b9e-0123-4561-a111-b3735fada687,E 170 St & Clay Ave,8156.01,-73.908345,40.837213,71.0,24,"{'android': 'https://bkn.lft.to/lastmile_qr_scan', 'ios': 'https://bkn.lft.to/lastmile_qr_scan'}","['KEY', 'CREDITCARD']",True,classic,7d9a1b9e-0123-4561-a111-b3735fada687,False,[],False
94624d6e-4150-4ab1-92ff-bf55cb58ab61,Southern Blvd & E 172 St,8129.02,-73.88955,40.834124,71.0,19,"{'android': 'https://bkn.lft.to/lastmile_qr_scan', 'ios': 'https://bkn.lft.to/lastmile_qr_scan'}","['KEY', 'CREDITCARD']",True,classic,94624d6e-4150-4ab1-92ff-bf55cb58ab61,False,[],False
1862759079900600428,University Ave & Morton Pl,8384.04,-73.91465058978447,40.85118155499655,71.0,21,"{'android': 'https://bkn.lft.to/lastmile_qr_scan', 'ios': 'https://bkn.lft.to/lastmile_qr_scan'}","['KEY', 'CREDITCARD']",True,classic,1862759079900600428,False,[],False
d9bc0b3e-1af8-4cb6-a082-8ef1245ef329,Lexington Ave & E 120 St,7652.04,-73.9398167,40.8013066,71.0,29,"{'android': 'https://bkn.lft.to/lastmile_qr_scan', 'ios': 'https://bkn.lft.to/lastmile_qr_scan'}","['KEY', 'CREDITCARD']",True,classic,d9bc0b3e-1af8-4cb6-a082-8ef1245ef329,False,[],False
7380e377-936d-47d7-8abe-0f666d47465e,W 170 St & University Ave,8254.01,-73.926075,40.84207,71.0,22,"{'android': 'https://bkn.lft.to/lastmile_qr_scan', 'ios': 'https://bkn.lft.to/lastmile_qr_scan'}","['KEY', 'CREDITCARD']",True,classic,7380e377-936d-47d7-8abe-0f666d47465e,False,[],False
c02864f0-2611-440b-98f4-45fddfd545fe,20 Ave & 48 St,7066.01,-73.896849,40.772899,71.0,23,"{'android': 'https://bkn.lft.to/lastmile_qr_scan', 'ios': 'https://bkn.lft.to/lastmile_qr_scan'}","['KEY', 'CREDITCARD']",True,classic,c02864f0-2611-440b-98f4-45fddfd545fe,False,[],False
1849009534951225816,Corona Ave & 98 St,6188.04,-73.86516,40.74448,71.0,19,"{'android': 'https://bkn.lft.to/lastmile_qr_scan', 'ios': 'https://bkn.lft.to/lastmile_qr_scan'}","['KEY', 'CREDITCARD']",True,classic,1849009534951225816,False,[],False
66db3997-0aca-11e7-82f6-3863bb44ef7c,E 48 St & 3 Ave,6541.03,-73.971878855,40.7546011026,71.0,78,"{'android': 'https://bkn.lft.to/lastmile_qr_scan', 'ios': 'https://bkn.lft.to/lastmile_qr_scan'}","['KEY', 'CREDITCARD']",True,classic,66db3997-0aca-11e7-82f6-3863bb44ef7c,False,"[{'id': '66db3997-0aca-11e7-82f6-3863bb44ef7c', 'service_type': 'ATTENDED_SERVICE', 'docks_availability': 'UNLIMITED', 'bikes_availability': 'UNLIMITED', 'off_dock_bikes_count': 48, 'off_dock_remaining_bike_capacity': 72, 'name': 'Valet Service', 'description': ''}]",False
9ac5758f-0419-4e28-8387-6bcd28db17fa,E 141 St & St Ann's Ave,7722.06,-73.916124,40.808633,71.0,19,"{'android': 'https://bkn.lft.to/lastmile_qr_scan', 'ios': 'https://bkn.lft.to/lastmile_qr_scan'}","['KEY', 'CREDITCARD']",True,classic,9ac5758f-0419-4e28-8387-6bcd28db17fa,False,[],False
2218677133489064082,E 70 St & Madison Ave,7036.07,-73.96655,40.77059,71.0,44,"{'android': 'https://bkn.lft.to/lastmile_qr_scan', 'ios': 'https://bkn.lft.to/lastmile_qr_scan'}","['KEY', 'CREDITCARD']",True,classic,2218677133489064082,False,[],False
398aa734-3893-4dba-a704-57ae8632c4f9,30 Ave & 47 St,6774.13,-73.909562,40.761294,71.0,21,"{'android': 'https://bkn.lft.to/lastmile_qr_scan', 'ios': 'https://bkn.lft.to/lastmile_qr_scan'}","['KEY', 'CREDITCARD']",True,classic,398aa734-3893-4dba-a704-57ae8632c4f9,False,[],False
1838070626762830158,99 St & Astoria Blvd,6733.01,-73.87042,40.76196,71.0,23,"{'android': 'https://bkn.lft.to/lastmile_qr_scan', 'ios': 'https://bkn.lft.to/lastmile_qr_scan'}","['KEY', 'CREDITCARD']",True,classic,1838070626762830158,False,[],False
1882735457106787122,11 St & 44 Rd,6319.04,-73.949373,40.749207,71.0,27,"{'android': 'https://bkn.lft.to/lastmile_qr_scan', 'ios': 'https://bkn.lft.to/lastmile_qr_scan'}","['KEY', 'CREDITCARD']",True,classic,1882735457106787122,False,[],False
46dca5c6-7bd3-4a4f-aa1e-33aa66652294,30 St & 48 Ave,6076.02,-73.937999,40.7413272,71.0,29,"{'android': 'https://bkn.lft.to/lastmile_qr_scan', 'ios': 'https://bkn.lft.to/lastmile_qr_scan'}","['KEY', 'CREDITCARD']",True,classic,46dca5c6-7bd3-4a4f-aa1e-33aa66652294,False,[],False
8e631be4-1e0c-4627-a261-18f0003d0ba2,W 116 St & Broadway,7713.11,-73.9641,40.8082,71.0,43,"{'android': 'https://bkn.lft.to/lastmile_qr_scan', 'ios': 'https://bkn.lft.to/lastmile_qr_scan'}","['KEY', 'CREDITCARD']",True,classic,8e631be4-1e0c-4627-a261-18f0003d0ba2,False,[],False
1820420224296772166,Bedford Ave & Beverley Rd,3140.09,-73.95487,40.64491,71.0,24,"{'android': 'https://bkn.lft.to/lastmile_qr_scan', 'ios': 'https://bkn.lft.to/lastmile_qr_scan'}","['KEY', 'CREDITCARD']",True,classic,1820420224296772166,False,[],False
f882ccc8-45aa-426b-aef6-514fe1d3d9cc,48 St & 37 Ave,6435.02,-73.915026,40.751555,71.0,29,"{'android': 'https://bkn.lft.to/lastmile_qr_scan', 'ios': 'https://bkn.lft.to/lastmile_qr_scan'}","['KEY', 'CREDITCARD']",True,classic,f882ccc8-45aa-426b-aef6-514fe1d3d9cc,False,[],False
426862de-f8f2-4967-ba41-76680a4b460c,Crotona Park East & E 173 St,8182.02,-73.890413,40.837037,71.0,19,"{'android': 'https://bkn.lft.to/lastmile_qr_scan', 'ios': 'https://bkn.lft.to/lastmile_qr_scan'}","['KEY', 'CREDITCARD']",True,classic,426862de-f8f2-4967-ba41-76680a4b460c,False,[],False
87091002-cc25-452a-b5d9-f8d0c3fce422,Cypress Ave & Palmetto St,4921.04,-73.90876293182373,40.70157340873792,71.0,25,"{'android': 'https://bkn.lft.to/lastmile_qr_scan', 'ios': 'https://bkn.lft.to/lastmile_qr_scan'}","['KEY', 'CREDITCARD']",True,classic,87091002-cc25-452a-b5d9-f8d0c3fce422,False,[],False
fd0e86e3-079d-40aa-8231-ec2cbdbd9e7f,34 St & 4 Ave,3492.04,-74.003101,40.655278,71.0,23,"{'android': 'https://bkn.lft.to/lastmile_qr_scan', 'ios': 'https://bkn.lft.to/lastmile_qr_scan'}","['KEY', 'CREDITCARD']",True,classic,fd0e86e3-079d-40aa-8231-ec2cbdbd9e7f,False,[],False
1835247469495105628,25 Ave & 96 St,6877.06,-73.87369,40.76447,71.0,21,"{'android': 'https://bkn.lft.to/lastmile_qr_scan', 'ios': 'https://bkn.lft.to/lastmile_qr_scan'}","['KEY', 'CREDITCARD']",True,classic,1835247469495105628,False,[],False
5e93b806-08e1-4ef9-98ae-d3dda20e0469,Eastern Pkwy & Schenectady Ave,3893.03,-73.93376,40.66876,71.0,24,"{'android': 'https://bkn.lft.to/lastmile_qr_scan', 'ios': 'https://bkn.lft.to/lastmile_qr_scan'}","['KEY', 'CREDITCARD']",True,classic,5e93b806-08e1-4ef9-98ae-d3dda20e0469,False,[],False
29223935-a682-411c-9f25-577bbb9804fc,Knickerbocker Ave & Thames St,5018.06,-73.92976,40.70539,71.0,20,"{'android': 'https://bkn.lft.to/lastmile_qr_scan', 'ios': 'https://bkn.lft.to/lastmile_qr_scan'}","['KEY', 'CREDITCARD']",True,classic,29223935-a682-411c-9f25-577bbb9804fc,False,[],False
6908ae75-b9a1-4f20-b192-95dc43e858a8,64 St & Woodbine St,5057.09,-73.89549,40.70809,71.0,19,"{'android': 'https://bkn.lft.to/lastmile_qr_scan', 'ios': 'https://bkn.lft.to/lastmile_qr_scan'}","['KEY', 'CREDITCARD']",True,classic,6908ae75-b9a1-4f20-b192-95dc43e858a8,False,[],False
1828964993433043090,Lott St & Erasmus St,3327.01,-73.95408,40.64949,71.0,19,"{'android': 'https://bkn.lft.to/lastmile_qr_scan', 'ios': 'https://bkn.lft.to/lastmile_qr_scan'}","['KEY', 'CREDITCARD']",True,classic,1828964993433043090,False,[],False
66db7a0d-0aca-11e7-82f6-3863bb44ef7c,Leonard St & Church St,5359.11,-74.005549,40.717571,71.0,46,"{'android': 'https://bkn.lft.to/lastmile_qr_scan', 'ios': 'https://bkn.lft.to/lastmile_qr_scan'}","['KEY', 'CREDITCARD']",True,classic,66db7a0d-0aca-11e7-82f6-3863bb44ef7c,False,[],False
2007842506069575758,Verveelen Pl & Broadway,8790.08,-73.90508,40.87826,71.0,23,"{'android': 'https://bkn.lft.to/lastmile_qr_scan', 'ios': 'https://bkn.lft.to/lastmile_qr_scan'}","['KEY', 'CREDITCARD']",True,classic,2007842506069575758,False,[],False
1845677022981917240,E 19 St & Beverley Rd,3148.09,-73.9613,40.64483,71.0,19,"{'android': 'https://bkn.lft.to/lastmile_qr_scan', 'ios': 'https://bkn.lft.to/lastmile_qr_scan'}","['KEY', 'CREDITCARD']",True,classic,1845677022981917240,False,[],False
9a37d8a1-990b-484c-9603-262dbd1165cc,Bleecker St & Forest Ave,5176.04,-73.90525,40.7107,71.0,19,"{'android': 'https://bkn.lft.to/lastmile_qr_scan', 'ios': 'https://bkn.lft.to/lastmile_qr_scan'}","['KEY', 'CREDITCARD']",True,classic,9a37d8a1-990b-484c-9603-262dbd1165cc,False,[],False
1880643497376459348,Park Pl & Carlton Ave,4125.13,-73.97211,40.677358,,27,"{'android': 'https://bkn.lft.to/lastmile_qr_scan', 'ios': 'https://bkn.lft.to/lastmile_qr_scan'}","['KEY', 'CREDITCARD']",True,classic,1880643497376459348,False,[],False
9b4a92ae-cefe-467a-8e35-5ce02d4f3a45,Louis Nine Blvd & Intervale Ave,8114.02,-73.892686,40.831998,71.0,19,"{'android': 'https://bkn.lft.to/lastmile_qr_scan', 'ios': 'https://bkn.lft.to/lastmile_qr_scan'}","['KEY', 'CREDITCARD']",True,classic,9b4a92ae-cefe-467a-8e35-5ce02d4f3a45,False,[],False
5f2766b0-362e-49e5-ab09-05e2c4b6f626,E Mosholu Pkwy & E 204 St,8748.02,-73.8833650931,40.8740704,71.0,19,"{'android': 'https://bkn.lft.to/lastmile_qr_scan', 'ios': 'https://bkn.lft.to/lastmile_qr_scan'}","['KEY', 'CREDITCARD']",True,classic,5f2766b0-362e-49e5-ab09-05e2c4b6f626,False,[],False
4168e5a4-c7ec-4045-bfc8-84ac5edbe845,E 1 St & Bowery,5636.13,-73.99213135242462,40.72486122254819,71.0,44,"{'android': 'https://bkn.lft.to/lastmile_qr_scan', 'ios': 'https://bkn.lft.to/lastmile_qr_scan'}","['KEY', 'CREDITCARD']",True,classic,4168e5a4-c7ec-4045-bfc8-84ac5edbe845,False,[],False
06f0d251-e1e3-435c-8c5f-9b991a14ca4a,49 St & 25 Ave,6804.01,-73.904632,40.764496,71.0,25,"{'android': 'https://bkn.lft.to/lastmile_qr_scan', 'ios': 'https://bkn.lft.to/lastmile_qr_scan'}","['KEY', 'CREDITCARD']",True,classic,06f0d251-e1e3-435c-8c5f-9b991a14ca4a,False,[],False
92a51669-deec-45a9-8494-fafdf6356c51,30 Ave & 12 St,7034.09,-73.93159255385399,40.77171710520828,71.0,33,"{'android': 'https://bkn.lft.to/lastmile_qr_scan', 'ios': 'https://bkn.lft.to/lastmile_qr_scan'}","['KEY', 'CREDITCARD']",True,classic,92a51669-deec-45a9-8494-fafdf6356c51,False,[],False
2123939659270367896,3 Ave & 81 St,2497.07,-74.02948,40.627,71.0,16,"{'android': 'https://bkn.lft.to/lastmile_qr_scan', 'ios': 'https://bkn.lft.to/lastmile_qr_scan'}","['KEY', 'CREDITCARD']",False,classic,2123939659270367896,False,[],False
66db3708-0aca-11e7-82f6-3863bb44ef7c,Old Fulton St,4903.08,-73.99383605,40.70277159,71.0,39,"{'android': 'https://bkn.lft.to/lastmile_qr_scan', 'ios': 'https://bkn.lft.to/lastmile_qr_scan'}","['KEY', 'CREDITCARD']",True,classic,66db3708-0aca-11e7-82f6-3863bb44ef7c,False,[],False
66dc7de9-0aca-11e7-82f6-3863bb44ef7c,W 43 St & 10 Ave,6756.01,-73.99461843,40.76009437,71.0,117,"{'android': 'https://bkn.lft.to/lastmile_qr_scan', 'ios': 'https://bkn.lft.to/lastmile_qr_scan'}","['KEY', 'CREDITCARD']",True,classic,66dc7de9-0aca-11e7-82f6-3863bb44ef7c,False,[],False
66dc0bbd-0aca-11e7-82f6-3863bb44ef7c,Front St & Gold St,4927.04,-73.982578,40.70224,71.0,37,"{'android': 'https://bkn.lft.to/lastmile_qr_scan', 'ios': 'https://bkn.lft.to/lastmile_qr_scan'}","['KEY', 'CREDITCARD']",True,classic,66dc0bbd-0aca-11e7-82f6-3863bb44ef7c,False,[],False
1198e739-787c-4ce4-aa63-ffaf98506e9c,7 Ave & W 55 St,6847.05,-73.980973,40.764126,71.0,67,"{'android': 'https://bkn.lft.to/lastmile_qr_scan', 'ios': 'https://bkn.lft.to/lastmile_qr_scan'}","['KEY', 'CREDITCARD']",True,classic,1198e739-787c-4ce4-aa63-ffaf98506e9c,False,[],False
a93cb1ec-fb37-4faf-a7e7-d1e5a9e9af95,Central Park W & W 91 St,7453.01,-73.96680057048798,40.78866499127884,71.0,48,"{'android': 'https://bkn.lft.to/lastmile_qr_scan', 'ios': 'https://bkn.lft.to/lastmile_qr_scan'}","['KEY', 'CREDITCARD']",True,classic,a93cb1ec-fb37-4faf-a7e7-d1e5a9e9af95,False,[],False
b47e5ffd-4215-4476-a89b-ebe52111f763,Roosevelt Island Tramway,6599.01,-73.9536,40.757284,71.0,39,"{'android': 'https://bkn.lft.to/lastmile_qr_scan', 'ios': 'https://bkn.lft.to/lastmile_qr_scan'}","['KEY', 'CREDITCARD']",True,classic,b47e5ffd-4215-4476-a89b-ebe52111f763,False,[],False
2250948004286955934,Shepherd Ave & Fulton St,4291.04,-73.88208,40.68087,71.0,12,"{'android': 'https://bkn.lft.to/lastmile_qr_scan', 'ios': 'https://bkn.lft.to/lastmile_qr_scan'}","['KEY', 'CREDITCARD']",False,classic,2250948004286955934,False,[],False
0927e331-866f-4d99-99b4-04edde99117a,27 Ave & 9 St,7098.05,-73.9309134,40.7739825,71.0,40,"{'android': 'https://bkn.lft.to/lastmile_qr_scan', 'ios': 'https://bkn.lft.to/lastmile_qr_scan'}","['KEY', 'CREDITCARD']",True,classic,0927e331-866f-4d99-99b4-04edde99117a,False,[],False
66de88d7-0aca-11e7-82f6-3863bb44ef7c,Fulton St & Adams St,4637.06,-73.98949474096298,40.69241829257847,71.0,47,"{'android': 'https://bkn.lft.to/lastmile_qr_scan', 'ios': 'https://bkn.lft.to/lastmile_qr_scan'}","['KEY', 'CREDITCARD']",True,classic,66de88d7-0aca-11e7-82f6-3863bb44ef7c,False,[],False
66dc79e6-0aca-11e7-82f6-3863bb44ef7c,W 46 St & 11 Ave,6795.01,-73.99667444,40.76341379,71.0,25,"{'android': 'https://bkn.lft.to/lastmile_qr_scan', 'ios': 'https://bkn.lft.to/lastmile_qr_scan'}","['KEY', 'CREDITCARD']",True,classic,66dc79e6-0aca-11e7-82f6-3863bb44ef7c,False,[],False
1849009244468810224,St James Ave & 51 Ave,6014.01,-73.88104,40.73813,71.0,21,"{'android': 'https://bkn.lft.to/lastmile_qr_scan', 'ios': 'https://bkn.lft.to/lastmile_qr_scan'}","['KEY', 'CREDITCARD']",True,classic,1849009244468810224,False,[],False
ffef95fa-600b-4f08-b2ce-e8eb034ebfd8,46 St & Queens Blvd,6209.08,-73.91860529780388,40.74349759836971,71.0,33,"{'android': 'https://bkn.lft.to/lastmile_qr_scan', 'ios': 'https://bkn.lft.to/lastmile_qr_scan'}","['KEY', 'CREDITCARD']",True,classic,ffef95fa-600b-4f08-b2ce-e8eb034ebfd8,False,[],False
e1a3f2f9-618f-4727-b2d6-676e02aadf17,10 Ave & W 202 St,8543.01,-73.921417593956,40.861281970750994,71.0,23,"{'android': 'https://bkn.lft.to/lastmile_qr_scan', 'ios': 'https://bkn.lft.to/lastmile_qr_scan'}","['KEY', 'CREDITCARD']",True,classic,e1a3f2f9-618f-4727-b2d6-676e02aadf17,False,[],False
66db89a3-0aca-11e7-82f6-3863bb44ef7c,DeKalb Ave & Hudson Ave,4513.06,-73.981013,40.689888,71.0,74,"{'android': 'https://bkn.lft.to/lastmile_qr_scan', 'ios': 'https://bkn.lft.to/lastmile_qr_scan'}","['KEY', 'CREDITCARD']",True,classic,66db89a3-0aca-11e7-82f6-3863bb44ef7c,False,[],False
1877920686883352866,60 Ave & Junction Blvd,5878.02,-73.86501,40.73466,71.0,24,"{'android': 'https://bkn.lft.to/lastmile_qr_scan', 'ios': 'https://bkn.lft.to/lastmile_qr_scan'}","['KEY', 'CREDITCARD']",True,classic,1877920686883352866,False,[],False
6a52ceae-3b97-487a-9438-de844bfbf1c2,Amsterdam Ave & W 183 St,8353.09,-73.93022,40.84925,71.0,21,"{'android': 'https://bkn.lft.to/lastmile_qr_scan', 'ios': 'https://bkn.lft.to/lastmile_qr_scan'}","['KEY', 'CREDITCARD']",True,classic,6a52ceae-3b97-487a-9438-de844bfbf1c2,False,[],False
189f573b-a2d0-40d2-af15-83c5015d93e2,7 Ave & 41 St,3192.05,-74.000911,40.647379,71.0,25,"{'android': 'https://bkn.lft.to/lastmile_qr_scan', 'ios': 'https://bkn.lft.to/lastmile_qr_scan'}","['KEY', 'CREDITCARD']",True,classic,189f573b-a2d0-40d2-af15-83c5015d93e2,False,[],False
2126623199408050430,Colonial Rd & 83 St,2506.11,-74.03564,40.62691,71.0,16,"{'android': 'https://bkn.lft.to/lastmile_qr_scan', 'ios': 'https://bkn.lft.to/lastmile_qr_scan'}","['KEY', 'CREDITCARD']",False,classic,2126623199408050430,False,[],False
0cde9bcd-0dcb-45dc-9c9a-3e5485b5452e,Queens Blvd & 56 St,6158.02,-73.90913,40.74193,71.0,20,"{'android': 'https://bkn.lft.to/lastmile_qr_scan', 'ios': 'https://bkn.lft.to/lastmile_qr_scan'}","['KEY', 'CREDITCARD']",True,classic,0cde9bcd-0dcb-45dc-9c9a-3e5485b5452e,False,[],False
ddc8ca6c-dceb-4603-ab1e-4bd972ca2a3d,5 Ave & 67 St,2782.02,-74.01975896253617,40.63593237994821,71.0,20,"{'android': 'https://bkn.lft.to/lastmile_qr_scan', 'ios': 'https://bkn.lft.to/lastmile_qr_scan'}","['KEY', 'CREDITCARD']",True,classic,ddc8ca6c-dceb-4603-ab1e-4bd972ca2a3d,False,[],False
79399e32-a6c6-4732-8ad4-9f9140a86b21,Center Blvd & 51 Ave,6179.07,-73.95960688591003,40.74336608027021,71.0,23,"{'android': 'https://bkn.lft.to/lastmile_qr_scan', 'ios': 'https://bkn.lft.to/lastmile_qr_scan'}","['KEY', 'CREDITCARD']",True,classic,79399e32-a6c6-4732-8ad4-9f9140a86b21,False,[],False
3f878b81-324e-4673-9221-43d34647e76f,10 St & 2 Ave,3922.02,-73.993612,40.671907,71.0,19,"{'android': 'https://bkn.lft.to/lastmile_qr_scan', 'ios': 'https://bkn.lft.to/lastmile_qr_scan'}","['KEY', 'CREDITCARD']",True,classic,3f878b81-324e-4673-9221-43d34647e76f,False,[],False
6ca15d94-897a-4c81-ab47-366829afb7c4,Putnam Ave & Wyckoff Ave,4735.03,-73.90904,40.69811,71.0,24,"{'android': 'https://bkn.lft.to/lastmile_qr_scan', 'ios': 'https://bkn.lft.to/lastmile_qr_scan'}","['KEY', 'CREDITCARD']",True,classic,6ca15d94-897a-4c81-ab47-366829afb7c4,False,[],False
66dd4ac1-0aca-11e7-82f6-3863bb44ef7c,Central Park W & W 76 St,7253.04,-73.97374737,40.77896784,71.0,39,"{'android': 'https://bkn.lft.to/lastmile_qr_scan', 'ios': 'https://bkn.lft.to/lastmile_qr_scan'}","['KEY', 'CREDITCARD']",True,classic,66dd4ac1-0aca-11e7-82f6-3863bb44ef7c,False,[],False
cf284d60-23e7-49ec-91dc-8bfedb59cb6a,E Tremont Ave & Jerome Ave,8403.02,-73.908964,40.851747,71.0,20,"{'android': 'https://bkn.lft.to/lastmile_qr_scan', 'ios': 'https://bkn.lft.to/lastmile_qr_scan'}","['KEY', 'CREDITCARD']",True,classic,cf284d60-23e7-49ec-91dc-8bfedb59cb6a,False,[],False
17aba164-9d41-4336-9767-2218b8994ded,Chauncey St & Malcolm X Blvd,4228.06,-73.92842,40.68044,71.0,24,"{'android': 'https://bkn.lft.to/lastmile_qr_scan', 'ios': 'https://bkn.lft.to/lastmile_qr_scan'}","['KEY', 'CREDITCARD']",True,classic,17aba164-9d41-4336-9767-2218b8994ded,False,[],False
31f340f3-3201-449e-b017-a26813aa448f,46 St & 7 Ave,3117.05,-74.003754,40.644743,71.0,21,"{'android': 'https://bkn.lft.to/lastmile_qr_scan', 'ios': 'https://bkn.lft.to/lastmile_qr_scan'}","['KEY', 'CREDITCARD']",True,classic,31f340f3-3201-449e-b017-a26813aa448f,False,[],False
1786687245202023014,Greenpoint Ave & West St,5752.09,-73.959099,40.729803,71.0,35,"{'android': 'https://bkn.lft.to/lastmile_qr_scan', 'ios': 'https://bkn.lft.to/lastmile_qr_scan'}","['KEY', 'CREDITCARD']",True,classic,1786687245202023014,False,[],False
2235288496527386354,E 93 St & Winthrop St,3591.05,-73.92491,40.66069,71.0,14,"{'android': 'https://bkn.lft.to/lastmile_qr_scan', 'ios': 'https://bkn.lft.to/lastmile_qr_scan'}","['KEY', 'CREDITCARD']",False,classic,2235288496527386354,False,[],False
ccaadb70-6c87-4ccc-9914-a3167bd1bc0e,Riverside Dr & W 145 St,8018.04,-73.951989,40.827305,71.0,35,"{'android': 'https://bkn.lft.to/lastmile_qr_scan', 'ios': 'https://bkn.lft.to/lastmile_qr_scan'}","['KEY', 'CREDITCARD']",True,classic,ccaadb70-6c87-4ccc-9914-a3167bd1bc0e,False,[],False
2204160305291212104,Greenwich St & Rector St,5073.08,-74.013493,40.708351,71.0,59,"{'android': 'https://bkn.lft.to/lastmile_qr_scan', 'ios': 'https://bkn.lft.to/lastmile_qr_scan'}","['KEY', 'CREDITCARD']",True,classic,2204160305291212104,False,[],False
2243826338052005928,94 St & Northern Blvd,6585.04,-73.87418,40.75654,71.0,22,"{'android': 'https://bkn.lft.to/lastmile_qr_scan', 'ios': 'https://bkn.lft.to/lastmile_qr_scan'}","['KEY', 'CREDITCARD']",True,classic,2243826338052005928,False,[],False
40914c6b-293d-49ac-b83a-d9d4af998aea,St Ann's Ave & Westchester Ave,7835.10,-73.911918,40.815887,71.0,19,"{'android': 'https://bkn.lft.to/lastmile_qr_scan', 'ios': 'https://bkn.lft.to/lastmile_qr_scan'}","['KEY', 'CREDITCARD']",True,classic,40914c6b-293d-49ac-b83a-d9d4af998aea,False,[],False
66dd455e-0aca-11e7-82f6-3863bb44ef7c,E 85 St & 3 Ave,7212.05,-73.95407149,40.77801203,71.0,39,"{'android': 'https://bkn.lft.to/lastmile_qr_scan', 'ios': 'https://bkn.lft.to/lastmile_qr_scan'}","['KEY', 'CREDITCARD']",True,classic,66dd455e-0aca-11e7-82f6-3863bb44ef7c,False,[],False
1854538793462575652,103 St & Martense Ave,6062.03,-73.8565,40.74046,71.0,19,"{'android': 'https://bkn.lft.to/lastmile_qr_scan', 'ios': 'https://bkn.lft.to/lastmile_qr_scan'}","['KEY', 'CREDITCARD']",True,classic,1854538793462575652,False,[],False
1851254360969534132,Benham St & Roosevelt Ave,6314.09,-73.8751,40.74841,71.0,24,"{'android': 'https://bkn.lft.to/lastmile_qr_scan', 'ios': 'https://bkn.lft.to/lastmile_qr_scan'}","['KEY', 'CREDITCARD']",True,classic,1851254360969534132,False,[],False
8d2eff37-be09-4b46-a95d-abff89e16d56,3 Ave & 17 St,3779.02,-73.995549,40.666168,71.0,21,"{'android': 'https://bkn.lft.to/lastmile_qr_scan', 'ios': 'https://bkn.lft.to/lastmile_qr_scan'}","['KEY', 'CREDITCARD']",True,classic,8d2eff37-be09-4b46-a95d-abff89e16d56,False,[],False
2226031221020418718,New Utrecht Ave & 9 Ave,3184.07,-73.99452600971485,40.646249287052434,71.0,19,"{'android': 'https://bkn.lft.to/lastmile_qr_scan', 'ios': 'https://bkn.lft.to/lastmile_qr_scan'}","['KEY', 'CREDITCARD']",False,classic,2226031221020418718,False,[],False
1843486390605672640,Ithaca St & Baxter Ave,6323.11,-73.88322,40.74638,71.0,25,"{'android': 'https://bkn.lft.to/lastmile_qr_scan', 'ios': 'https://bkn.lft.to/lastmile_qr_scan'}","['KEY', 'CREDITCARD']",True,classic,1843486390605672640,False,[],False
2121033322026834516,E 3 St & Cortelyou Rd,2908.02,-73.9765,40.63828,71.0,14,"{'android': 'https://bkn.lft.to/lastmile_qr_scan', 'ios': 'https://bkn.lft.to/lastmile_qr_scan'}","['KEY', 'CREDITCARD']",False,classic,2121033322026834516,False,[],False
1817432233006383832,Rugby Rd & Beverley Rd,3113.06,-73.96591,40.64435,71.0,25,"{'android': 'https://bkn.lft.to/lastmile_qr_scan', 'ios': 'https://bkn.lft.to/lastmile_qr_scan'}","['KEY', 'CREDITCARD']",True,classic,1817432233006383832,False,[],False
1814906873296976512,Albemarle Rd & E 21 St,3180.09,-73.95933,40.64741,71.0,21,"{'android': 'https://bkn.lft.to/lastmile_qr_scan', 'ios': 'https://bkn.lft.to/lastmile_qr_scan'}","['KEY', 'CREDITCARD']",True,classic,1814906873296976512,False,[],False
66de1f7f-0aca-11e7-82f6-3863bb44ef7c,E 102 St & Park Ave,7488.24,-73.95033068,40.7904828,71.0,33,"{'android': 'https://bkn.lft.to/lastmile_qr_scan', 'ios': 'https://bkn.lft.to/lastmile_qr_scan'}","['KEY', 'CREDITCARD']",True,classic,66de1f7f-0aca-11e7-82f6-3863bb44ef7c,False,[],False
d946ce73-5487-4ab7-b429-cf873e9af5b5,Wakeman Pl & Ridge Blvd,2932.03,-74.026823,40.639421,71.0,19,"{'android': 'https://bkn.lft.to/lastmile_qr_scan', 'ios': 'https://bkn.lft.to/lastmile_qr_scan'}","['KEY', 'CREDITCARD']",True,classic,d946ce73-5487-4ab7-b429-cf873e9af5b5,False,[],False
2235289711766186888,Howard Ave & Blake Ave,3734.07,-73.9192,40.66433,71.0,18,"{'android': 'https://bkn.lft.to/lastmile_qr_scan', 'ios': 'https://bkn.lft.to/lastmile_qr_scan'}","['KEY', 'CREDITCARD']",False,classic,2235289711766186888,False,[],False
c9cd8c29-7f0b-4979-9a0e-bec4613d2600,Audubon Ave & W 192 St,8469.05,-73.92708241939545,40.85589030603889,71.0,21,"{'android': 'https://bkn.lft.to/lastmile_qr_scan', 'ios': 'https://bkn.lft.to/lastmile_qr_scan'}","['KEY', 'CREDITCARD']",True,classic,c9cd8c29-7f0b-4979-9a0e-bec4613d2600,False,[],False
101c813e-02a8-4b6b-bd5d-981c1ea62019,Pacific St & Thomas S. Boyland St,4023.05,-73.91396,40.67568,71.0,21,"{'android': 'https://bkn.lft.to/lastmile_qr_scan', 'ios': 'https://bkn.lft.to/lastmile_qr_scan'}","['KEY', 'CREDITCARD']",True,classic,101c813e-02a8-4b6b-bd5d-981c1ea62019,False,[],False
ab5c5ee6-9c4e-4aaa-a14e-d236d3e01d9a,43 Ave & 42 St,6251.06,-73.9219419658184,40.74534682580983,71.0,24,"{'android': 'https://bkn.lft.to/lastmile_qr_scan', 'ios': 'https://bkn.lft.to/lastmile_qr_scan'}","['KEY', 'CREDITCARD']",True,classic,ab5c5ee6-9c4e-4aaa-a14e-d236d3e01d9a,False,[],False
2124426189188761638,5 Ave & 88 St,2261.04,-74.02717,40.62021,71.0,16,"{'android': 'https://bkn.lft.to/lastmile_qr_scan', 'ios': 'https://bkn.lft.to/lastmile_qr_scan'}","['KEY', 'CREDITCARD']",False,classic,2124426189188761638,False,[],False
66dca682-0aca-11e7-82f6-3863bb44ef7c,W 45 St & 8 Ave,6676.02,-73.98859651,40.75929124,71.0,65,"{'android': 'https://bkn.lft.to/lastmile_qr_scan', 'ios': 'https://bkn.lft.to/lastmile_qr_scan'}","['KEY', 'CREDITCARD']",True,classic,66dca682-0aca-11e7-82f6-3863bb44ef7c,False,[],False
1820420022433309054,E 34 St & Linden Blvd,3391.10,-73.94599,40.65302,71.0,24,"{'android': 'https://bkn.lft.to/lastmile_qr_scan', 'ios': 'https://bkn.lft.to/lastmile_qr_scan'}","['KEY', 'CREDITCARD']",True,classic,1820420022433309054,False,[],False
bb07a569-cc74-439e-b424-916c0304f136,2 Ave & E 125 St,7648.16,-73.933509,40.802554,71.0,30,"{'android': 'https://bkn.lft.to/lastmile_qr_scan', 'ios': 'https://bkn.lft.to/lastmile_qr_scan'}","['KEY', 'CREDITCARD']",True,classic,bb07a569-cc74-439e-b424-916c0304f136,False,[],False
4753c893-e4bd-4d6a-bc4d-42209a19ebeb,Andrews Ave S & W 179 St,8483.02,-73.91278,40.855156,71.0,20,"{'android': 'https://bkn.lft.to/lastmile_qr_scan', 'ios': 'https://bkn.lft.to/lastmile_qr_scan'}","['KEY', 'CREDITCARD']",True,classic,4753c893-e4bd-4d6a-bc4d-42209a19ebeb,False,[],False
1835247745828931742,99 St & 35 Ave,6542.05,-73.86887,40.75404,71.0,23,"{'android': 'https://bkn.lft.to/lastmile_qr_scan', 'ios': 'https://bkn.lft.to/lastmile_qr_scan'}","['KEY', 'CREDITCARD']",True,classic,1835247745828931742,False,[],False
1835249317786962140,99 St & 38 Ave,6423.03,-73.86725,40.75055,71.0,30,"{'android': 'https://bkn.lft.to/lastmile_qr_scan', 'ios': 'https://bkn.lft.to/lastmile_qr_scan'}","['KEY', 'CREDITCARD']",True,classic,1835249317786962140,False,[],False
66db269c-0aca-11e7-82f6-3863bb44ef7c,Franklin St & W Broadway,5430.08,-74.00666661,40.71911552,71.0,33,"{'android': 'https://bkn.lft.to/lastmile_qr_scan', 'ios': 'https://bkn.lft.to/lastmile_qr_scan'}","['KEY', 'CREDITCARD']",True,classic,66db269c-0aca-11e7-82f6-3863bb44ef7c,False,[],False
1786375597504305174,Wythe Ave & N 13 St,5558.04,-73.957021,40.722767,71.0,43,"{'android': 'https://bkn.lft.to/lastmile_qr_scan', 'ios': 'https://bkn.lft.to/lastmile_qr_scan'}","['KEY', 'CREDITCARD']",True,classic,1786375597504305174,False,[],False
a1112e04-bc50-4782-b3d6-bb5902c0e8db,Broadway & W 133 St,7903.02,-73.956156,40.8190344,71.0,21,"{'android': 'https://bkn.lft.to/lastmile_qr_scan', 'ios': 'https://bkn.lft.to/lastmile_qr_scan'}","['KEY', 'CREDITCARD']",True,classic,a1112e04-bc50-4782-b3d6-bb5902c0e8db,False,[],False
fac701fb-c433-496e-933b-ea137dbe7fe1,Andrew Ave N & Hall of Fame Tce,8520.01,-73.91008,40.85834,71.0,19,"{'android': 'https://bkn.lft.to/lastmile_qr_scan', 'ios': 'https://bkn.lft.to/lastmile_qr_scan'}","['KEY', 'CREDITCARD']",True,classic,fac701fb-c433-496e-933b-ea137dbe7fe1,False,[],False
c45aa693-fedd-478f-ade9-bf176c4e32ff,Crown St & Troy Ave,3751.05,-73.93712,40.66559,71.0,20,"{'android': 'https://bkn.lft.to/lastmile_qr_scan', 'ios': 'https://bkn.lft.to/lastmile_qr_scan'}","['KEY', 'CREDITCARD']",True,classic,c45aa693-fedd-478f-ade9-bf176c4e32ff,False,[],False
2142879839954225698,Arion Pl & Broadway,4801.10,-73.936642,40.697891,71.0,20,"{'android': 'https://bkn.lft.to/lastmile_qr_scan', 'ios': 'https://bkn.lft.to/lastmile_qr_scan'}","['KEY', 'CREDITCARD']",True,classic,2142879839954225698,False,[],False
d8e02e7b-632b-4fbe-95b9-80efa47473e3,Broadway & W 185 St,8416.07,-73.93441,40.852538,71.0,21,"{'android': 'https://bkn.lft.to/lastmile_qr_scan', 'ios': 'https://bkn.lft.to/lastmile_qr_scan'}","['KEY', 'CREDITCARD']",True,classic,d8e02e7b-632b-4fbe-95b9-80efa47473e3,False,[],False
c042a307-2d7d-4ee9-95b7-a7505a3428c2,W 56 St & 8 Ave,6884.03,-73.98313522338867,40.765959181657976,71.0,50,"{'android': 'https://bkn.lft.to/lastmile_qr_scan', 'ios': 'https://bkn.lft.to/lastmile_qr_scan'}","['KEY', 'CREDITCARD']",True,classic,c042a307-2d7d-4ee9-95b7-a7505a3428c2,False,[],False
66db631c-0aca-11e7-82f6-3863bb44ef7c,Greenwich Ave & 8 Ave,6072.06,-74.0026376103,40.7390169121,71.0,75,"{'android': 'https://bkn.lft.to/lastmile_qr_scan', 'ios': 'https://bkn.lft.to/lastmile_qr_scan'}","['KEY', 'CREDITCARD']",True,classic,66db631c-0aca-11e7-82f6-3863bb44ef7c,False,[],False
1848241963446241866,97 St & 57 Ave,5953.03,-73.86415,40.73727,71.0,20,"{'android': 'https://bkn.lft.to/lastmile_qr_scan', 'ios': 'https://bkn.lft.to/lastmile_qr_scan'}","['KEY', 'CREDITCARD']",True,classic,1848241963446241866,False,[],False
a70b26b7-fbad-4787-bf15-29f7b13a19ab,21 Ave & Shore Blvd,7342.01,-73.916894,40.783956,71.0,21,"{'android': 'https://bkn.lft.to/lastmile_qr_scan', 'ios': 'https://bkn.lft.to/lastmile_qr_scan'}","['KEY', 'CREDITCARD']",True,classic,a70b26b7-fbad-4787-bf15-29f7b13a19ab,False,[],False
a23a40c3-6da5-4b0f-bb6b-8bfc01ec2261,E 155 St & Courtlandt Ave,7940.02,-73.917579,40.82057,71.0,19,"{'android': 'https://bkn.lft.to/lastmile_qr_scan', 'ios': 'https://bkn.lft.to/lastmile_qr_scan'}","['KEY', 'CREDITCARD']",True,classic,a23a40c3-6da5-4b0f-bb6b-8bfc01ec2261,False,[],False
66ddef96-0aca-11e7-82f6-3863bb44ef7c,2 Ave & E 96 St,7338.02,-73.9471673,40.7839636,71.0,45,"{'android': 'https://bkn.lft.to/lastmile_qr_scan', 'ios': 'https://bkn.lft.to/lastmile_qr_scan'}","['KEY', 'CREDITCARD']",True,classic,66ddef96-0aca-11e7-82f6-3863bb44ef7c,False,[],False
9e014047-d675-418b-a03c-84d974a25134,Broadway & W 168 St,8226.06,-73.93972098827362,40.84089603193041,71.0,31,"{'android': 'https://bkn.lft.to/lastmile_qr_scan', 'ios': 'https://bkn.lft.to/lastmile_qr_scan'}","['KEY', 'CREDITCARD']",True,classic,9e014047-d675-418b-a03c-84d974a25134,False,[],False
99142ec8-c0e7-47ca-916c-c1097d48e133,Market St & Henry St,5270.09,-73.99446353316307,40.71310702305908,71.0,42,"{'android': 'https://bkn.lft.to/lastmile_qr_scan', 'ios': 'https://bkn.lft.to/lastmile_qr_scan'}","['KEY', 'CREDITCARD']",True,classic,99142ec8-c0e7-47ca-916c-c1097d48e133,False,[],False
68827e5f-ed28-45de-99bf-66093a8c504f,Park Pl & Utica Ave,3966.03,-73.93094,40.67242,71.0,21,"{'android': 'https://bkn.lft.to/lastmile_qr_scan', 'ios': 'https://bkn.lft.to/lastmile_qr_scan'}","['KEY', 'CREDITCARD']",True,classic,68827e5f-ed28-45de-99bf-66093a8c504f,False,[],False
bd30f2a1-38ec-474d-9e36-07f688e87427,Manhattan Ave & Leonard St,5442.09,-73.94844,40.72084,71.0,18,"{'android': 'https://bkn.lft.to/lastmile_qr_scan', 'ios': 'https://bkn.lft.to/lastmile_qr_scan'}","['KEY', 'CREDITCARD']",True,classic,bd30f2a1-38ec-474d-9e36-07f688e87427,False,[],False
2171903221356328154,Bainbridge Ave & E 206 St,8763.05,-73.87941,40.8751,71.0,23,"{'android': 'https://bkn.lft.to/lastmile_qr_scan', 'ios': 'https://bkn.lft.to/lastmile_qr_scan'}","['KEY', 'CREDITCARD']",False,classic,2171903221356328154,False,[],False
77b21502-a7a2-40b4-8f3e-f9c6c6ef0939,65 St & 35 Ave,6417.04,-73.8977,40.75053,71.0,25,"{'android': 'https://bkn.lft.to/lastmile_qr_scan', 'ios': 'https://bkn.lft.to/lastmile_qr_scan'}","['KEY', 'CREDITCARD']",True,classic,77b21502-a7a2-40b4-8f3e-f9c6c6ef0939,False,[],False
e6f3c665-0c87-4f34-a5e8-69baeed7b7bf,Eliot Ave & 60 Ln,5248.05,-73.90299,40.71391,71.0,22,"{'android': 'https://bkn.lft.to/lastmile_qr_scan', 'ios': 'https://bkn.lft.to/lastmile_qr_scan'}","['KEY', 'CREDITCARD']",True,classic,e6f3c665-0c87-4f34-a5e8-69baeed7b7bf,False,[],False
9719498d-bd5c-4424-86ac-dfe0795c57d1,34 Ave & 45 St,6596.10,-73.917014,40.754795,71.0,23,"{'android': 'https://bkn.lft.to/lastmile_qr_scan', 'ios': 'https://bkn.lft.to/lastmile_qr_scan'}","['KEY', 'CREDITCARD']",True,classic,9719498d-bd5c-4424-86ac-dfe0795c57d1,False,[],False
a19d37cc-6070-4e4c-b4ad-3ee21e4a11cb,W 10 St & Washington St,5847.06,-74.00851495563984,40.73342399437081,71.0,68,"{'android': 'https://bkn.lft.to/lastmile_qr_scan', 'ios': 'https://bkn.lft.to/lastmile_qr_scan'}","['KEY', 'CREDITCARD']",True,classic,a19d37cc-6070-4e4c-b4ad-3ee21e4a11cb,False,[],False
9c2a741d-7f3e-4aa1-b58b-db5c3e6bcb20,Gerard Ave & McClellan St,8145.03,-73.92112,40.833909,71.0,30,"{'android': 'https://bkn.lft.to/lastmile_qr_scan', 'ios': 'https://bkn.lft.to/lastmile_qr_scan'}","['KEY', 'CREDITCARD']",True,classic,9c2a741d-7f3e-4aa1-b58b-db5c3e6bcb20,False,[],False
1813395029173762108,E 94 St & Madison Ave,7344.01,-73.95482444378061,40.78585105291389,71.0,43,"{'android': 'https://bkn.lft.to/lastmile_qr_scan', 'ios': 'https://bkn.lft.to/lastmile_qr_scan'}","['KEY', 'CREDITCARD']",True,classic,1813395029173762108,False,[],False
22e38a04-e70d-4484-bbf3-f6e8c64fdbd4,19 St & 8 Ave,3547.04,-73.985543,40.658489,71.0,23,"{'android': 'https://bkn.lft.to/lastmile_qr_scan', 'ios': 'https://bkn.lft.to/lastmile_qr_scan'}","['KEY', 'CREDITCARD']",True,classic,22e38a04-e70d-4484-bbf3-f6e8c64fdbd4,False,[],False
6651fc84-09d1-4cdb-a8d5-7d6345fb3466,50 Ave & 65 St,5956.05,-73.90077,40.73707,71.0,19,"{'android': 'https://bkn.lft.to/lastmile_qr_scan', 'ios': 'https://bkn.lft.to/lastmile_qr_scan'}","['KEY', 'CREDITCARD']",True,classic,6651fc84-09d1-4cdb-a8d5-7d6345fb3466,False,[],False
1836581441921155232,79 St & 37 Ave,6365.10,-73.88714,40.74937,71.0,21,"{'android': 'https://bkn.lft.to/lastmile_qr_scan', 'ios': 'https://bkn.lft.to/lastmile_qr_scan'}","['KEY', 'CREDITCARD']",True,classic,1836581441921155232,False,[],False
6ae35aa8-644e-4b2c-b6a4-6570192f78ab,Davidson Ave & W Burnside Ave,8441.05,-73.908731,40.853646,71.0,32,"{'android': 'https://bkn.lft.to/lastmile_qr_scan', 'ios': 'https://bkn.lft.to/lastmile_qr_scan'}","['KEY', 'CREDITCARD']",True,classic,6ae35aa8-644e-4b2c-b6a4-6570192f78ab,False,[],False
db91c9e0-d80b-4cb4-9cc2-9453ec8fbeac,Grand Concourse & E Mount Eden Ave,8265.09,-73.91172,40.84301,71.0,19,"{'android': 'https://bkn.lft.to/lastmile_qr_scan', 'ios': 'https://bkn.lft.to/lastmile_qr_scan'}","['KEY', 'CREDITCARD']",True,classic,db91c9e0-d80b-4cb4-9cc2-9453ec8fbeac,False,[],False
1947001743402778700,Park Ave & Marcy Ave,4778.03,-73.948881,40.697576,71.0,23,"{'android': 'https://bkn.lft.to/lastmile_qr_scan', 'ios': 'https://bkn.lft.to/lastmile_qr_scan'}","['KEY', 'CREDITCARD']",True,classic,1947001743402778700,False,[],False
66dc8bfd-0aca-11e7-82f6-3863bb44ef7c,Lexington Ave & E 29 St,6164.09,-73.98215353488922,40.74311555376486,71.0,50,"{'android': 'https://bkn.lft.to/lastmile_qr_scan', 'ios': 'https://bkn.lft.to/lastmile_qr_scan'}","['KEY', 'CREDITCARD']",True,classic,66dc8bfd-0aca-11e7-82f6-3863bb44ef7c,False,[],False
1859811213834095332,111 St & 53 Ave,6171.02,-73.85129,40.74336,71.0,25,"{'android': 'https://bkn.lft.to/lastmile_qr_scan', 'ios': 'https://bkn.lft.to/lastmile_qr_scan'}","['KEY', 'CREDITCARD']",True,classic,1859811213834095332,False,[],False
c0a3b8fe-ba64-4cbb-b010-f760998d6c3a,Beck St & Leggett Ave,7807.04,-73.899939,40.815077,71.0,20,"{'android': 'https://bkn.lft.to/lastmile_qr_scan', 'ios': 'https://bkn.lft.to/lastmile_qr_scan'}","['KEY', 'CREDITCARD']",True,classic,c0a3b8fe-ba64-4cbb-b010-f760998d6c3a,False,[],False
85ba92ab-8d0a-4d17-9d07-0173e16d3b6d,Monroe St & Patchen Ave,4491.09,-73.92693,40.68814,71.0,20,"{'android': 'https://bkn.lft.to/lastmile_qr_scan', 'ios': 'https://bkn.lft.to/lastmile_qr_scan'}","['KEY', 'CREDITCARD']",True,classic,85ba92ab-8d0a-4d17-9d07-0173e16d3b6d,False,[],False
35b8b636-18d3-4860-b0a9-39c0bce96a10,28 St & 36 Ave,6614.01,-73.932719,40.757186,71.0,29,"{'android': 'https://bkn.lft.to/lastmile_qr_scan', 'ios': 'https://bkn.lft.to/lastmile_qr_scan'}","['KEY', 'CREDITCARD']",True,classic,35b8b636-18d3-4860-b0a9-39c0bce96a10,False,[],False
81640d04-c36a-4fb1-98b0-85be10be516c,Schenectady Ave & Pacific St,4080.01,-73.93327,40.67686,71.0,21,"{'android': 'https://bkn.lft.to/lastmile_qr_scan', 'ios': 'https://bkn.lft.to/lastmile_qr_scan'}","['KEY', 'CREDITCARD']",True,classic,81640d04-c36a-4fb1-98b0-85be10be516c,False,[],False
2121032507515216178,E 8 St & Beverley Rd,3080.01,-73.97163,40.64369,71.0,12,"{'android': 'https://bkn.lft.to/lastmile_qr_scan', 'ios': 'https://bkn.lft.to/lastmile_qr_scan'}","['KEY', 'CREDITCARD']",False,classic,2121032507515216178,False,[],False
b930dd82-92d0-4d86-b896-7d8b827c2d5f,Pacific St & Rochester Ave,4113.01,-73.92748,40.67639,71.0,19,"{'android': 'https://bkn.lft.to/lastmile_qr_scan', 'ios': 'https://bkn.lft.to/lastmile_qr_scan'}","['KEY', 'CREDITCARD']",True,classic,b930dd82-92d0-4d86-b896-7d8b827c2d5f,False,[],False
2177016792070807878,Riverdale Ave & W 254 St,9050.03,-73.90578,40.90207,71.0,12,"{'android': 'https://bkn.lft.to/lastmile_qr_scan', 'ios': 'https://bkn.lft.to/lastmile_qr_scan'}","['KEY', 'CREDITCARD']",False,classic,2177016792070807878,False,[],False
66db6889-0aca-11e7-82f6-3863bb44ef7c,Pike St & E Broadway,5270.05,-73.99293911,40.71406667,71.0,34,"{'android': 'https://bkn.lft.to/lastmile_qr_scan', 'ios': 'https://bkn.lft.to/lastmile_qr_scan'}","['KEY', 'CREDITCARD']",False,classic,66db6889-0aca-11e7-82f6-3863bb44ef7c,False,[],False
1786697166576476490,N 10 St & Berry St,5450.01,-73.957082,40.720253,71.0,47,"{'android': 'https://bkn.lft.to/lastmile_qr_scan', 'ios': 'https://bkn.lft.to/lastmile_qr_scan'}","['KEY', 'CREDITCARD']",True,classic,1786697166576476490,False,[],False
2177078072664187730,E 118 St & Park Ave,7625.22,-73.94255424184108,40.80069087251806,71.0,27,"{'android': 'https://bkn.lft.to/lastmile_qr_scan', 'ios': 'https://bkn.lft.to/lastmile_qr_scan'}","['KEY', 'CREDITCARD']",True,classic,2177078072664187730,False,[],False
66de4f9c-0aca-11e7-82f6-3863bb44ef7c,4 Ave & 9 St,3955.05,-73.98876585,40.6705135,71.0,31,"{'android': 'https://bkn.lft.to/lastmile_qr_scan', 'ios': 'https://bkn.lft.to/lastmile_qr_scan'}","['KEY', 'CREDITCARD']",True,classic,66de4f9c-0aca-11e7-82f6-3863bb44ef7c,False,[],False
1817432954560889524,Cortelyou Rd & Albany Ave,3121.01,-73.93853,40.64483,71.0,21,"{'android': 'https://bkn.lft.to/lastmile_qr_scan', 'ios': 'https://bkn.lft.to/lastmile_qr_scan'}","['KEY', 'CREDITCARD']",True,classic,1817432954560889524,False,[],False
1838685618105506490,98 St & 25 Ave,6840.02,-73.87171,40.76454,71.0,20,"{'android': 'https://bkn.lft.to/lastmile_qr_scan', 'ios': 'https://bkn.lft.to/lastmile_qr_scan'}","['KEY', 'CREDITCARD']",True,classic,1838685618105506490,False,[],False
33c533cd-5f0e-4c15-a00a-6a2bf1e2d077,Spring St & Hudson St,5653.12,-74.0076532959938,40.72583996792375,71.0,51,"{'android': 'https://bkn.lft.to/lastmile_qr_scan', 'ios': 'https://bkn.lft.to/lastmile_qr_scan'}","['KEY', 'CREDITCARD']",True,classic,33c533cd-5f0e-4c15-a00a-6a2bf1e2d077,False,[],False
66db8ca4-0aca-11e7-82f6-3863bb44ef7c,E 11 St & 1 Ave,5746.14,-73.98426726,40.72953837,71.0,61,"{'android': 'https://bkn.lft.to/lastmile_qr_scan', 'ios': 'https://bkn.lft.to/lastmile_qr_scan'}","['KEY', 'CREDITCARD']",True,classic,66db8ca4-0aca-11e7-82f6-3863bb44ef7c,False,[],False
66dccad8-0aca-11e7-82f6-3863bb44ef7c,Myrtle Ave & Lewis Ave,4729.01,-73.93756926,40.69681963,71.0,23,"{'android': 'https://bkn.lft.to/lastmile_qr_scan', 'ios': 'https://bkn.lft.to/lastmile_qr_scan'}","['KEY', 'CREDITCARD']",False,classic,66dccad8-0aca-11e7-82f6-3863bb44ef7c,False,[],False
0197e9da-ae03-40a7-8270-fe500bfc9e18,Boston Rd & E 167 St,8048.04,-73.903719,40.828199,71.0,21,"{'android': 'https://bkn.lft.to/lastmile_qr_scan', 'ios': 'https://bkn.lft.to/lastmile_qr_scan'}","['KEY', 'CREDITCARD']",True,classic,0197e9da-ae03-40a7-8270-fe500bfc9e18,False,[],False
b7df61c0-8ead-46cb-9d6e-a6a3011ffb71,31 Ave & Steinway St,6782.01,-73.9170071,40.7611488,71.0,27,"{'android': 'https://bkn.lft.to/lastmile_qr_scan', 'ios': 'https://bkn.lft.to/lastmile_qr_scan'}","['KEY', 'CREDITCARD']",True,classic,b7df61c0-8ead-46cb-9d6e-a6a3011ffb71,False,[],False
1838071090619298218,114 St & 39 Ave,6524.01,-73.853,40.7532,71.0,30,"{'android': 'https://bkn.lft.to/lastmile_qr_scan', 'ios': 'https://bkn.lft.to/lastmile_qr_scan'}","['KEY', 'CREDITCARD']",True,classic,1838071090619298218,False,[],False
1898455214498195676,Grand Concourse & E 181 St,8456.05,-73.9015,40.85466,71.0,23,"{'android': 'https://bkn.lft.to/lastmile_qr_scan', 'ios': 'https://bkn.lft.to/lastmile_qr_scan'}","['KEY', 'CREDITCARD']",True,classic,1898455214498195676,False,[],False
2868db5b-df51-4c36-8515-ef77a5b092c2,Irving Ave & Jefferson St,5051.02,-73.92535,40.70538,71.0,19,"{'android': 'https://bkn.lft.to/lastmile_qr_scan', 'ios': 'https://bkn.lft.to/lastmile_qr_scan'}","['KEY', 'CREDITCARD']",True,classic,2868db5b-df51-4c36-8515-ef77a5b092c2,False,[],False
1786696564295760054,Scholes St & Lorimer St,5076.04,-73.948732,40.708323,71.0,27,"{'android': 'https://bkn.lft.to/lastmile_qr_scan', 'ios': 'https://bkn.lft.to/lastmile_qr_scan'}","['KEY', 'CREDITCARD']",True,classic,1786696564295760054,False,[],False
66dcf640-0aca-11e7-82f6-3863bb44ef7c,Roebling St & N 4 St,5267.09,-73.95739,40.71469,71.0,25,"{'android': 'https://bkn.lft.to/lastmile_qr_scan', 'ios': 'https://bkn.lft.to/lastmile_qr_scan'}","['KEY', 'CREDITCARD']",True,classic,66dcf640-0aca-11e7-82f6-3863bb44ef7c,False,[],False
65a1b09d-560d-46bf-8f5d-7f59471a587e,Adam Clayton Powell Blvd & W 138 St,7855.03,-73.9422959089279,40.81695971032464,71.0,23,"{'android': 'https://bkn.lft.to/lastmile_qr_scan', 'ios': 'https://bkn.lft.to/lastmile_qr_scan'}","['KEY', 'CREDITCARD']",True,classic,65a1b09d-560d-46bf-8f5d-7f59471a587e,False,[],False
bc512527-7863-48d5-aea8-3de470abc1ee,Edgecombe Ave & W 141 St,7915.11,-73.945144,40.820681,71.0,21,"{'android': 'https://bkn.lft.to/lastmile_qr_scan', 'ios': 'https://bkn.lft.to/lastmile_qr_scan'}","['KEY', 'CREDITCARD']",True,classic,bc512527-7863-48d5-aea8-3de470abc1ee,False,[],False
c7ffe3fa-9cd6-4d35-9060-7d5822381442,E 20 St & FDR Dr,5886.13,-73.9756813647,40.733208626522426,71.0,75,"{'android': 'https://bkn.lft.to/lastmile_qr_scan', 'ios': 'https://bkn.lft.to/lastmile_qr_scan'}","['KEY', 'CREDITCARD']",True,classic,c7ffe3fa-9cd6-4d35-9060-7d5822381442,False,[],False
d0b87aa7-7e19-40d2-8f7d-6a622e6ac391,Adam Clayton Powell Blvd & W 141 St,7893.05,-73.941057,40.819241,71.0,24,"{'android': 'https://bkn.lft.to/lastmile_qr_scan', 'ios': 'https://bkn.lft.to/lastmile_qr_scan'}","['KEY', 'CREDITCARD']",True,classic,d0b87aa7-7e19-40d2-8f7d-6a622e6ac391,False,[],False
1869753340438110380,Southern Blvd & E 187 St,8427.05,-73.88177,40.8535,71.0,23,"{'android': 'https://bkn.lft.to/lastmile_qr_scan', 'ios': 'https://bkn.lft.to/lastmile_qr_scan'}","['KEY', 'CREDITCARD']",True,classic,1869753340438110380,False,[],False
b319c797-71ff-490c-b965-ba2ac0f50da0,Woodside Ave & 55 St,6276.02,-73.90893,40.74679,71.0,19,"{'android': 'https://bkn.lft.to/lastmile_qr_scan', 'ios': 'https://bkn.lft.to/lastmile_qr_scan'}","['KEY', 'CREDITCARD']",True,classic,b319c797-71ff-490c-b965-ba2ac0f50da0,False,[],False
66db6da2-0aca-11e7-82f6-3863bb44ef7c,Broadway & Battery Pl,4962.01,-74.01361706,40.70463334,71.0,52,"{'android': 'https://bkn.lft.to/lastmile_qr_scan', 'ios': 'https://bkn.lft.to/lastmile_qr_scan'}","['KEY', 'CREDITCARD']",True,classic,66db6da2-0aca-11e7-82f6-3863bb44ef7c,False,[],False
b9deb521-41b6-4f8a-ac78-0e58e3977f2c,Stuyvesant Ave & Hart St,4689.08,-73.9343,40.69465,71.0,27,"{'android': 'https://bkn.lft.to/lastmile_qr_scan', 'ios': 'https://bkn.lft.to/lastmile_qr_scan'}","['KEY', 'CREDITCARD']",True,classic,b9deb521-41b6-4f8a-ac78-0e58e3977f2c,False,[],False
1833865926273309136,W 84 St & Amsterdam Ave,7409.04,-73.9756,40.78621,71.0,35,"{'android': 'https://bkn.lft.to/lastmile_qr_scan', 'ios': 'https://bkn.lft.to/lastmile_qr_scan'}","['KEY', 'CREDITCARD']",True,classic,1833865926273309136,False,[],False
2cd651e7-1e3a-4cd9-8fd1-a2416e032f6e,St Nicholas Terrace & Convent Ave,7937.15,-73.947868,40.821294,71.0,24,"{'android': 'https://bkn.lft.to/lastmile_qr_scan', 'ios': 'https://bkn.lft.to/lastmile_qr_scan'}","['KEY', 'CREDITCARD']",True,classic,2cd651e7-1e3a-4cd9-8fd1-a2416e032f6e,False,[],False
f3b359e2-7983-4aaf-b6b0-e3b7d30816a4,George St & Wilson Ave,4906.07,-73.92997,40.702997,71.0,19,"{'android': 'https://bkn.lft.to/lastmile_qr_scan', 'ios': 'https://bkn.lft.to/lastmile_qr_scan'}","['KEY', 'CREDITCARD']",True,classic,f3b359e2-7983-4aaf-b6b0-e3b7d30816a4,False,[],False
5f968a1b-ee60-43a0-ad25-05211e09e436,Eldert St & Bushwick Ave,4399.03,-73.91321,40.68652,71.0,22,"{'android': 'https://bkn.lft.to/lastmile_qr_scan', 'ios': 'https://bkn.lft.to/lastmile_qr_scan'}","['KEY', 'CREDITCARD']",True,classic,5f968a1b-ee60-43a0-ad25-05211e09e436,False,[],False
1860189190334925058,E 181 St & Bathgate Ave,8415.01,-73.89438,40.85198,71.0,21,"{'android': 'https://bkn.lft.to/lastmile_qr_scan', 'ios': 'https://bkn.lft.to/lastmile_qr_scan'}","['KEY', 'CREDITCARD']",True,classic,1860189190334925058,False,[],False
2206773064227030872,64 Ave & 108 St,5861.04,-73.84942,40.73305,,17,"{'android': 'https://bkn.lft.to/lastmile_qr_scan', 'ios': 'https://bkn.lft.to/lastmile_qr_scan'}","['KEY', 'CREDITCARD']",False,classic,2206773064227030872,False,[],False
923a60f7-2a0e-4a31-8dd5-66c8518c929e,48 Ave & 41 St,6101.11,-73.92400324344635,40.73985995699164,71.0,21,"{'android': 'https://bkn.lft.to/lastmile_qr_scan', 'ios': 'https://bkn.lft.to/lastmile_qr_scan'}","['KEY', 'CREDITCARD']",True,classic,923a60f7-2a0e-4a31-8dd5-66c8518c929e,False,[],False
1887292564377354448,E 191 St & Bathgate Ave,8541.04,-73.8866,40.8601,71.0,30,"{'android': 'https://bkn.lft.to/lastmile_qr_scan', 'ios': 'https://bkn.lft.to/lastmile_qr_scan'}","['KEY', 'CREDITCARD']",True,classic,1887292564377354448,False,[],False
b1e496f1-43cf-48d0-be49-ab0d760c00bf,Fresh Pond Rd & 69 Ave,4945.06,-73.89547,40.70311,71.0,28,"{'android': 'https://bkn.lft.to/lastmile_qr_scan', 'ios': 'https://bkn.lft.to/lastmile_qr_scan'}","['KEY', 'CREDITCARD']",True,classic,b1e496f1-43cf-48d0-be49-ab0d760c00bf,False,[],False
bde94a25-6089-4490-af3a-8cc5702230b8,W Broadway & Spring St,5569.06,-74.00165855884552,40.72494672359416,71.0,99,"{'android': 'https://bkn.lft.to/lastmile_qr_scan', 'ios': 'https://bkn.lft.to/lastmile_qr_scan'}","['KEY', 'CREDITCARD']",True,classic,bde94a25-6089-4490-af3a-8cc5702230b8,False,[],False
66dbcdfc-0aca-11e7-82f6-3863bb44ef7c,E 53 St & Lexington Ave,6617.09,-73.97069431,40.75828065,71.0,57,"{'android': 'https://bkn.lft.to/lastmile_qr_scan', 'ios': 'https://bkn.lft.to/lastmile_qr_scan'}","['KEY', 'CREDITCARD']",True,classic,66dbcdfc-0aca-11e7-82f6-3863bb44ef7c,False,[],False
199ea9dd-8f7e-4e05-a730-55edaacd8787,E 63 St & 3 Ave,6830.02,-73.9646,40.763954,71.0,57,"{'android': 'https://bkn.lft.to/lastmile_qr_scan', 'ios': 'https://bkn.lft.to/lastmile_qr_scan'}","['KEY', 'CREDITCARD']",True,classic,199ea9dd-8f7e-4e05-a730-55edaacd8787,False,[],False
94771406-6712-4508-9392-11e9d90e1185,Fresh Pond Rd & Flushing Ave,5501.06,-73.90295,40.72155,71.0,19,"{'android': 'https://bkn.lft.to/lastmile_qr_scan', 'ios': 'https://bkn.lft.to/lastmile_qr_scan'}","['KEY', 'CREDITCARD']",True,classic,94771406-6712-4508-9392-11e9d90e1185,False,[],False
1871972060496771504,Claflin Ave & Reservoir Ave,8756.03,-73.89943,40.87398,71.0,19,"{'android': 'https://bkn.lft.to/lastmile_qr_scan', 'ios': 'https://bkn.lft.to/lastmile_qr_scan'}","['KEY', 'CREDITCARD']",True,classic,1871972060496771504,False,[],False
c0a2d591-4eed-488b-b88b-0b23990e3756,E Burnside Ave & Ryer Ave,8397.02,-73.901318,40.850535,71.0,21,"{'android': 'https://bkn.lft.to/lastmile_qr_scan', 'ios': 'https://bkn.lft.to/lastmile_qr_scan'}","['KEY', 'CREDITCARD']",True,classic,c0a2d591-4eed-488b-b88b-0b23990e3756,False,[],False
2206775291229258176,98 St & 64 Rd,5795.07,-73.85817,40.72973,71.0,18,"{'android': 'https://bkn.lft.to/lastmile_qr_scan', 'ios': 'https://bkn.lft.to/lastmile_qr_scan'}","['KEY', 'CREDITCARD']",False,classic,2206775291229258176,False,[],False
daefc84c-1b16-4220-8e1f-10ea4866fdc7,Broadway & W 25 St,6173.08,-73.98918628692627,40.74286877312112,71.0,109,"{'android': 'https://bkn.lft.to/lastmile_qr_scan', 'ios': 'https://bkn.lft.to/lastmile_qr_scan'}","['KEY', 'CREDITCARD']",True,classic,daefc84c-1b16-4220-8e1f-10ea4866fdc7,False,[],False
66db479e-0aca-11e7-82f6-3863bb44ef7c,Howard St & Lafayette St,5422.04,-73.99973337,40.71910537,71.0,39,"{'android': 'https://bkn.lft.to/lastmile_qr_scan', 'ios': 'https://bkn.lft.to/lastmile_qr_scan'}","['KEY', 'CREDITCARD']",True,classic,66db479e-0aca-11e7-82f6-3863bb44ef7c,False,[],False
b03adb87-2bd9-43a5-a822-7d06a9ee2d81,McKibbin St & Bogart St,5059.02,-73.933871,40.706237,71.0,30,"{'android': 'https://bkn.lft.to/lastmile_qr_scan', 'ios': 'https://bkn.lft.to/lastmile_qr_scan'}","['KEY', 'CREDITCARD']",True,classic,b03adb87-2bd9-43a5-a822-7d06a9ee2d81,False,[],False
8456b63c-37c6-49a6-8c02-bb6dcfc35041,Seaman Ave & Isham St,8665.02,-73.92076313495636,40.86989866194045,71.0,23,"{'android': 'https://bkn.lft.to/lastmile_qr_scan', 'ios': 'https://bkn.lft.to/lastmile_qr_scan'}","['KEY', 'CREDITCARD']",True,classic,8456b63c-37c6-49a6-8c02-bb6dcfc35041,False,[],False
2127386600787000162,E 196 St & Valentine Ave,8635.09,-73.89198,40.86744,71.0,25,"{'android': 'https://bkn.lft.to/lastmile_qr_scan', 'ios': 'https://bkn.lft.to/lastmile_qr_scan'}","['KEY', 'CREDITCARD']",True,classic,2127386600787000162,False,[],False
50575cba-95ac-4134-9da1-3eec8253afc4,Central Park W & W 85 St,7354.01,-73.969862,40.78476,71.0,38,"{'android': 'https://bkn.lft.to/lastmile_qr_scan', 'ios': 'https://bkn.lft.to/lastmile_qr_scan'}","['KEY', 'CREDITCARD']",True,classic,50575cba-95ac-4134-9da1-3eec8253afc4,False,[],False
66dc9143-0aca-11e7-82f6-3863bb44ef7c,Catherine St & Monroe St,5128.04,-73.99682619,40.71117444,71.0,35,"{'android': 'https://bkn.lft.to/lastmile_qr_scan', 'ios': 'https://bkn.lft.to/lastmile_qr_scan'}","['KEY', 'CREDITCARD']",True,classic,66dc9143-0aca-11e7-82f6-3863bb44ef7c,False,[],False
66dd266a-0aca-11e7-82f6-3863bb44ef7c,44 Dr & Jackson Ave,6352.01,-73.9432635,40.74718234,71.0,34,"{'android': 'https://bkn.lft.to/lastmile_qr_scan', 'ios': 'https://bkn.lft.to/lastmile_qr_scan'}","['KEY', 'CREDITCARD']",True,classic,66dd266a-0aca-11e7-82f6-3863bb44ef7c,False,[],False
1945126257666675246,Franklin Ave & Quincy St,4410.02,-73.95678,40.68636,71.0,23,"{'android': 'https://bkn.lft.to/lastmile_qr_scan', 'ios': 'https://bkn.lft.to/lastmile_qr_scan'}","['KEY', 'CREDITCARD']",True,classic,1945126257666675246,False,[],False
bd70035d-4151-42b2-91f6-7bb3333e5253,20 Ave & 21 St,7363.04,-73.912297,40.784003,71.0,19,"{'android': 'https://bkn.lft.to/lastmile_qr_scan', 'ios': 'https://bkn.lft.to/lastmile_qr_scan'}","['KEY', 'CREDITCARD']",True,classic,bd70035d-4151-42b2-91f6-7bb3333e5253,False,[],False
66dcbf69-0aca-11e7-82f6-3863bb44ef7c,Putnam Ave & Throop Ave,4392.04,-73.94111,40.6851532,71.0,21,"{'android': 'https://bkn.lft.to/lastmile_qr_scan', 'ios': 'https://bkn.lft.to/lastmile_qr_scan'}","['KEY', 'CREDITCARD']",True,classic,66dcbf69-0aca-11e7-82f6-3863bb44ef7c,False,[],False
2b33334b-243c-4a16-a6d2-32304c8884f1,Popham Ave & W 174 St,8348.02,-73.922079,40.847746,71.0,20,"{'android': 'https://bkn.lft.to/lastmile_qr_scan', 'ios': 'https://bkn.lft.to/lastmile_qr_scan'}","['KEY', 'CREDITCARD']",True,classic,2b33334b-243c-4a16-a6d2-32304c8884f1,False,[],False
711ccb32-e1bc-4577-ac7b-50592cc9b8a0,58 St & Pier 4,3220.01,-74.026081,40.646475,71.0,31,"{'android': 'https://bkn.lft.to/lastmile_qr_scan', 'ios': 'https://bkn.lft.to/lastmile_qr_scan'}","['KEY', 'CREDITCARD']",True,classic,711ccb32-e1bc-4577-ac7b-50592cc9b8a0,False,[],False
785b3e6b-dab5-4d25-afab-e2a1ef918669,51 St & 43 Ave,6242.10,-73.91412,40.74451,71.0,27,"{'android': 'https://bkn.lft.to/lastmile_qr_scan', 'ios': 'https://bkn.lft.to/lastmile_qr_scan'}","['KEY', 'CREDITCARD']",True,classic,785b3e6b-dab5-4d25-afab-e2a1ef918669,False,[],False
66de1368-0aca-11e7-82f6-3863bb44ef7c,Pioneer St & Van Brunt St,4169.04,-74.011169,40.679043,71.0,39,"{'android': 'https://bkn.lft.to/lastmile_qr_scan', 'ios': 'https://bkn.lft.to/lastmile_qr_scan'}","['KEY', 'CREDITCARD']",True,classic,66de1368-0aca-11e7-82f6-3863bb44ef7c,False,[],False
3db2fa34-0b56-4644-9ae9-bbee1583e717,Bronx Shore Comfort Station,7618.01,-73.92404,40.80046,71.0,25,"{'android': 'https://bkn.lft.to/lastmile_qr_scan', 'ios': 'https://bkn.lft.to/lastmile_qr_scan'}","['KEY', 'CREDITCARD']",True,classic,3db2fa34-0b56-4644-9ae9-bbee1583e717,False,[],False
7f3aa940-18ef-4900-89dc-cdb05f693f31,Halsey St & Ralph Ave,4334.02,-73.92299,40.68494,71.0,20,"{'android': 'https://bkn.lft.to/lastmile_qr_scan', 'ios': 'https://bkn.lft.to/lastmile_qr_scan'}","['KEY', 'CREDITCARD']",True,classic,7f3aa940-18ef-4900-89dc-cdb05f693f31,False,[],False
66dbcf18-0aca-11e7-82f6-3863bb44ef7c,Washington Pl & 6 Ave,5838.09,-74.00026394,40.73224119,71.0,76,"{'android': 'https://bkn.lft.to/lastmile_qr_scan', 'ios': 'https://bkn.lft.to/lastmile_qr_scan'}","['KEY', 'CREDITCARD']",True,classic,66dbcf18-0aca-11e7-82f6-3863bb44ef7c,False,[],False
d52d4171-fd60-4a28-b7e2-89f3693e0591,53 St & Flushing Ave,5257.01,-73.91405,40.71435,71.0,19,"{'android': 'https://bkn.lft.to/lastmile_qr_scan', 'ios': 'https://bkn.lft.to/lastmile_qr_scan'}","['KEY', 'CREDITCARD']",True,classic,d52d4171-fd60-4a28-b7e2-89f3693e0591,False,[],False
d7f55e1b-12db-49d1-9cd8-4fb464745841,65 St & Roosevelt Ave,6267.08,-73.89915,40.74589,71.0,30,"{'android': 'https://bkn.lft.to/lastmile_qr_scan', 'ios': 'https://bkn.lft.to/lastmile_qr_scan'}","['KEY', 'CREDITCARD']",True,classic,d7f55e1b-12db-49d1-9cd8-4fb464745841,False,[],False
66dc3f08-0aca-11e7-82f6-3863bb44ef7c,W 41 St & 8 Ave,6602.03,-73.9900262,40.75640548,71.0,105,"{'android': 'https://bkn.lft.to/lastmile_qr_scan', 'ios': 'https://bkn.lft.to/lastmile_qr_scan'}","['KEY', 'CREDITCARD']",True,classic,66dc3f08-0aca-11e7-82f6-3863bb44ef7c,False,[],False
2bf9addc-038b-48fe-8794-dde085c5e5dc,E 58 St & 1 Ave (NW Corner),6723.10,-73.962658,40.759125,71.0,50,"{'android': 'https://bkn.lft.to/lastmile_qr_scan', 'ios': 'https://bkn.lft.to/lastmile_qr_scan'}","['KEY', 'CREDITCARD']",True,classic,2bf9addc-038b-48fe-8794-dde085c5e5dc,False,[],False
c29c9178-bcb1-4c0c-b789-f4a89512a4e4,Concourse Village West & E 156 St,7962.01,-73.923267,40.823162,71.0,21,"{'android': 'https://bkn.lft.to/lastmile_qr_scan', 'ios': 'https://bkn.lft.to/lastmile_qr_scan'}","['KEY', 'CREDITCARD']",True,classic,c29c9178-bcb1-4c0c-b789-f4a89512a4e4,False,[],False
f72a253f-3cef-4da8-9591-0cbd3a692162,W 40 St & 7 Ave,6560.14,-73.988154,40.754818,71.0,45,"{'android': 'https://bkn.lft.to/lastmile_qr_scan', 'ios': 'https://bkn.lft.to/lastmile_qr_scan'}","['KEY', 'CREDITCARD']",True,classic,f72a253f-3cef-4da8-9591-0cbd3a692162,False,[],False
66dc9223-0aca-11e7-82f6-3863bb44ef7c,E 27 St & 1 Ave,6004.06,-73.976806,40.739445,71.0,87,"{'android': 'https://bkn.lft.to/lastmile_qr_scan', 'ios': 'https://bkn.lft.to/lastmile_qr_scan'}","['KEY', 'CREDITCARD']",True,classic,66dc9223-0aca-11e7-82f6-3863bb44ef7c,False,[],False
02fb0f6a-b1dc-4e1c-97f8-fe70462670a3,Park Circle & East Dr,3344.02,-73.972212,40.651566,71.0,29,"{'android': 'https://bkn.lft.to/lastmile_qr_scan', 'ios': 'https://bkn.lft.to/lastmile_qr_scan'}","['KEY', 'CREDITCARD']",True,classic,02fb0f6a-b1dc-4e1c-97f8-fe70462670a3,False,[],False
2121032973750651666,15 Ave & 37 St,2868.03,-73.98074,40.63899,71.0,14,"{'android': 'https://bkn.lft.to/lastmile_qr_scan', 'ios': 'https://bkn.lft.to/lastmile_qr_scan'}","['KEY', 'CREDITCARD']",False,classic,2121032973750651666,False,[],False
1815967674683118258,E 49 St & Church Ave,3300.04,-73.93135,40.65182,71.0,25,"{'android': 'https://bkn.lft.to/lastmile_qr_scan', 'ios': 'https://bkn.lft.to/lastmile_qr_scan'}","['KEY', 'CREDITCARD']",True,classic,1815967674683118258,False,[],False
1854255035042870020,60 St & 37 Ave,6383.06,-73.90265,40.74952,71.0,19,"{'android': 'https://bkn.lft.to/lastmile_qr_scan', 'ios': 'https://bkn.lft.to/lastmile_qr_scan'}","['KEY', 'CREDITCARD']",True,classic,1854255035042870020,False,[],False
66db79a3-0aca-11e7-82f6-3863bb44ef7c,Fulton St & Broadway,5175.08,-74.009447,40.711066,71.0,49,"{'android': 'https://bkn.lft.to/lastmile_qr_scan', 'ios': 'https://bkn.lft.to/lastmile_qr_scan'}","['KEY', 'CREDITCARD']",True,classic,66db79a3-0aca-11e7-82f6-3863bb44ef7c,False,[],False
66de3fde-0aca-11e7-82f6-3863bb44ef7c,Cathedral Pkwy & Broadway,7680.03,-73.96699104,40.804213,71.0,25,"{'android': 'https://bkn.lft.to/lastmile_qr_scan', 'ios': 'https://bkn.lft.to/lastmile_qr_scan'}","['KEY', 'CREDITCARD']",True,classic,66de3fde-0aca-11e7-82f6-3863bb44ef7c,False,[],False
c4d6b123-df5a-446d-b0ae-d3c4846565d5,E 170 St & Webster Ave,8156.03,-73.90730146322765,40.83617913677475,71.0,25,"{'android': 'https://bkn.lft.to/lastmile_qr_scan', 'ios': 'https://bkn.lft.to/lastmile_qr_scan'}","['KEY', 'CREDITCARD']",True,classic,c4d6b123-df5a-446d-b0ae-d3c4846565d5,False,[],False
66dea52b-0aca-11e7-82f6-3863bb44ef7c,Devoe St & Lorimer St,5259.06,-73.9491033554077,40.71335226222875,71.0,32,"{'android': 'https://bkn.lft.to/lastmile_qr_scan', 'ios': 'https://bkn.lft.to/lastmile_qr_scan'}","['KEY', 'CREDITCARD']",True,classic,66dea52b-0aca-11e7-82f6-3863bb44ef7c,False,[],False
2208187041057701258,Park Pl & Franklin Ave,4033.19,-73.95655458212127,40.67418106036449,71.0,20,"{'android': 'https://bkn.lft.to/lastmile_qr_scan', 'ios': 'https://bkn.lft.to/lastmile_qr_scan'}","['KEY', 'CREDITCARD']",True,classic,2208187041057701258,False,[],False
66dc82ef-0aca-11e7-82f6-3863bb44ef7c,W 43 St & 6 Ave,6593.14,-73.98316936,40.75527307,71.0,63,"{'android': 'https://bkn.lft.to/lastmile_qr_scan', 'ios': 'https://bkn.lft.to/lastmile_qr_scan'}","['KEY', 'CREDITCARD']",True,classic,66dc82ef-0aca-11e7-82f6-3863bb44ef7c,False,[],False
66de1c33-0aca-11e7-82f6-3863bb44ef7c,Amsterdam Ave & W 79 St,7311.02,-73.9786517,40.7829391,71.0,48,"{'android': 'https://bkn.lft.to/lastmile_qr_scan', 'ios': 'https://bkn.lft.to/lastmile_qr_scan'}","['KEY', 'CREDITCARD']",True,classic,66de1c33-0aca-11e7-82f6-3863bb44ef7c,False,[],False
a37bd0e0-d1e9-4302-9ff7-286e415aff1c,58 St & 56 Dr,5548.01,-73.91244,40.72419,71.0,19,"{'android': 'https://bkn.lft.to/lastmile_qr_scan', 'ios': 'https://bkn.lft.to/lastmile_qr_scan'}","['KEY', 'CREDITCARD']",True,classic,a37bd0e0-d1e9-4302-9ff7-286e415aff1c,False,[],False
66de110b-0aca-11e7-82f6-3863bb44ef7c,Berkeley Pl & 6 Ave,4134.06,-73.97846879,40.6765304,71.0,41,"{'android': 'https://bkn.lft.to/lastmile_qr_scan', 'ios': 'https://bkn.lft.to/lastmile_qr_scan'}","['KEY', 'CREDITCARD']",True,classic,66de110b-0aca-11e7-82f6-3863bb44ef7c,False,[],False
66db46d7-0aca-11e7-82f6-3863bb44ef7c,Ave D & E 8 St,5506.10,-73.97574813,40.72368361,71.0,30,"{'android': 'https://bkn.lft.to/lastmile_qr_scan', 'ios': 'https://bkn.lft.to/lastmile_qr_scan'}","['KEY', 'CREDITCARD']",True,classic,66db46d7-0aca-11e7-82f6-3863bb44ef7c,False,[],False
145bbc0d-8976-45ae-9565-158ba564d3d1,Suydam St & Knickerbocker Ave,4939.07,-73.923769,40.702013,71.0,27,"{'android': 'https://bkn.lft.to/lastmile_qr_scan', 'ios': 'https://bkn.lft.to/lastmile_qr_scan'}","['KEY', 'CREDITCARD']",False,classic,145bbc0d-8976-45ae-9565-158ba564d3d1,False,[],False
1814900898997467540,Clarkson Ave & E 37 St,3463.01,-73.9432,40.65577,71.0,22,"{'android': 'https://bkn.lft.to/lastmile_qr_scan', 'ios': 'https://bkn.lft.to/lastmile_qr_scan'}","['KEY', 'CREDITCARD']",True,classic,1814900898997467540,False,[],False
a76299eb-73f7-401c-aa8b-edff9ef003bd,Congress St & Clinton St,4455.10,-73.99545192718506,40.68825516598005,71.0,44,"{'android': 'https://bkn.lft.to/lastmile_qr_scan', 'ios': 'https://bkn.lft.to/lastmile_qr_scan'}","['KEY', 'CREDITCARD']",True,classic,a76299eb-73f7-401c-aa8b-edff9ef003bd,False,[],False
f752c376-3a6f-4cd3-b9fd-3c049d45a9a6,Jerome Ave & Ogden Ave,8081.01,-73.931015,40.829797,71.0,21,"{'android': 'https://bkn.lft.to/lastmile_qr_scan', 'ios': 'https://bkn.lft.to/lastmile_qr_scan'}","['KEY', 'CREDITCARD']",True,classic,f752c376-3a6f-4cd3-b9fd-3c049d45a9a6,False,[],False
2206772833868913154,63 Dr & 102 St,5827.01,-73.85404,40.73244,71.0,14,"{'android': 'https://bkn.lft.to/lastmile_qr_scan', 'ios': 'https://bkn.lft.to/lastmile_qr_scan'}","['KEY', 'CREDITCARD']",False,classic,2206772833868913154,False,[],False
66de2771-0aca-11e7-82f6-3863bb44ef7c,Carroll St & Bond St,4184.07,-73.99037292,40.6786115,71.0,25,"{'android': 'https://bkn.lft.to/lastmile_qr_scan', 'ios': 'https://bkn.lft.to/lastmile_qr_scan'}","['KEY', 'CREDITCARD']",True,classic,66de2771-0aca-11e7-82f6-3863bb44ef7c,False,[],False
2250950310631993874,Blake Ave & Hinsdale St,3820.07,-73.89959,40.66708,71.0,12,"{'android': 'https://bkn.lft.to/lastmile_qr_scan', 'ios': 'https://bkn.lft.to/lastmile_qr_scan'}","['KEY', 'CREDITCARD']",False,classic,2250950310631993874,False,[],False
760ebaea-f7c7-45ad-aa3b-395d97adcf8f,Adam Clayton Powell Blvd & W 115 St,7643.18,-73.9532423,40.802535,71.0,22,"{'android': 'https://bkn.lft.to/lastmile_qr_scan', 'ios': 'https://bkn.lft.to/lastmile_qr_scan'}","['KEY', 'CREDITCARD']",True,classic,760ebaea-f7c7-45ad-aa3b-395d97adcf8f,False,[],False
8f1fdf4b-ecca-4f03-b04c-e10fe596e2c7,St Nicholas Ave & W 150 St,8013.07,-73.942722,40.827212,71.0,26,"{'android': 'https://bkn.lft.to/lastmile_qr_scan', 'ios': 'https://bkn.lft.to/lastmile_qr_scan'}","['KEY', 'CREDITCARD']",True,classic,8f1fdf4b-ecca-4f03-b04c-e10fe596e2c7,False,[],False
66dc481a-0aca-11e7-82f6-3863bb44ef7c,E 12 St & 3 Ave,5788.12,-73.98889957,40.73223272,71.0,70,"{'android': 'https://bkn.lft.to/lastmile_qr_scan', 'ios': 'https://bkn.lft.to/lastmile_qr_scan'}","['KEY', 'CREDITCARD']",True,classic,66dc481a-0aca-11e7-82f6-3863bb44ef7c,False,[],False
5eac53d0-5510-441a-9dbb-76bd38acf4ef,Goulden Ave & W 197 St,8707.01,-73.89714,40.87156,71.0,20,"{'android': 'https://bkn.lft.to/lastmile_qr_scan', 'ios': 'https://bkn.lft.to/lastmile_qr_scan'}","['KEY', 'CREDITCARD']",True,classic,5eac53d0-5510-441a-9dbb-76bd38acf4ef,False,[],False
1786699974232881542,Greenpoint Ave & Monitor St,5851.01,-73.94383,40.73224,71.0,20,"{'android': 'https://bkn.lft.to/lastmile_qr_scan', 'ios': 'https://bkn.lft.to/lastmile_qr_scan'}","['KEY', 'CREDITCARD']",True,classic,1786699974232881542,False,[],False
2126579619522812246,Shore Rd & Oliver St,2240.06,-74.0402,40.61919,71.0,16,"{'android': 'https://bkn.lft.to/lastmile_qr_scan', 'ios': 'https://bkn.lft.to/lastmile_qr_scan'}","['KEY', 'CREDITCARD']",False,classic,2126579619522812246,False,[],False
52dd11f4-bbd0-49ab-912b-06fac40d275d,Prospect Park SW & 16 St,3498.09,-73.974165,40.657265,71.0,33,"{'android': 'https://bkn.lft.to/lastmile_qr_scan', 'ios': 'https://bkn.lft.to/lastmile_qr_scan'}","['KEY', 'CREDITCARD']",True,classic,52dd11f4-bbd0-49ab-912b-06fac40d275d,False,[],False
16a4effc-282e-4053-b47b-31f734d50c08,E 123 St & Lexington Ave,7636.05,-73.9379,40.8029263,71.0,27,"{'android': 'https://bkn.lft.to/lastmile_qr_scan', 'ios': 'https://bkn.lft.to/lastmile_qr_scan'}","['KEY', 'CREDITCARD']",True,classic,16a4effc-282e-4053-b47b-31f734d50c08,False,[],False
d837d1b0-8f80-4f6c-ae45-5dd0deec6977,33 St & 47 Ave,6185.04,-73.9321,40.74283,71.0,24,"{'android': 'https://bkn.lft.to/lastmile_qr_scan', 'ios': 'https://bkn.lft.to/lastmile_qr_scan'}","['KEY', 'CREDITCARD']",True,classic,d837d1b0-8f80-4f6c-ae45-5dd0deec6977,False,[],False
1817431953833509324,Caton Ave & Bedford Ave,3368.04,-73.95623,40.65237,71.0,22,"{'android': 'https://bkn.lft.to/lastmile_qr_scan', 'ios': 'https://bkn.lft.to/lastmile_qr_scan'}","['KEY', 'CREDITCARD']",True,classic,1817431953833509324,False,[],False
2235294785609966518,Hegeman Ave & Powell St,3493.02,-73.90125,40.65709,71.0,16,"{'android': 'https://bkn.lft.to/lastmile_qr_scan', 'ios': 'https://bkn.lft.to/lastmile_qr_scan'}","['KEY', 'CREDITCARD']",False,classic,2235294785609966518,False,[],False
01b7973e-c92e-4fbe-890e-2c24de33ce0e,Macon St & Patchen Ave,4301.04,-73.9261,40.68374,71.0,19,"{'android': 'https://bkn.lft.to/lastmile_qr_scan', 'ios': 'https://bkn.lft.to/lastmile_qr_scan'}","['KEY', 'CREDITCARD']",True,classic,01b7973e-c92e-4fbe-890e-2c24de33ce0e,False,[],False
1860188607062574024,Vyse Ave & E 181 St,8306.03,-73.87988,40.84463,71.0,20,"{'android': 'https://bkn.lft.to/lastmile_qr_scan', 'ios': 'https://bkn.lft.to/lastmile_qr_scan'}","['KEY', 'CREDITCARD']",True,classic,1860188607062574024,False,[],False
e73cf71b-db05-44f9-b57a-689d65320d68,E 118 St & 3 Ave,7611.02,-73.9389152,40.799139,71.0,31,"{'android': 'https://bkn.lft.to/lastmile_qr_scan', 'ios': 'https://bkn.lft.to/lastmile_qr_scan'}","['KEY', 'CREDITCARD']",True,classic,e73cf71b-db05-44f9-b57a-689d65320d68,False,[],False
40eaa69a-d3ab-48fc-b395-b5bdc6a1aa85,5 St & 51 Ave,6137.04,-73.9566,40.7423737,71.0,21,"{'android': 'https://bkn.lft.to/lastmile_qr_scan', 'ios': 'https://bkn.lft.to/lastmile_qr_scan'}","['KEY', 'CREDITCARD']",True,classic,40eaa69a-d3ab-48fc-b395-b5bdc6a1aa85,False,[],False
e6c2a46e-431a-4101-af84-870f660ff4cb,E 27 St & Park Ave S,6131.13,-73.9847157150507,40.74275179648995,71.0,69,"{'android': 'https://bkn.lft.to/lastmile_qr_scan', 'ios': 'https://bkn.lft.to/lastmile_qr_scan'}","['KEY', 'CREDITCARD']",True,classic,e6c2a46e-431a-4101-af84-870f660ff4cb,False,[],False
8f672aa7-08a1-4fe2-a471-06f219c0eb1b,Walnut Ave & E 136 St,7639.06,-73.909513,40.801657,71.0,17,"{'android': 'https://bkn.lft.to/lastmile_qr_scan', 'ios': 'https://bkn.lft.to/lastmile_qr_scan'}","['KEY', 'CREDITCARD']",True,classic,8f672aa7-08a1-4fe2-a471-06f219c0eb1b,False,[],False
9d23b0e9-a478-407c-a0e0-0aff1b0398fc,Forest Ave & Summerfield St,4798.02,-73.89795,40.69922,71.0,23,"{'android': 'https://bkn.lft.to/lastmile_qr_scan', 'ios': 'https://bkn.lft.to/lastmile_qr_scan'}","['KEY', 'CREDITCARD']",True,classic,9d23b0e9-a478-407c-a0e0-0aff1b0398fc,False,[],False
32c60668-a192-4d06-aa7c-6d6f7aed6b45,Vernon Blvd & 10 St,6937.07,-73.9373554,40.7671863,71.0,41,"{'android': 'https://bkn.lft.to/lastmile_qr_scan', 'ios': 'https://bkn.lft.to/lastmile_qr_scan'}","['KEY', 'CREDITCARD']",True,classic,32c60668-a192-4d06-aa7c-6d6f7aed6b45,False,[],False
d67375ea-3f93-4996-b0dc-f542341f2e6a,43 Ave & 40 St,6292.03,-73.92402,40.74562,71.0,21,"{'android': 'https://bkn.lft.to/lastmile_qr_scan', 'ios': 'https://bkn.lft.to/lastmile_qr_scan'}","['KEY', 'CREDITCARD']",True,classic,d67375ea-3f93-4996-b0dc-f542341f2e6a,False,[],False
1815967051912860522,Clarkson Ave & E 40 St,3423.10,-73.94068,40.65592,71.0,30,"{'android': 'https://bkn.lft.to/lastmile_qr_scan', 'ios': 'https://bkn.lft.to/lastmile_qr_scan'}","['KEY', 'CREDITCARD']",True,classic,1815967051912860522,False,[],False
03872f6b-a522-4c41-a4f2-5d0c41779e7b,St Marks Ave & Ralph Ave,4031.05,-73.92199,40.67372,71.0,19,"{'android': 'https://bkn.lft.to/lastmile_qr_scan', 'ios': 'https://bkn.lft.to/lastmile_qr_scan'}","['KEY', 'CREDITCARD']",True,classic,03872f6b-a522-4c41-a4f2-5d0c41779e7b,False,[],False
a724eb92-55ca-4b9f-9a87-c2e87b3cbd40,W Tremont Ave & Grand Ave,8384.03,-73.912785,40.850036,71.0,21,"{'android': 'https://bkn.lft.to/lastmile_qr_scan', 'ios': 'https://bkn.lft.to/lastmile_qr_scan'}","['KEY', 'CREDITCARD']",True,classic,a724eb92-55ca-4b9f-9a87-c2e87b3cbd40,False,[],False
66dc1d0c-0aca-11e7-82f6-3863bb44ef7c,8 Ave & W 52 St,6816.07,-73.9851615,40.76370739,71.0,31,"{'android': 'https://bkn.lft.to/lastmile_qr_scan', 'ios': 'https://bkn.lft.to/lastmile_qr_scan'}","['KEY', 'CREDITCARD']",True,classic,66dc1d0c-0aca-11e7-82f6-3863bb44ef7c,False,[],False
c530a1cb-7c60-4651-be8a-9bfa5eb43f8a,3 Ave & E 174 St,8241.07,-73.8985,40.84224,71.0,35,"{'android': 'https://bkn.lft.to/lastmile_qr_scan', 'ios': 'https://bkn.lft.to/lastmile_qr_scan'}","['KEY', 'CREDITCARD']",True,classic,c530a1cb-7c60-4651-be8a-9bfa5eb43f8a,False,[],False
66ddbd20-0aca-11e7-82f6-3863bb44ef7c,8 Ave & W 31 St,6450.05,-73.9946848154068,40.7505853470215,71.0,97,"{'android': 'https://bkn.lft.to/lastmile_qr_scan', 'ios': 'https://bkn.lft.to/lastmile_qr_scan'}","['KEY', 'CREDITCARD']",True,classic,66ddbd20-0aca-11e7-82f6-3863bb44ef7c,False,[],False
1804894168423871442,Walton Ave & E 151 St,7945.03,-73.92753845245076,40.82090903827738,71.0,29,"{'android': 'https://bkn.lft.to/lastmile_qr_scan', 'ios': 'https://bkn.lft.to/lastmile_qr_scan'}","['KEY', 'CREDITCARD']",True,classic,1804894168423871442,False,[],False
2124425670552673214,4 Ave & 72 St,2660.09,-74.02439,40.63283,71.0,14,"{'android': 'https://bkn.lft.to/lastmile_qr_scan', 'ios': 'https://bkn.lft.to/lastmile_qr_scan'}","['KEY', 'CREDITCARD']",False,classic,2124425670552673214,False,[],False
2235291597256829956,Rockaway Pkwy & Church Ave,3470.04,-73.9146,40.65642,71.0,21,"{'android': 'https://bkn.lft.to/lastmile_qr_scan', 'ios': 'https://bkn.lft.to/lastmile_qr_scan'}","['KEY', 'CREDITCARD']",False,classic,2235291597256829956,False,[],False
55146e49-9bc4-4f13-bdf7-25422342b638,Waterloo Pl & Crotona Park East,8216.02,-73.888587,40.839194,71.0,19,"{'android': 'https://bkn.lft.to/lastmile_qr_scan', 'ios': 'https://bkn.lft.to/lastmile_qr_scan'}","['KEY', 'CREDITCARD']",True,classic,55146e49-9bc4-4f13-bdf7-25422342b638,False,[],False
1877653505745721834,74 St & Woodside Ave,6216.01,-73.89079,40.74325,71.0,19,"{'android': 'https://bkn.lft.to/lastmile_qr_scan', 'ios': 'https://bkn.lft.to/lastmile_qr_scan'}","['KEY', 'CREDITCARD']",True,classic,1877653505745721834,False,[],False
dadd2084-d844-46f5-b7a4-128d31eeba8e,Aqueduct Ave & North St,8535.09,-73.9057169936,40.8604787,71.0,20,"{'android': 'https://bkn.lft.to/lastmile_qr_scan', 'ios': 'https://bkn.lft.to/lastmile_qr_scan'}","['KEY', 'CREDITCARD']",True,classic,dadd2084-d844-46f5-b7a4-128d31eeba8e,False,[],False
66dc864c-0aca-11e7-82f6-3863bb44ef7c,11 Ave & W 59 St,7059.01,-73.99046033620834,40.77149671054441,71.0,32,"{'android': 'https://bkn.lft.to/lastmile_qr_scan', 'ios': 'https://bkn.lft.to/lastmile_qr_scan'}","['KEY', 'CREDITCARD']",False,classic,66dc864c-0aca-11e7-82f6-3863bb44ef7c,False,[],False
64de0666-b9ab-404e-a16b-03e449bb5b4d,Putnam Ave & Ralph Ave,4450.06,-73.92338,40.68705,71.0,20,"{'android': 'https://bkn.lft.to/lastmile_qr_scan', 'ios': 'https://bkn.lft.to/lastmile_qr_scan'}","['KEY', 'CREDITCARD']",True,classic,64de0666-b9ab-404e-a16b-03e449bb5b4d,False,[],False
8f72fe26-98aa-4e87-a612-9ae0eb1d9a38,62 St & 34 Ave,6460.06,-73.89986,40.75201,71.0,22,"{'android': 'https://bkn.lft.to/lastmile_qr_scan', 'ios': 'https://bkn.lft.to/lastmile_qr_scan'}","['KEY', 'CREDITCARD']",True,classic,8f72fe26-98aa-4e87-a612-9ae0eb1d9a38,False,[],False
2121032035614514006,Colonial Rd & Wakeman Pl,2981.03,-74.0294,40.64067,71.0,18,"{'android': 'https://bkn.lft.to/lastmile_qr_scan', 'ios': 'https://bkn.lft.to/lastmile_qr_scan'}","['KEY', 'CREDITCARD']",False,classic,2121032035614514006,False,[],False
2235294048469734434,Livonia Ave & Rockaway Ave,3686.02,-73.9084,40.66256,71.0,22,"{'android': 'https://bkn.lft.to/lastmile_qr_scan', 'ios': 'https://bkn.lft.to/lastmile_qr_scan'}","['KEY', 'CREDITCARD']",False,classic,2235294048469734434,False,[],False
2245650716933709032,Lafayette St & Astor Pl,5712.10,-73.991618,40.729738,71.0,105,"{'android': 'https://bkn.lft.to/lastmile_qr_scan', 'ios': 'https://bkn.lft.to/lastmile_qr_scan'}","['KEY', 'CREDITCARD']",False,classic,2245650716933709032,False,[],False
1958457675193833900,1 Ave & E 118 St,7596.11,-73.934499,40.797459,71.0,24,"{'android': 'https://bkn.lft.to/lastmile_qr_scan', 'ios': 'https://bkn.lft.to/lastmile_qr_scan'}","['KEY', 'CREDITCARD']",True,classic,1958457675193833900,False,[],False
d2024260-cc58-451b-9417-3a695f8a1b34,20 Ave & 31 St,7256.01,-73.90667617321014,40.78001336610564,71.0,21,"{'android': 'https://bkn.lft.to/lastmile_qr_scan', 'ios': 'https://bkn.lft.to/lastmile_qr_scan'}","['KEY', 'CREDITCARD']",True,classic,d2024260-cc58-451b-9417-3a695f8a1b34,False,[],False
2124037656159914878,Shore Rd & 97 St,2127.03,-74.03779,40.61529,71.0,12,"{'android': 'https://bkn.lft.to/lastmile_qr_scan', 'ios': 'https://bkn.lft.to/lastmile_qr_scan'}","['KEY', 'CREDITCARD']",False,classic,2124037656159914878,False,[],False
55ccb271-7035-422e-bee1-20e84caa0217,W 20 St & 10 Ave,6306.01,-74.005141,40.745686,71.0,49,"{'android': 'https://bkn.lft.to/lastmile_qr_scan', 'ios': 'https://bkn.lft.to/lastmile_qr_scan'}","['KEY', 'CREDITCARD']",True,classic,55ccb271-7035-422e-bee1-20e84caa0217,False,[],False
66de542a-0aca-11e7-82f6-3863bb44ef7c,Bergen St & Smith St,4446.01,-73.99063168,40.6867443,71.0,48,"{'android': 'https://bkn.lft.to/lastmile_qr_scan', 'ios': 'https://bkn.lft.to/lastmile_qr_scan'}","['KEY', 'CREDITCARD']",True,classic,66de542a-0aca-11e7-82f6-3863bb44ef7c,False,[],False
ecbfcdb7-fffc-4d45-bed2-1510fd45834d,Jerome Ave & E 164 St,8096.02,-73.926226,40.831444,71.0,21,"{'android': 'https://bkn.lft.to/lastmile_qr_scan', 'ios': 'https://bkn.lft.to/lastmile_qr_scan'}","['KEY', 'CREDITCARD']",True,classic,ecbfcdb7-fffc-4d45-bed2-1510fd45834d,False,[],False
66dd3fc3-0aca-11e7-82f6-3863bb44ef7c,E 75 St & 3 Ave,6991.12,-73.95772297,40.77112927,71.0,41,"{'android': 'https://bkn.lft.to/lastmile_qr_scan', 'ios': 'https://bkn.lft.to/lastmile_qr_scan'}","['KEY', 'CREDITCARD']",True,classic,66dd3fc3-0aca-11e7-82f6-3863bb44ef7c,False,[],False
4d674595-187c-417c-a691-676c4446c9fc,Southern Blvd & E 142 St,7719.13,-73.90809774398804,40.807347437082,71.0,23,"{'android': 'https://bkn.lft.to/lastmile_qr_scan', 'ios': 'https://bkn.lft.to/lastmile_qr_scan'}","['KEY', 'CREDITCARD']",True,classic,4d674595-187c-417c-a691-676c4446c9fc,False,[],False
1934770108420609000,Fairmount Pl & Prospect Ave,8272.05,-73.889927,40.843099,71.0,18,"{'android': 'https://bkn.lft.to/lastmile_qr_scan', 'ios': 'https://bkn.lft.to/lastmile_qr_scan'}","['KEY', 'CREDITCARD']",True,classic,1934770108420609000,False,[],False
01839a78-f228-4706-8f7f-147b857492f2,Adam Clayton Powell Blvd & W 132 St,7814.01,-73.94521,40.813539,71.0,23,"{'android': 'https://bkn.lft.to/lastmile_qr_scan', 'ios': 'https://bkn.lft.to/lastmile_qr_scan'}","['KEY', 'CREDITCARD']",True,classic,01839a78-f228-4706-8f7f-147b857492f2,False,[],False
fe65853e-b20a-4250-9677-2aa177283b72,Lenox Ave & W 144 St,7910.01,-73.936521,40.819783,71.0,22,"{'android': 'https://bkn.lft.to/lastmile_qr_scan', 'ios': 'https://bkn.lft.to/lastmile_qr_scan'}","['KEY', 'CREDITCARD']",True,classic,fe65853e-b20a-4250-9677-2aa177283b72,False,[],False
66dd4bf7-0aca-11e7-82f6-3863bb44ef7c,Central Park W & W 68 St,7079.06,-73.97782542,40.7734066,71.0,43,"{'android': 'https://bkn.lft.to/lastmile_qr_scan', 'ios': 'https://bkn.lft.to/lastmile_qr_scan'}","['KEY', 'CREDITCARD']",True,classic,66dd4bf7-0aca-11e7-82f6-3863bb44ef7c,False,[],False
ace80a8c-6196-484e-8dd0-061e3c90389b,Broadway & Furman Ave,4244.06,-73.90756,40.68139,71.0,29,"{'android': 'https://bkn.lft.to/lastmile_qr_scan', 'ios': 'https://bkn.lft.to/lastmile_qr_scan'}","['KEY', 'CREDITCARD']",True,classic,ace80a8c-6196-484e-8dd0-061e3c90389b,False,[],False
66dce4fc-0aca-11e7-82f6-3863bb44ef7c,Lorimer St & Broadway,4965.01,-73.94818595,40.70411791,71.0,29,"{'android': 'https://bkn.lft.to/lastmile_qr_scan', 'ios': 'https://bkn.lft.to/lastmile_qr_scan'}","['KEY', 'CREDITCARD']",True,classic,66dce4fc-0aca-11e7-82f6-3863bb44ef7c,False,[],False
4775fd25-2240-44d7-884a-d777d15a9b5e,Longfellow Ave & E 165 St,7983.04,-73.887729,40.825322,71.0,21,"{'android': 'https://bkn.lft.to/lastmile_qr_scan', 'ios': 'https://bkn.lft.to/lastmile_qr_scan'}","['KEY', 'CREDITCARD']",True,classic,4775fd25-2240-44d7-884a-d777d15a9b5e,False,[],False
2206778716019602458,Queens Blvd S & Yellowstone Blvd,5551.14,-73.84721,40.72261,71.0,24,"{'android': 'https://bkn.lft.to/lastmile_qr_scan', 'ios': 'https://bkn.lft.to/lastmile_qr_scan'}","['KEY', 'CREDITCARD']",False,classic,2206778716019602458,False,[],False
3bf69f3e-23f6-4abe-b5fe-dabe6b0ea066,Wadsworth Ave & W 175 St,8299.03,-73.937648,40.846052,71.0,24,"{'android': 'https://bkn.lft.to/lastmile_qr_scan', 'ios': 'https://bkn.lft.to/lastmile_qr_scan'}","['KEY', 'CREDITCARD']",True,classic,3bf69f3e-23f6-4abe-b5fe-dabe6b0ea066,False,[],False
66dd2786-0aca-11e7-82f6-3863bb44ef7c,21 St & 43 Ave,6395.01,-73.94594845,40.75052534,71.0,27,"{'android': 'https://bkn.lft.to/lastmile_qr_scan', 'ios': 'https://bkn.lft.to/lastmile_qr_scan'}","['KEY', 'CREDITCARD']",True,classic,66dd2786-0aca-11e7-82f6-3863bb44ef7c,False,[],False
a958a8af-a0cc-4bca-9114-93c74ce3c693,Frost St & Debevoise Ave,5433.04,-73.93948,40.71882,71.0,22,"{'android': 'https://bkn.lft.to/lastmile_qr_scan', 'ios': 'https://bkn.lft.to/lastmile_qr_scan'}","['KEY', 'CREDITCARD']",True,classic,a958a8af-a0cc-4bca-9114-93c74ce3c693,False,[],False
80969478-8dbc-42e1-8e16-ac0132a431c2,E 8 St & Caton Ave,3272.01,-73.972432,40.648055,71.0,30,"{'android': 'https://bkn.lft.to/lastmile_qr_scan', 'ios': 'https://bkn.lft.to/lastmile_qr_scan'}","['KEY', 'CREDITCARD']",True,classic,80969478-8dbc-42e1-8e16-ac0132a431c2,False,[],False
66dc90d5-0aca-11e7-82f6-3863bb44ef7c,Little West St & 1 Pl,5001.08,-74.01677685,40.70569254,71.0,35,"{'android': 'https://bkn.lft.to/lastmile_qr_scan', 'ios': 'https://bkn.lft.to/lastmile_qr_scan'}","['KEY', 'CREDITCARD']",True,classic,66dc90d5-0aca-11e7-82f6-3863bb44ef7c,False,[],False
1861683747231494964,Eames Pl & Claflin Ave,8672.05,-73.90121,40.8692,71.0,20,"{'android': 'https://bkn.lft.to/lastmile_qr_scan', 'ios': 'https://bkn.lft.to/lastmile_qr_scan'}","['KEY', 'CREDITCARD']",True,classic,1861683747231494964,False,[],False
1828969726487003714,37 Ave & 106 St,6533.02,-73.862,40.75397,71.0,19,"{'android': 'https://bkn.lft.to/lastmile_qr_scan', 'ios': 'https://bkn.lft.to/lastmile_qr_scan'}","['KEY', 'CREDITCARD']",True,classic,1828969726487003714,False,[],False
1827839088308194240,Gansevoort St & Hudson St,6072.16,-74.00520807425661,40.73937600789778,,120,"{'android': 'https://bkn.lft.to/lastmile_qr_scan', 'ios': 'https://bkn.lft.to/lastmile_qr_scan'}","['KEY', 'CREDITCARD']",True,classic,1827839088308194240,False,[],False
0eacb768-c7d5-4499-9182-9a1331d9280c,16 St & 4 Ave,3811.05,-73.992466,40.666197,71.0,30,"{'android': 'https://bkn.lft.to/lastmile_qr_scan', 'ios': 'https://bkn.lft.to/lastmile_qr_scan'}","['KEY', 'CREDITCARD']",True,classic,0eacb768-c7d5-4499-9182-9a1331d9280c,False,[],False
e2fc6d90-8deb-4e21-961d-9d5208c1f986,E 14 St & 1 Ave,5779.10,-73.98286700248718,40.73139303364151,71.0,34,"{'android': 'https://bkn.lft.to/lastmile_qr_scan', 'ios': 'https://bkn.lft.to/lastmile_qr_scan'}","['KEY', 'CREDITCARD']",False,classic,e2fc6d90-8deb-4e21-961d-9d5208c1f986,False,[],False
66dd243c-0aca-11e7-82f6-3863bb44ef7c,48 Ave & 5 St,6212.04,-73.9558732509613,40.74436328706688,71.0,79,"{'android': 'https://bkn.lft.to/lastmile_qr_scan', 'ios': 'https://bkn.lft.to/lastmile_qr_scan'}","['KEY', 'CREDITCARD']",True,classic,66dd243c-0aca-11e7-82f6-3863bb44ef7c,False,[],False
753591ba-36f7-4ded-ab7d-40df9994a05f,Madison St & Malcolm X Blvd,4416.10,-73.93008,40.68713,71.0,25,"{'android': 'https://bkn.lft.to/lastmile_qr_scan', 'ios': 'https://bkn.lft.to/lastmile_qr_scan'}","['KEY', 'CREDITCARD']",True,classic,753591ba-36f7-4ded-ab7d-40df9994a05f,False,[],False
2206781222579094026,Queens Blvd S & 76 Rd,5395.08,-73.83524,40.7172,71.0,18,"{'android': 'https://bkn.lft.to/lastmile_qr_scan', 'ios': 'https://bkn.lft.to/lastmile_qr_scan'}","['KEY', 'CREDITCARD']",False,classic,2206781222579094026,False,[],False
2123939077451327830,Ovington Ave & 3 Ave,2793.07,-74.02625,40.63487,71.0,16,"{'android': 'https://bkn.lft.to/lastmile_qr_scan', 'ios': 'https://bkn.lft.to/lastmile_qr_scan'}","['KEY', 'CREDITCARD']",False,classic,2123939077451327830,False,[],False
380394f7-64fa-4a65-a4d1-7bcaddd41fab,57 St & 4 Ave,3093.07,-74.016866,40.642622,71.0,22,"{'android': 'https://bkn.lft.to/lastmile_qr_scan', 'ios': 'https://bkn.lft.to/lastmile_qr_scan'}","['KEY', 'CREDITCARD']",True,classic,380394f7-64fa-4a65-a4d1-7bcaddd41fab,False,[],False
b64eb0a5-d6d4-4f45-8c9a-e2d004819c99,34 Ave & 31 St,6720.07,-73.92714411020279,40.759604471387945,71.0,19,"{'android': 'https://bkn.lft.to/lastmile_qr_scan', 'ios': 'https://bkn.lft.to/lastmile_qr_scan'}","['KEY', 'CREDITCARD']",True,classic,b64eb0a5-d6d4-4f45-8c9a-e2d004819c99,False,[],False
66de103b-0aca-11e7-82f6-3863bb44ef7c,Dwight St & Van Dyke St,3981.10,-74.01195555925369,40.67363551341504,71.0,23,"{'android': 'https://bkn.lft.to/lastmile_qr_scan', 'ios': 'https://bkn.lft.to/lastmile_qr_scan'}","['KEY', 'CREDITCARD']",True,classic,66de103b-0aca-11e7-82f6-3863bb44ef7c,False,[],False
2177015593774932282,W 235 St & Independence Ave,8887.07,-73.9144,40.88641,71.0,18,"{'android': 'https://bkn.lft.to/lastmile_qr_scan', 'ios': 'https://bkn.lft.to/lastmile_qr_scan'}","['KEY', 'CREDITCARD']",False,classic,2177015593774932282,False,[],False
66dd43bd-0aca-11e7-82f6-3863bb44ef7c,5 Ave & E 78 St,7161.08,-73.96427392959595,40.77632142182271,71.0,47,"{'android': 'https://bkn.lft.to/lastmile_qr_scan', 'ios': 'https://bkn.lft.to/lastmile_qr_scan'}","['KEY', 'CREDITCARD']",True,classic,66dd43bd-0aca-11e7-82f6-3863bb44ef7c,False,[],False
ed5c92f1-3293-4385-9e2b-9b716a096a19,Plaza St East & Flatbush Ave,4010.01,-73.969106,40.673134,71.0,63,"{'android': 'https://bkn.lft.to/lastmile_qr_scan', 'ios': 'https://bkn.lft.to/lastmile_qr_scan'}","['KEY', 'CREDITCARD']",True,classic,ed5c92f1-3293-4385-9e2b-9b716a096a19,False,[],False
1841926579628419438,Gillmore St & 27 Ave,6869.10,-73.8669,40.76399,71.0,18,"{'android': 'https://bkn.lft.to/lastmile_qr_scan', 'ios': 'https://bkn.lft.to/lastmile_qr_scan'}","['KEY', 'CREDITCARD']",True,classic,1841926579628419438,False,[],False
66db33fc-0aca-11e7-82f6-3863bb44ef7c,W 18 St & 6 Ave,6064.08,-73.99456405,40.73971301,71.0,69,"{'android': 'https://bkn.lft.to/lastmile_qr_scan', 'ios': 'https://bkn.lft.to/lastmile_qr_scan'}","['KEY', 'CREDITCARD']",True,classic,66db33fc-0aca-11e7-82f6-3863bb44ef7c,False,[],False
e666a344-1afb-4512-b2e9-2fc5ed71be2b,31 St & Ditmars Blvd,7144.02,-73.910485,40.776168,71.0,24,"{'android': 'https://bkn.lft.to/lastmile_qr_scan', 'ios': 'https://bkn.lft.to/lastmile_qr_scan'}","['KEY', 'CREDITCARD']",False,classic,e666a344-1afb-4512-b2e9-2fc5ed71be2b,False,[],False
afd76a0e-ceb8-4d18-a427-b378c4d07a75,Dock St & Front St,4903.09,-73.99253,40.702709,71.0,21,"{'android': 'https://bkn.lft.to/lastmile_qr_scan', 'ios': 'https://bkn.lft.to/lastmile_qr_scan'}","['KEY', 'CREDITCARD']",True,classic,afd76a0e-ceb8-4d18-a427-b378c4d07a75,False,[],False
2171903845366809074,Jerome Ave & E Gun Hill Rd,8855.07,-73.88146,40.88239,71.0,19,"{'android': 'https://bkn.lft.to/lastmile_qr_scan', 'ios': 'https://bkn.lft.to/lastmile_qr_scan'}","['KEY', 'CREDITCARD']",False,classic,2171903845366809074,False,[],False
66dc9068-0aca-11e7-82f6-3863bb44ef7c,Central Park S & 6 Ave,6876.04,-73.97634151,40.76590936,71.0,73,"{'android': 'https://bkn.lft.to/lastmile_qr_scan', 'ios': 'https://bkn.lft.to/lastmile_qr_scan'}","['KEY', 'CREDITCARD']",True,classic,66dc9068-0aca-11e7-82f6-3863bb44ef7c,False,[],False
66dd18dd-0aca-11e7-82f6-3863bb44ef7c,Driggs Ave & Lorimer St,5481.04,-73.9504154,40.72179134,71.0,27,"{'android': 'https://bkn.lft.to/lastmile_qr_scan', 'ios': 'https://bkn.lft.to/lastmile_qr_scan'}","['KEY', 'CREDITCARD']",True,classic,66dd18dd-0aca-11e7-82f6-3863bb44ef7c,False,[],False
514f3dda-4d08-464c-b2d4-5706d400065a,39 Ave & 45 St,6401.03,-73.91826465725897,40.74947822183477,71.0,19,"{'android': 'https://bkn.lft.to/lastmile_qr_scan', 'ios': 'https://bkn.lft.to/lastmile_qr_scan'}","['KEY', 'CREDITCARD']",True,classic,514f3dda-4d08-464c-b2d4-5706d400065a,False,[],False
a6a132f9-89bf-42a4-afe6-1ca449b7f570,Cypress Ave & George St,4765.07,-73.90271,40.69812,71.0,19,"{'android': 'https://bkn.lft.to/lastmile_qr_scan', 'ios': 'https://bkn.lft.to/lastmile_qr_scan'}","['KEY', 'CREDITCARD']",True,classic,a6a132f9-89bf-42a4-afe6-1ca449b7f570,False,[],False
679dcf08-d88c-4d1b-b81d-fe9f4aabbff7,Broadway & Madison St,4483.10,-73.91966,40.68822,71.0,25,"{'android': 'https://bkn.lft.to/lastmile_qr_scan', 'ios': 'https://bkn.lft.to/lastmile_qr_scan'}","['KEY', 'CREDITCARD']",True,classic,679dcf08-d88c-4d1b-b81d-fe9f4aabbff7,False,[],False
66db3ba0-0aca-11e7-82f6-3863bb44ef7c,St Marks Pl & 2 Ave,5669.10,-73.98713956,40.7284186,71.0,73,"{'android': 'https://bkn.lft.to/lastmile_qr_scan', 'ios': 'https://bkn.lft.to/lastmile_qr_scan'}","['KEY', 'CREDITCARD']",True,classic,66db3ba0-0aca-11e7-82f6-3863bb44ef7c,False,[],False
cd72b9da-b7c6-4785-92b5-0fb2130f0d7b,University Ave & Brandt Pl,8366.07,-73.918389,40.848354,71.0,23,"{'android': 'https://bkn.lft.to/lastmile_qr_scan', 'ios': 'https://bkn.lft.to/lastmile_qr_scan'}","['KEY', 'CREDITCARD']",True,classic,cd72b9da-b7c6-4785-92b5-0fb2130f0d7b,False,[],False
66ddea2a-0aca-11e7-82f6-3863bb44ef7c,E 91 St & 2 Ave,7286.01,-73.94963040947914,40.78115276427916,71.0,73,"{'android': 'https://bkn.lft.to/lastmile_qr_scan', 'ios': 'https://bkn.lft.to/lastmile_qr_scan'}","['KEY', 'CREDITCARD']",True,classic,66ddea2a-0aca-11e7-82f6-3863bb44ef7c,False,[],False
2206777693817385998,Yellowstone Blvd & 67 Rd,5667.03,-73.84924,40.72782,71.0,16,"{'android': 'https://bkn.lft.to/lastmile_qr_scan', 'ios': 'https://bkn.lft.to/lastmile_qr_scan'}","['KEY', 'CREDITCARD']",False,classic,2206777693817385998,False,[],False
2250954438147965446,Sheffield Ave & Linden Blvd,3556.05,-73.89181,40.65862,71.0,12,"{'android': 'https://bkn.lft.to/lastmile_qr_scan', 'ios': 'https://bkn.lft.to/lastmile_qr_scan'}","['KEY', 'CREDITCARD']",False,classic,2250954438147965446,False,[],False
2250954069600235708,New Lots Ave & Vermont St,3669.08,-73.89133,40.66257,71.0,0,"{'android': 'https://bkn.lft.to/lastmile_qr_scan', 'ios': 'https://bkn.lft.to/lastmile_qr_scan'}","['KEY', 'CREDITCARD']",False,classic,2250954069600235708,False,[],False
1318e05a-2506-43c6-b49d-4c1f7f69a267,Hancock St & Wyckoff Ave,4735.16,-73.90674,40.6972,71.0,0,"{'android': 'https://bkn.lft.to/lastmile_qr_scan', 'ios': 'https://bkn.lft.to/lastmile_qr_scan'}","['KEY', 'CREDITCARD']",True,classic,1318e05a-2506-43c6-b49d-4c1f7f69a267,False,[],False
45865207-8700-4ef2-99ed-b08889ef0250,18 St & 27 Ave,7062.07,-73.92743647098541,40.772768286288304,71.0,23,"{'android': 'https://bkn.lft.to/lastmile_qr_scan', 'ios': 'https://bkn.lft.to/lastmile_qr_scan'}","['KEY', 'CREDITCARD']",True,classic,45865207-8700-4ef2-99ed-b08889ef0250,False,[],False
1836581534415880440,92 St & 35 Ave,6509.07,-73.87536,40.7529,71.0,0,"{'android': 'https://bkn.lft.to/lastmile_qr_scan', 'ios': 'https://bkn.lft.to/lastmile_qr_scan'}","['KEY', 'CREDITCARD']",True,classic,1836581534415880440,False,[],False
2263850289441524342,11 Ave & W 30 St,6501.05,-74.004,40.753236,71.0,0,"{'android': 'https://bkn.lft.to/lastmile_qr_scan', 'ios': 'https://bkn.lft.to/lastmile_qr_scan'}","['KEY', 'CREDITCARD']",False,classic,2263850289441524342,False,[],False
2263853517922976822,Berry St & N 4 St,5308.08,-73.960627,40.717071,71.0,0,"{'android': 'https://bkn.lft.to/lastmile_qr_scan', 'ios': 'https://bkn.lft.to/lastmile_qr_scan'}","['KEY', 'CREDITCARD']",False,classic,2263853517922976822,False,[],False
2263856049466289632,Clay St & Commercial St,5944.07,-73.958179,40.736269,71.0,0,"{'android': 'https://bkn.lft.to/lastmile_qr_scan', 'ios': 'https://bkn.lft.to/lastmile_qr_scan'}","['KEY', 'CREDITCARD']",False,classic,2263856049466289632,False,[],False
66db3606-0aca-11e7-82f6-3863bb44ef7c,W 16 St & The High Line,6233.05,-74.00681753,40.74334935,71.0,0,"{'android': 'https://bkn.lft.to/lastmile_qr_scan', 'ios': 'https://bkn.lft.to/lastmile_qr_scan'}","['KEY', 'CREDITCARD']",True,classic,66db3606-0aca-11e7-82f6-3863bb44ef7c,False,[],False
66dc2172-0aca-11e7-82f6-3863bb44ef7c,1 Ave & E 44 St,6379.03,-73.96905301,40.75001986,71.0,0,"{'android': 'https://bkn.lft.to/lastmile_qr_scan', 'ios': 'https://bkn.lft.to/lastmile_qr_scan'}","['KEY', 'CREDITCARD']",True,classic,66dc2172-0aca-11e7-82f6-3863bb44ef7c,False,[],False
2f580cf9-14e2-4300-ba22-f6d88d0312a5,Bedford Ave & Montgomery St,3736.03,-73.956934,40.665816,71.0,27,"{'android': 'https://bkn.lft.to/lastmile_qr_scan', 'ios': 'https://bkn.lft.to/lastmile_qr_scan'}","['KEY', 'CREDITCARD']",True,classic,2f580cf9-14e2-4300-ba22-f6d88d0312a5,False,[],False
2235288025331442414,E 92 St & Rutland Rd,3631.05,-73.92763,40.66204,71.0,16,"{'android': 'https://bkn.lft.to/lastmile_qr_scan', 'ios': 'https://bkn.lft.to/lastmile_qr_scan'}","['KEY', 'CREDITCARD']",False,classic,2235288025331442414,False,[],False
2250949340841242756,Williams Ave & Pitkin Ave,3932.02,-73.89963,40.67123,71.0,12,"{'android': 'https://bkn.lft.to/lastmile_qr_scan', 'ios': 'https://bkn.lft.to/lastmile_qr_scan'}","['KEY', 'CREDITCARD']",False,classic,2250949340841242756,False,[],False
2137774972219769002,6 Ave & 74 St,2569.07,-74.019864,40.629233,71.0,12,"{'android': 'https://bkn.lft.to/lastmile_qr_scan', 'ios': 'https://bkn.lft.to/lastmile_qr_scan'}","['KEY', 'CREDITCARD']",False,classic,2137774972219769002,False,[],False
1848242216849312578,43 Ave & 111 St,6405.03,-73.85464,40.74955,71.0,19,"{'android': 'https://bkn.lft.to/lastmile_qr_scan', 'ios': 'https://bkn.lft.to/lastmile_qr_scan'}","['KEY', 'CREDITCARD']",True,classic,1848242216849312578,False,[],False
2098714441479661752,Clinton St & Grand St,5303.06_,-73.98698994965027,40.71573792143338,71.0,15,"{'android': 'https://bkn.lft.to/lastmile_qr_scan', 'ios': 'https://bkn.lft.to/lastmile_qr_scan'}","['KEY', 'CREDITCARD']",False,classic,2098714441479661752,False,[],False
c3d5f47f-cfc3-4c1f-86bb-bcf770d2949b,Center Blvd & 48 Ave,6254.06,-73.957539,40.745038,71.0,27,"{'android': 'https://bkn.lft.to/lastmile_qr_scan', 'ios': 'https://bkn.lft.to/lastmile_qr_scan'}","['KEY', 'CREDITCARD']",True,classic,c3d5f47f-cfc3-4c1f-86bb-bcf770d2949b,False,[],False
b9d3134b-697f-4a0f-b90f-d95f6c69ffda,Decatur St & Saratoga Ave,4366.10,-73.91711,40.68332,71.0,21,"{'android': 'https://bkn.lft.to/lastmile_qr_scan', 'ios': 'https://bkn.lft.to/lastmile_qr_scan'}","['KEY', 'CREDITCARD']",True,classic,b9d3134b-697f-4a0f-b90f-d95f6c69ffda,False,[],False
0f536c08-dde3-40af-a66d-1fe1e7edecd2,Gerard Ave & E 165 St,8111.04,-73.922394,40.83173,71.0,21,"{'android': 'https://bkn.lft.to/lastmile_qr_scan', 'ios': 'https://bkn.lft.to/lastmile_qr_scan'}","['KEY', 'CREDITCARD']",True,classic,0f536c08-dde3-40af-a66d-1fe1e7edecd2,False,[],False
ecc52c52-e2d9-4e73-8f9c-18ad8e9b0606,Schenectady Ave & President St,3822.08,-73.93398,40.66732,71.0,22,"{'android': 'https://bkn.lft.to/lastmile_qr_scan', 'ios': 'https://bkn.lft.to/lastmile_qr_scan'}","['KEY', 'CREDITCARD']",True,classic,ecc52c52-e2d9-4e73-8f9c-18ad8e9b0606,False,[],False
1848242058183072050,99 St & 50 Ave,6146.01,-73.86226,40.74278,71.0,21,"{'android': 'https://bkn.lft.to/lastmile_qr_scan', 'ios': 'https://bkn.lft.to/lastmile_qr_scan'}","['KEY', 'CREDITCARD']",True,classic,1848242058183072050,False,[],False
1838999521825487230,Winthrop St & Schenectady Ave,3526.04,-73.9338,40.6582,71.0,21,"{'android': 'https://bkn.lft.to/lastmile_qr_scan', 'ios': 'https://bkn.lft.to/lastmile_qr_scan'}","['KEY', 'CREDITCARD']",True,classic,1838999521825487230,False,[],False
a33a2d11-33a5-46ad-a086-5698ac17b7b4,Nagle Ave & Thayer St,8563.06,-73.925591,40.861382,71.0,34,"{'android': 'https://bkn.lft.to/lastmile_qr_scan', 'ios': 'https://bkn.lft.to/lastmile_qr_scan'}","['KEY', 'CREDITCARD']",True,classic,a33a2d11-33a5-46ad-a086-5698ac17b7b4,False,[],False
361dd964-db79-47dd-b044-eac88c735249,Edgecombe Ave & W 150 St,8049.05,-73.941427,40.826881,71.0,20,"{'android': 'https://bkn.lft.to/lastmile_qr_scan', 'ios': 'https://bkn.lft.to/lastmile_qr_scan'}","['KEY', 'CREDITCARD']",True,classic,361dd964-db79-47dd-b044-eac88c735249,False,[],False
1854538169357726138,104 St & 32 Ave,6692.03,-73.86491,40.75951,71.0,22,"{'android': 'https://bkn.lft.to/lastmile_qr_scan', 'ios': 'https://bkn.lft.to/lastmile_qr_scan'}","['KEY', 'CREDITCARD']",True,classic,1854538169357726138,False,[],False
344b52b0-73a9-4fe3-9132-23d0502dc0ae,Broadway & W 160 St,8157.06,-73.9434,40.835775,71.0,22,"{'android': 'https://bkn.lft.to/lastmile_qr_scan', 'ios': 'https://bkn.lft.to/lastmile_qr_scan'}","['KEY', 'CREDITCARD']",True,classic,344b52b0-73a9-4fe3-9132-23d0502dc0ae,False,[],False
59ad8f95-32a4-43de-b1c3-79c667b2d2df,36 Ave & 31 St,6572.08,-73.929555582706,40.75654005185898,71.0,27,"{'android': 'https://bkn.lft.to/lastmile_qr_scan', 'ios': 'https://bkn.lft.to/lastmile_qr_scan'}","['KEY', 'CREDITCARD']",True,classic,59ad8f95-32a4-43de-b1c3-79c667b2d2df,False,[],False
2250947453818380254,Jamaica Ave & Elton St,4331.04,-73.88555,40.68387,71.0,18,"{'android': 'https://bkn.lft.to/lastmile_qr_scan', 'ios': 'https://bkn.lft.to/lastmile_qr_scan'}","['KEY', 'CREDITCARD']",False,classic,2250947453818380254,False,[],False
1869439368558197224,Wallabout St & Kent Ave,4826.04,-73.960633406,40.6991049,71.0,23,"{'android': 'https://bkn.lft.to/lastmile_qr_scan', 'ios': 'https://bkn.lft.to/lastmile_qr_scan'}","['KEY', 'CREDITCARD']",True,classic,1869439368558197224,False,[],False
18846fd4-877c-4971-9b6f-1bd8fbc10346,36 St & Hunters Point Ave,5992.02,-73.93024072051048,40.73781699881193,71.0,21,"{'android': 'https://bkn.lft.to/lastmile_qr_scan', 'ios': 'https://bkn.lft.to/lastmile_qr_scan'}","['KEY', 'CREDITCARD']",True,classic,18846fd4-877c-4971-9b6f-1bd8fbc10346,False,[],False
d7904cd0-4b1b-47d0-8103-937bcf5ff845,31 Ave & 14 St,6966.04,-73.9322662,40.7682,71.0,19,"{'android': 'https://bkn.lft.to/lastmile_qr_scan', 'ios': 'https://bkn.lft.to/lastmile_qr_scan'}","['KEY', 'CREDITCARD']",True,classic,d7904cd0-4b1b-47d0-8103-937bcf5ff845,False,[],False
d34f2271-10ee-40c3-a93a-09df58860512,61 St & 60 Ln,4830.02,-73.8943,40.70055,71.0,18,"{'android': 'https://bkn.lft.to/lastmile_qr_scan', 'ios': 'https://bkn.lft.to/lastmile_qr_scan'}","['KEY', 'CREDITCARD']",True,classic,d34f2271-10ee-40c3-a93a-09df58860512,False,[],False
66db3273-0aca-11e7-82f6-3863bb44ef7c,LaGuardia Pl & W 3 St,5721.14,-73.99810231,40.72917025,71.0,51,"{'android': 'https://bkn.lft.to/lastmile_qr_scan', 'ios': 'https://bkn.lft.to/lastmile_qr_scan'}","['KEY', 'CREDITCARD']",True,classic,66db3273-0aca-11e7-82f6-3863bb44ef7c,False,[],False
b55f9b55-7fa7-4f0f-9732-78cbe07452e1,Adam Clayton Powell Blvd & W 123 St,7704.04,-73.949373,40.8078316,71.0,31,"{'android': 'https://bkn.lft.to/lastmile_qr_scan', 'ios': 'https://bkn.lft.to/lastmile_qr_scan'}","['KEY', 'CREDITCARD']",True,classic,b55f9b55-7fa7-4f0f-9732-78cbe07452e1,False,[],False
66dbbc4a-0aca-11e7-82f6-3863bb44ef7c,Bank St & Hudson St,5922.08,-74.00618026,40.73652889,71.0,27,"{'android': 'https://bkn.lft.to/lastmile_qr_scan', 'ios': 'https://bkn.lft.to/lastmile_qr_scan'}","['KEY', 'CREDITCARD']",True,classic,66dbbc4a-0aca-11e7-82f6-3863bb44ef7c,False,[],False
1786697003367719132,N 5 St & Wythe Ave,5419.04,-73.961501,40.718389,71.0,39,"{'android': 'https://bkn.lft.to/lastmile_qr_scan', 'ios': 'https://bkn.lft.to/lastmile_qr_scan'}","['KEY', 'CREDITCARD']",True,classic,1786697003367719132,False,[],False
4c3b6e25-b0c2-4a3f-b07e-cd60cd1b0ac0,Anthony Ave & E Tremont Ave,8356.04,-73.903178,40.848793,71.0,20,"{'android': 'https://bkn.lft.to/lastmile_qr_scan', 'ios': 'https://bkn.lft.to/lastmile_qr_scan'}","['KEY', 'CREDITCARD']",True,classic,4c3b6e25-b0c2-4a3f-b07e-cd60cd1b0ac0,False,[],False
2124382079594320876,3 Ave & 77 St,2578.16,-74.02834,40.62991,71.0,16,"{'android': 'https://bkn.lft.to/lastmile_qr_scan', 'ios': 'https://bkn.lft.to/lastmile_qr_scan'}","['KEY', 'CREDITCARD']",False,classic,2124382079594320876,False,[],False
5780ae63-54e5-48e3-a00c-9c403cb75401,41 St & 4 Ave,3347.03,-74.007168,40.651354,71.0,23,"{'android': 'https://bkn.lft.to/lastmile_qr_scan', 'ios': 'https://bkn.lft.to/lastmile_qr_scan'}","['KEY', 'CREDITCARD']",True,classic,5780ae63-54e5-48e3-a00c-9c403cb75401,False,[],False
c809158b-ca8f-4a77-a800-8ee9d287c056,Crotona Park North & Prospect Ave,8236.01,-73.892317,40.841092,71.0,19,"{'android': 'https://bkn.lft.to/lastmile_qr_scan', 'ios': 'https://bkn.lft.to/lastmile_qr_scan'}","['KEY', 'CREDITCARD']",True,classic,c809158b-ca8f-4a77-a800-8ee9d287c056,False,[],False
66dde845-0aca-11e7-82f6-3863bb44ef7c,Columbus Ave & W 95 St,7520.07,-73.968087,40.7919557,71.0,39,"{'android': 'https://bkn.lft.to/lastmile_qr_scan', 'ios': 'https://bkn.lft.to/lastmile_qr_scan'}","['KEY', 'CREDITCARD']",True,classic,66dde845-0aca-11e7-82f6-3863bb44ef7c,False,[],False
2206776383852360704,Yellowstone Blvd & 65 Ave,5786.02,-73.85128,40.73103,71.0,14,"{'android': 'https://bkn.lft.to/lastmile_qr_scan', 'ios': 'https://bkn.lft.to/lastmile_qr_scan'}","['KEY', 'CREDITCARD']",False,classic,2206776383852360704,False,[],False
993fc83f-52c6-43f4-bb49-4abe4ad48150,Windsor Pl & Howard Pl,3579.04,-73.98013919591904,40.65949055893896,71.0,24,"{'android': 'https://bkn.lft.to/lastmile_qr_scan', 'ios': 'https://bkn.lft.to/lastmile_qr_scan'}","['KEY', 'CREDITCARD']",True,classic,993fc83f-52c6-43f4-bb49-4abe4ad48150,False,[],False
a3e2b360-f050-48ea-b8c8-57d897b8f7fc,Harman St & Seneca Ave,5002.09,-73.91292,40.70577,71.0,19,"{'android': 'https://bkn.lft.to/lastmile_qr_scan', 'ios': 'https://bkn.lft.to/lastmile_qr_scan'}","['KEY', 'CREDITCARD']",True,classic,a3e2b360-f050-48ea-b8c8-57d897b8f7fc,False,[],False
5dc8ddac-979e-4ae5-b879-3670cca7482d,Edgecombe Ave & W 167 St,8187.04,-73.936085,40.838191,71.0,23,"{'android': 'https://bkn.lft.to/lastmile_qr_scan', 'ios': 'https://bkn.lft.to/lastmile_qr_scan'}","['KEY', 'CREDITCARD']",True,classic,5dc8ddac-979e-4ae5-b879-3670cca7482d,False,[],False
66dbe8d6-0aca-11e7-82f6-3863bb44ef7c,Centre St & Chambers St,5207.01,-74.0046073,40.71273266,71.0,57,"{'android': 'https://bkn.lft.to/lastmile_qr_scan', 'ios': 'https://bkn.lft.to/lastmile_qr_scan'}","['KEY', 'CREDITCARD']",True,classic,66dbe8d6-0aca-11e7-82f6-3863bb44ef7c,False,[],False
cac843c2-8b21-47bb-a3b9-712f95d7f7aa,Harrison Pl & Porter Ave,5090.06,-73.92851,40.70686,71.0,20,"{'android': 'https://bkn.lft.to/lastmile_qr_scan', 'ios': 'https://bkn.lft.to/lastmile_qr_scan'}","['KEY', 'CREDITCARD']",True,classic,cac843c2-8b21-47bb-a3b9-712f95d7f7aa,False,[],False
66de4078-0aca-11e7-82f6-3863bb44ef7c,Smith St & 3 St,4151.01,-73.99599099,40.6787242,71.0,25,"{'android': 'https://bkn.lft.to/lastmile_qr_scan', 'ios': 'https://bkn.lft.to/lastmile_qr_scan'}","['KEY', 'CREDITCARD']",True,classic,66de4078-0aca-11e7-82f6-3863bb44ef7c,False,[],False
66dc259a-0aca-11e7-82f6-3863bb44ef7c,E 20 St & 2 Ave,5971.08,-73.98205027,40.73587678,71.0,84,"{'android': 'https://bkn.lft.to/lastmile_qr_scan', 'ios': 'https://bkn.lft.to/lastmile_qr_scan'}","['KEY', 'CREDITCARD']",True,classic,66dc259a-0aca-11e7-82f6-3863bb44ef7c,False,[],False
1d167807-0aa8-413a-b7a0-01c2ca8a6a60,Kingston Ave & Park Pl,4016.03,-73.94191,40.67308,71.0,21,"{'android': 'https://bkn.lft.to/lastmile_qr_scan', 'ios': 'https://bkn.lft.to/lastmile_qr_scan'}","['KEY', 'CREDITCARD']",True,classic,1d167807-0aa8-413a-b7a0-01c2ca8a6a60,False,[],False
61bc2467-aa8c-4386-ba9e-3f01120bd6b8,Cabrini Blvd & W 177 St,8358.10,-73.941343,40.848282,71.0,24,"{'android': 'https://bkn.lft.to/lastmile_qr_scan', 'ios': 'https://bkn.lft.to/lastmile_qr_scan'}","['KEY', 'CREDITCARD']",True,classic,61bc2467-aa8c-4386-ba9e-3f01120bd6b8,False,[],False
1f872052-38c4-4701-96c4-c363de51c2b5,W 54 St & 11 Ave,6955.05,-73.992573,40.768333,71.0,59,"{'android': 'https://bkn.lft.to/lastmile_qr_scan', 'ios': 'https://bkn.lft.to/lastmile_qr_scan'}","['KEY', 'CREDITCARD']",True,classic,1f872052-38c4-4701-96c4-c363de51c2b5,False,[],False
e1886e7a-62b1-4359-9835-8ab5a16371ae,Grand Concourse & E 175 St,8303.06,-73.90931278467178,40.84627592921954,71.0,24,"{'android': 'https://bkn.lft.to/lastmile_qr_scan', 'ios': 'https://bkn.lft.to/lastmile_qr_scan'}","['KEY', 'CREDITCARD']",True,classic,e1886e7a-62b1-4359-9835-8ab5a16371ae,False,[],False
1869753195262578852,E 179 St & Daly Ave,8268.08,-73.88247,40.84335,71.0,19,"{'android': 'https://bkn.lft.to/lastmile_qr_scan', 'ios': 'https://bkn.lft.to/lastmile_qr_scan'}","['KEY', 'CREDITCARD']",True,classic,1869753195262578852,False,[],False
1828969112306680612,90 St & 32 Ave,6668.06,-73.87824,40.75836,71.0,20,"{'android': 'https://bkn.lft.to/lastmile_qr_scan', 'ios': 'https://bkn.lft.to/lastmile_qr_scan'}","['KEY', 'CREDITCARD']",True,classic,1828969112306680612,False,[],False
901cab1a-a77e-424e-b602-16883e792f93,Pacific St & Ralph Ave,4105.01,-73.92171,40.67607,71.0,19,"{'android': 'https://bkn.lft.to/lastmile_qr_scan', 'ios': 'https://bkn.lft.to/lastmile_qr_scan'}","['KEY', 'CREDITCARD']",True,classic,901cab1a-a77e-424e-b602-16883e792f93,False,[],False
3c8847a6-c12a-40fd-9b22-4582ac1a0d9d,Central Ave & Decatur St,4432.10,-73.90798,40.6882,71.0,24,"{'android': 'https://bkn.lft.to/lastmile_qr_scan', 'ios': 'https://bkn.lft.to/lastmile_qr_scan'}","['KEY', 'CREDITCARD']",True,classic,3c8847a6-c12a-40fd-9b22-4582ac1a0d9d,False,[],False
2004153375425087884,W 51 St & 7 Ave,6779.07,-73.98256,40.76167,71.0,78,"{'android': 'https://bkn.lft.to/lastmile_qr_scan', 'ios': 'https://bkn.lft.to/lastmile_qr_scan'}","['KEY', 'CREDITCARD']",True,classic,2004153375425087884,False,[],False
2235290873630129496,Dumont Ave & Thomas S. Boyland St,3726.02,-73.91227,40.66357,71.0,17,"{'android': 'https://bkn.lft.to/lastmile_qr_scan', 'ios': 'https://bkn.lft.to/lastmile_qr_scan'}","['KEY', 'CREDITCARD']",False,classic,2235290873630129496,False,[],False
3d339282-d5c7-41ec-b634-6a988aefd440,E 174 St & Longfellow Ave,8144.09,-73.884308,40.836274,71.0,20,"{'android': 'https://bkn.lft.to/lastmile_qr_scan', 'ios': 'https://bkn.lft.to/lastmile_qr_scan'}","['KEY', 'CREDITCARD']",True,classic,3d339282-d5c7-41ec-b634-6a988aefd440,False,[],False
d5d589e6-457f-4cd4-bf78-59165dce28b2,Irving Ave & DeKalb Ave,4898.02,-73.92095,40.7027,71.0,27,"{'android': 'https://bkn.lft.to/lastmile_qr_scan', 'ios': 'https://bkn.lft.to/lastmile_qr_scan'}","['KEY', 'CREDITCARD']",True,classic,d5d589e6-457f-4cd4-bf78-59165dce28b2,False,[],False
1814900632709495794,Linden Blvd & Nostrand Ave,3359.03,-73.94994,40.65272,71.0,23,"{'android': 'https://bkn.lft.to/lastmile_qr_scan', 'ios': 'https://bkn.lft.to/lastmile_qr_scan'}","['KEY', 'CREDITCARD']",True,classic,1814900632709495794,False,[],False
66dd4b2b-0aca-11e7-82f6-3863bb44ef7c,W 76 St & Columbus Ave,7281.09,-73.97728532552719,40.7801839724239,71.0,51,"{'android': 'https://bkn.lft.to/lastmile_qr_scan', 'ios': 'https://bkn.lft.to/lastmile_qr_scan'}","['KEY', 'CREDITCARD']",True,classic,66dd4b2b-0aca-11e7-82f6-3863bb44ef7c,False,[],False
be8e6f1c-e8b5-40bd-896d-423052ba3bbc,Onderdonk Ave & Dekalb Ave,5115.01,-73.91497,40.70863,71.0,17,"{'android': 'https://bkn.lft.to/lastmile_qr_scan', 'ios': 'https://bkn.lft.to/lastmile_qr_scan'}","['KEY', 'CREDITCARD']",True,classic,be8e6f1c-e8b5-40bd-896d-423052ba3bbc,False,[],False
66dc4b4c-0aca-11e7-82f6-3863bb44ef7c,W 37 St & 5 Ave,6398.06,-73.98338988,40.75038009,71.0,60,"{'android': 'https://bkn.lft.to/lastmile_qr_scan', 'ios': 'https://bkn.lft.to/lastmile_qr_scan'}","['KEY', 'CREDITCARD']",True,classic,66dc4b4c-0aca-11e7-82f6-3863bb44ef7c,False,[],False
dad3b7df-ec40-4d54-bfdb-5e82be84d742,Frederick Douglass Blvd & W 139 St,7876.07,-73.94476890563965,40.81900581806558,71.0,22,"{'android': 'https://bkn.lft.to/lastmile_qr_scan', 'ios': 'https://bkn.lft.to/lastmile_qr_scan'}","['KEY', 'CREDITCARD']",True,classic,dad3b7df-ec40-4d54-bfdb-5e82be84d742,False,[],False
66db8d89-0aca-11e7-82f6-3863bb44ef7c,Vesey Pl & River Terrace,5297.02,-74.01658354,40.7153379,71.0,57,"{'android': 'https://bkn.lft.to/lastmile_qr_scan', 'ios': 'https://bkn.lft.to/lastmile_qr_scan'}","['KEY', 'CREDITCARD']",True,classic,66db8d89-0aca-11e7-82f6-3863bb44ef7c,False,[],False
1828965671716082498,Cortelyou Rd & E 34 St,3087.01,-73.94486,40.64454,71.0,19,"{'android': 'https://bkn.lft.to/lastmile_qr_scan', 'ios': 'https://bkn.lft.to/lastmile_qr_scan'}","['KEY', 'CREDITCARD']",True,classic,1828965671716082498,False,[],False
1954806962718223342,Pearl St & Whitehall St,4962.09,-74.013178,40.703144,71.0,44,"{'android': 'https://bkn.lft.to/lastmile_qr_scan', 'ios': 'https://bkn.lft.to/lastmile_qr_scan'}","['KEY', 'CREDITCARD']",True,classic,1954806962718223342,False,[],False
1d130e43-0408-4423-bb52-77a08372cefa,5 Ave & W 126 St,7701.21,-73.9418,40.80722,71.0,27,"{'android': 'https://bkn.lft.to/lastmile_qr_scan', 'ios': 'https://bkn.lft.to/lastmile_qr_scan'}","['KEY', 'CREDITCARD']",True,classic,1d130e43-0408-4423-bb52-77a08372cefa,False,[],False
0109f17a-2378-4500-9648-88bdb31ec612,Degraw St & 3 Ave,4217.06,-73.9847,40.67977,71.0,35,"{'android': 'https://bkn.lft.to/lastmile_qr_scan', 'ios': 'https://bkn.lft.to/lastmile_qr_scan'}","['KEY', 'CREDITCARD']",True,classic,0109f17a-2378-4500-9648-88bdb31ec612,False,[],False
66dcbe7c-0aca-11e7-82f6-3863bb44ef7c,Putnam Ave & Nostrand Ave,4327.09,-73.94977,40.68402,71.0,19,"{'android': 'https://bkn.lft.to/lastmile_qr_scan', 'ios': 'https://bkn.lft.to/lastmile_qr_scan'}","['KEY', 'CREDITCARD']",True,classic,66dcbe7c-0aca-11e7-82f6-3863bb44ef7c,False,[],False
2144768975813378884,Bailey Ave & W 238 St,8862.05,-73.89824,40.88394,71.0,19,"{'android': 'https://bkn.lft.to/lastmile_qr_scan', 'ios': 'https://bkn.lft.to/lastmile_qr_scan'}","['KEY', 'CREDITCARD']",True,classic,2144768975813378884,False,[],False
4eb6d6a8-ecc1-4e89-a586-4f96ed3d83e1,5 Ave & 41 St,3306.03,-74.005144,40.649983,71.0,30,"{'android': 'https://bkn.lft.to/lastmile_qr_scan', 'ios': 'https://bkn.lft.to/lastmile_qr_scan'}","['KEY', 'CREDITCARD']",True,classic,4eb6d6a8-ecc1-4e89-a586-4f96ed3d83e1,False,[],False
1b22c037-207d-454a-90aa-8f22d0a8a7e3,Westchester Ave & Jackson Ave,7853.01,-73.908116,40.816124,71.0,25,"{'android': 'https://bkn.lft.to/lastmile_qr_scan', 'ios': 'https://bkn.lft.to/lastmile_qr_scan'}","['KEY', 'CREDITCARD']",True,classic,1b22c037-207d-454a-90aa-8f22d0a8a7e3,False,[],False
dc34ba4c-d8e5-4674-a02e-210c950c05c1,Margaret Corbin Plz & Ft Washington Ave,8532.03,-73.933872,40.859166,71.0,25,"{'android': 'https://bkn.lft.to/lastmile_qr_scan', 'ios': 'https://bkn.lft.to/lastmile_qr_scan'}","['KEY', 'CREDITCARD']",True,classic,dc34ba4c-d8e5-4674-a02e-210c950c05c1,False,[],False
1828967830172187422,84 St & Roosevelt Ave,6323.04,-73.88204,40.74797,71.0,30,"{'android': 'https://bkn.lft.to/lastmile_qr_scan', 'ios': 'https://bkn.lft.to/lastmile_qr_scan'}","['KEY', 'CREDITCARD']",True,classic,1828967830172187422,False,[],False
1840540966407039246,111 St & 37 Ave,6567.03,-73.85748,40.75397,71.0,23,"{'android': 'https://bkn.lft.to/lastmile_qr_scan', 'ios': 'https://bkn.lft.to/lastmile_qr_scan'}","['KEY', 'CREDITCARD']",True,classic,1840540966407039246,False,[],False
9b70cbe2-25fc-42f8-b6e6-ac21ef248e4b,Brooklyn Ave & Dean St,4131.03,-73.94437,40.67669,71.0,19,"{'android': 'https://bkn.lft.to/lastmile_qr_scan', 'ios': 'https://bkn.lft.to/lastmile_qr_scan'}","['KEY', 'CREDITCARD']",True,classic,9b70cbe2-25fc-42f8-b6e6-ac21ef248e4b,False,[],False
66dbb869-0aca-11e7-82f6-3863bb44ef7c,Monroe St & Bedford Ave,4368.05,-73.95380904,40.6851443,71.0,23,"{'android': 'https://bkn.lft.to/lastmile_qr_scan', 'ios': 'https://bkn.lft.to/lastmile_qr_scan'}","['KEY', 'CREDITCARD']",True,classic,66dbb869-0aca-11e7-82f6-3863bb44ef7c,False,[],False
625711ba-3b5d-46a7-a8f9-7f4eb17ec1be,2 Ave & E 122 St,7622.12,-73.9349,40.8006721,71.0,25,"{'android': 'https://bkn.lft.to/lastmile_qr_scan', 'ios': 'https://bkn.lft.to/lastmile_qr_scan'}","['KEY', 'CREDITCARD']",True,classic,625711ba-3b5d-46a7-a8f9-7f4eb17ec1be,False,[],False
04d557d6-6bc3-4244-b0f1-81ed1449ccd6,Goulden Ave & W 205 St,8799.01,-73.89192,40.87812,71.0,19,"{'android': 'https://bkn.lft.to/lastmile_qr_scan', 'ios': 'https://bkn.lft.to/lastmile_qr_scan'}","['KEY', 'CREDITCARD']",True,classic,04d557d6-6bc3-4244-b0f1-81ed1449ccd6,False,[],False
122111c9-9a61-4372-a756-fb2495611cb6,7 Ave & 17 St,3660.07,-73.98680448532104,40.66093779493168,71.0,21,"{'android': 'https://bkn.lft.to/lastmile_qr_scan', 'ios': 'https://bkn.lft.to/lastmile_qr_scan'}","['KEY', 'CREDITCARD']",True,classic,122111c9-9a61-4372-a756-fb2495611cb6,False,[],False
d33261e6-600e-4756-ad03-a9facbd8ace1,33 St & Queens Blvd,6185.07,-73.93172398209572,40.7443653191867,71.0,24,"{'android': 'https://bkn.lft.to/lastmile_qr_scan', 'ios': 'https://bkn.lft.to/lastmile_qr_scan'}","['KEY', 'CREDITCARD']",True,classic,d33261e6-600e-4756-ad03-a9facbd8ace1,False,[],False
66de10a8-0aca-11e7-82f6-3863bb44ef7c,2 Ave & E 99 St,7386.10,-73.94552579,40.7862586,71.0,31,"{'android': 'https://bkn.lft.to/lastmile_qr_scan', 'ios': 'https://bkn.lft.to/lastmile_qr_scan'}","['KEY', 'CREDITCARD']",True,classic,66de10a8-0aca-11e7-82f6-3863bb44ef7c,False,[],False
bbaae5d3-7e2b-46a8-872e-152404c664f7,62 St & Northern Blvd,6536.02,-73.900318,40.754176,71.0,27,"{'android': 'https://bkn.lft.to/lastmile_qr_scan', 'ios': 'https://bkn.lft.to/lastmile_qr_scan'}","['KEY', 'CREDITCARD']",True,classic,bbaae5d3-7e2b-46a8-872e-152404c664f7,False,[],False
328d778a-7e71-4240-acae-b84f0fdaa5c5,48 St & 5 Ave,3202.06,-74.009271,40.646351,71.0,27,"{'android': 'https://bkn.lft.to/lastmile_qr_scan', 'ios': 'https://bkn.lft.to/lastmile_qr_scan'}","['KEY', 'CREDITCARD']",True,classic,328d778a-7e71-4240-acae-b84f0fdaa5c5,False,[],False
1834145330979754058,74 St & 37 Ave,6332.06,-73.89172,40.74908,71.0,30,"{'android': 'https://bkn.lft.to/lastmile_qr_scan', 'ios': 'https://bkn.lft.to/lastmile_qr_scan'}","['KEY', 'CREDITCARD']",True,classic,1834145330979754058,False,[],False
66dde8ac-0aca-11e7-82f6-3863bb44ef7c,Columbus Ave & W 103 St,7595.17,-73.9643412291,40.7969347,71.0,40,"{'android': 'https://bkn.lft.to/lastmile_qr_scan', 'ios': 'https://bkn.lft.to/lastmile_qr_scan'}","['KEY', 'CREDITCARD']",True,classic,66dde8ac-0aca-11e7-82f6-3863bb44ef7c,False,[],False
44a80c48-c1a9-4ff1-92eb-6bf8be492f5e,Park Pl & Thomas S. Boyland St,3950.03,-73.91433,40.67154,71.0,23,"{'android': 'https://bkn.lft.to/lastmile_qr_scan', 'ios': 'https://bkn.lft.to/lastmile_qr_scan'}","['KEY', 'CREDITCARD']",True,classic,44a80c48-c1a9-4ff1-92eb-6bf8be492f5e,False,[],False
e8a6c13b-1f6e-4e6b-bdf8-9b0e597e4a62,8 Ave & W 16 St,6072.11,-74.001702,40.740983,71.0,36,"{'android': 'https://bkn.lft.to/lastmile_qr_scan', 'ios': 'https://bkn.lft.to/lastmile_qr_scan'}","['KEY', 'CREDITCARD']",True,classic,e8a6c13b-1f6e-4e6b-bdf8-9b0e597e4a62,False,[],False
db29242d-6ff3-4e22-85fe-45fa3d03ec39,48 St & 50 Ave,6016.06,-73.91803,40.73737,71.0,21,"{'android': 'https://bkn.lft.to/lastmile_qr_scan', 'ios': 'https://bkn.lft.to/lastmile_qr_scan'}","['KEY', 'CREDITCARD']",True,classic,db29242d-6ff3-4e22-85fe-45fa3d03ec39,False,[],False
1880644160834607498,49 Ave & 27 St,6119.01,-73.942518,40.74113,71.0,25,"{'android': 'https://bkn.lft.to/lastmile_qr_scan', 'ios': 'https://bkn.lft.to/lastmile_qr_scan'}","['KEY', 'CREDITCARD']",True,classic,1880644160834607498,False,[],False
ca4e4962-2169-4559-8f60-b05ab7809750,Frederick Douglass Blvd & W 115 St,7658.13,-73.9559308,40.8038654,71.0,33,"{'android': 'https://bkn.lft.to/lastmile_qr_scan', 'ios': 'https://bkn.lft.to/lastmile_qr_scan'}","['KEY', 'CREDITCARD']",True,classic,ca4e4962-2169-4559-8f60-b05ab7809750,False,[],False
2124037775602344266,4 Ave & 99 St,2042.01,-74.03315,40.61327,71.0,16,"{'android': 'https://bkn.lft.to/lastmile_qr_scan', 'ios': 'https://bkn.lft.to/lastmile_qr_scan'}","['KEY', 'CREDITCARD']",False,classic,2124037775602344266,False,[],False
db41cc62-86ea-4421-bfaf-9b6511cfee10,Jerome Ave & W 195 St,8653.09,-73.89657,40.86874,71.0,32,"{'android': 'https://bkn.lft.to/lastmile_qr_scan', 'ios': 'https://bkn.lft.to/lastmile_qr_scan'}","['KEY', 'CREDITCARD']",True,classic,db41cc62-86ea-4421-bfaf-9b6511cfee10,False,[],False
6f21be51-6fde-4cde-b1db-b102a5f67300,Brook Ave & E 157 St,7935.07,-73.911759,40.820713,71.0,21,"{'android': 'https://bkn.lft.to/lastmile_qr_scan', 'ios': 'https://bkn.lft.to/lastmile_qr_scan'}","['KEY', 'CREDITCARD']",True,classic,6f21be51-6fde-4cde-b1db-b102a5f67300,False,[],False
66db34fc-0aca-11e7-82f6-3863bb44ef7c,E 25 St & 1 Ave,6004.07,-73.97738662,40.7381765,71.0,35,"{'android': 'https://bkn.lft.to/lastmile_qr_scan', 'ios': 'https://bkn.lft.to/lastmile_qr_scan'}","['KEY', 'CREDITCARD']",True,classic,66db34fc-0aca-11e7-82f6-3863bb44ef7c,False,[],False
2250947600560030106,Van Siclen Ave & Arlington Ave,4226.04,-73.89204,40.67966,71.0,14,"{'android': 'https://bkn.lft.to/lastmile_qr_scan', 'ios': 'https://bkn.lft.to/lastmile_qr_scan'}","['KEY', 'CREDITCARD']",False,classic,2250947600560030106,False,[],False
66de0933-0aca-11e7-82f6-3863bb44ef7c,3 Ave & E 100 St,7414.17,-73.94728331,40.7877214,71.0,27,"{'android': 'https://bkn.lft.to/lastmile_qr_scan', 'ios': 'https://bkn.lft.to/lastmile_qr_scan'}","['KEY', 'CREDITCARD']",True,classic,66de0933-0aca-11e7-82f6-3863bb44ef7c,False,[],False
2250946987199164504,New Jersey Ave & Jamaica Ave,4194.01,-73.89659,40.67841,71.0,12,"{'android': 'https://bkn.lft.to/lastmile_qr_scan', 'ios': 'https://bkn.lft.to/lastmile_qr_scan'}","['KEY', 'CREDITCARD']",False,classic,2250946987199164504,False,[],False
0b94cc1e-2327-4679-99d9-3b21ddc02051,Macombs Pl & W 152 St,8029.28,-73.937948,40.826406,71.0,33,"{'android': 'https://bkn.lft.to/lastmile_qr_scan', 'ios': 'https://bkn.lft.to/lastmile_qr_scan'}","['KEY', 'CREDITCARD']",True,classic,0b94cc1e-2327-4679-99d9-3b21ddc02051,False,[],False
66ddee56-0aca-11e7-82f6-3863bb44ef7c,Henry St & Degraw St,4380.08,-73.99917254,40.6847514,71.0,23,"{'android': 'https://bkn.lft.to/lastmile_qr_scan', 'ios': 'https://bkn.lft.to/lastmile_qr_scan'}","['KEY', 'CREDITCARD']",True,classic,66ddee56-0aca-11e7-82f6-3863bb44ef7c,False,[],False
cd118a8f-a7d1-4b7a-a6d3-d9e875cb29df,Metropolitan Ave & 65 Ln,5160.01,-73.89111,40.71225,71.0,26,"{'android': 'https://bkn.lft.to/lastmile_qr_scan', 'ios': 'https://bkn.lft.to/lastmile_qr_scan'}","['KEY', 'CREDITCARD']",True,classic,cd118a8f-a7d1-4b7a-a6d3-d9e875cb29df,False,[],False
66db402c-0aca-11e7-82f6-3863bb44ef7c,Laight St & Hudson St,5539.06,-74.00771779,40.72185379,71.0,87,"{'android': 'https://bkn.lft.to/lastmile_qr_scan', 'ios': 'https://bkn.lft.to/lastmile_qr_scan'}","['KEY', 'CREDITCARD']",True,classic,66db402c-0aca-11e7-82f6-3863bb44ef7c,False,[],False
c0e0e578-8ce8-4c9d-be47-b902d8a41050,Union Ave & E 169 St,8064.03,-73.898802,40.82995,71.0,19,"{'android': 'https://bkn.lft.to/lastmile_qr_scan', 'ios': 'https://bkn.lft.to/lastmile_qr_scan'}","['KEY', 'CREDITCARD']",True,classic,c0e0e578-8ce8-4c9d-be47-b902d8a41050,False,[],False
66db2afe-0aca-11e7-82f6-3863bb44ef7c,MacDougal St & Prince St,5687.04,-74.00297088,40.72710258,71.0,56,"{'android': 'https://bkn.lft.to/lastmile_qr_scan', 'ios': 'https://bkn.lft.to/lastmile_qr_scan'}","['KEY', 'CREDITCARD']",True,classic,66db2afe-0aca-11e7-82f6-3863bb44ef7c,False,[],False
b94d0241-bce7-44a9-ab1c-ece0740a4134,21 St & 36 Ave,6729.02,-73.9362726,40.7601853,71.0,19,"{'android': 'https://bkn.lft.to/lastmile_qr_scan', 'ios': 'https://bkn.lft.to/lastmile_qr_scan'}","['KEY', 'CREDITCARD']",True,classic,b94d0241-bce7-44a9-ab1c-ece0740a4134,False,[],False
2171902770580328596,E 204 St & Webster Ave,8714.06,-73.87679,40.87095,71.0,21,"{'android': 'https://bkn.lft.to/lastmile_qr_scan', 'ios': 'https://bkn.lft.to/lastmile_qr_scan'}","['KEY', 'CREDITCARD']",False,classic,2171902770580328596,False,[],False
1884688942632618210,29 St & Skillman Ave,6194.06,-73.938411,40.744831,71.0,27,"{'android': 'https://bkn.lft.to/lastmile_qr_scan', 'ios': 'https://bkn.lft.to/lastmile_qr_scan'}","['KEY', 'CREDITCARD']",True,classic,1884688942632618210,False,[],False
1836581807397045112,75 St & 35 Ave,6408.08,-73.89111,40.75091,71.0,25,"{'android': 'https://bkn.lft.to/lastmile_qr_scan', 'ios': 'https://bkn.lft.to/lastmile_qr_scan'}","['KEY', 'CREDITCARD']",True,classic,1836581807397045112,False,[],False
2177013981286744096,Kappock St & Independence Ave,8825.02,-73.91952,40.88077,71.0,18,"{'android': 'https://bkn.lft.to/lastmile_qr_scan', 'ios': 'https://bkn.lft.to/lastmile_qr_scan'}","['KEY', 'CREDITCARD']",False,classic,2177013981286744096,False,[],False
844c68cc-19f0-474a-86d3-4af170117aae,Grand Concourse & E Mosholu Pkwy S,8795.03,-73.8847550291,40.877964,71.0,21,"{'android': 'https://bkn.lft.to/lastmile_qr_scan', 'ios': 'https://bkn.lft.to/lastmile_qr_scan'}","['KEY', 'CREDITCARD']",True,classic,844c68cc-19f0-474a-86d3-4af170117aae,False,[],False
2252359266241952490,Manhattan Ave & Commercial St,6019.08,-73.95565918338755,40.7379962694701,71.0,31,"{'android': 'https://bkn.lft.to/lastmile_qr_scan', 'ios': 'https://bkn.lft.to/lastmile_qr_scan'}","['KEY', 'CREDITCARD']",True,classic,2252359266241952490,False,[],False
9a52fbc1-d87a-4a65-941d-12fd55dbcdde,White St & Moore St,4987.06,-73.9351,40.704508,71.0,21,"{'android': 'https://bkn.lft.to/lastmile_qr_scan', 'ios': 'https://bkn.lft.to/lastmile_qr_scan'}","['KEY', 'CREDITCARD']",True,classic,9a52fbc1-d87a-4a65-941d-12fd55dbcdde,False,[],False
66db2fd0-0aca-11e7-82f6-3863bb44ef7c,Cleveland Pl & Spring St,5492.05,-73.99724900722504,40.722103786686034,71.0,33,"{'android': 'https://bkn.lft.to/lastmile_qr_scan', 'ios': 'https://bkn.lft.to/lastmile_qr_scan'}","['KEY', 'CREDITCARD']",True,classic,66db2fd0-0aca-11e7-82f6-3863bb44ef7c,False,[],False
94f77501-32e5-4539-90c6-82d4198f7991,Henry St & Remsen St,4645.04,-73.99465128779411,40.69400964865994,71.0,23,"{'android': 'https://bkn.lft.to/lastmile_qr_scan', 'ios': 'https://bkn.lft.to/lastmile_qr_scan'}","['KEY', 'CREDITCARD']",True,classic,94f77501-32e5-4539-90c6-82d4198f7991,False,[],False
1841240663447542046,72 St & Broadway,6258.02,-73.89372,40.74751,71.0,20,"{'android': 'https://bkn.lft.to/lastmile_qr_scan', 'ios': 'https://bkn.lft.to/lastmile_qr_scan'}","['KEY', 'CREDITCARD']",True,classic,1841240663447542046,False,[],False
66db64d1-0aca-11e7-82f6-3863bb44ef7c,Madison St & Montgomery St,5262.09,-73.984844,40.713126,71.0,20,"{'android': 'https://bkn.lft.to/lastmile_qr_scan', 'ios': 'https://bkn.lft.to/lastmile_qr_scan'}","['KEY', 'CREDITCARD']",True,classic,66db64d1-0aca-11e7-82f6-3863bb44ef7c,False,[],False
1e83ffdc-8e72-45c0-8210-4f37e60505c9,31 St & Northern Blvd,6495.17,-73.93349289894103,40.75186951421875,71.0,35,"{'android': 'https://bkn.lft.to/lastmile_qr_scan', 'ios': 'https://bkn.lft.to/lastmile_qr_scan'}","['KEY', 'CREDITCARD']",True,classic,1e83ffdc-8e72-45c0-8210-4f37e60505c9,False,[],False
c0c6a931-c1d3-4202-a433-c4127a4cd846,Westchester Ave & Southern Blvd,8004.03,-73.891677,40.824956,71.0,21,"{'android': 'https://bkn.lft.to/lastmile_qr_scan', 'ios': 'https://bkn.lft.to/lastmile_qr_scan'}","['KEY', 'CREDITCARD']",True,classic,c0c6a931-c1d3-4202-a433-c4127a4cd846,False,[],False
e2b28abd-07a4-4552-ad17-abf155aff28a,44 St & 48 Ave,6058.08,-73.92131969332695,40.73941387498411,71.0,24,"{'android': 'https://bkn.lft.to/lastmile_qr_scan', 'ios': 'https://bkn.lft.to/lastmile_qr_scan'}","['KEY', 'CREDITCARD']",True,classic,e2b28abd-07a4-4552-ad17-abf155aff28a,False,[],False
fe93b3ae-1d86-4ee9-9eb6-9e11808966aa,Crescent St & 30 Ave,6958.06,-73.9249574,40.768692,71.0,23,"{'android': 'https://bkn.lft.to/lastmile_qr_scan', 'ios': 'https://bkn.lft.to/lastmile_qr_scan'}","['KEY', 'CREDITCARD']",True,classic,fe93b3ae-1d86-4ee9-9eb6-9e11808966aa,False,[],False
fd081854-3f37-420a-9785-ea63c09c12ad,Halsey St & Broadway,4366.01,-73.91564,40.68565,71.0,20,"{'android': 'https://bkn.lft.to/lastmile_qr_scan', 'ios': 'https://bkn.lft.to/lastmile_qr_scan'}","['KEY', 'CREDITCARD']",True,classic,fd081854-3f37-420a-9785-ea63c09c12ad,False,[],False
3863f086-ae35-4d0e-8c91-2b6e3e5827a1,Frost St & Meeker Ave,5371.07,-73.94880026578903,40.71766197083994,71.0,38,"{'android': 'https://bkn.lft.to/lastmile_qr_scan', 'ios': 'https://bkn.lft.to/lastmile_qr_scan'}","['KEY', 'CREDITCARD']",True,classic,3863f086-ae35-4d0e-8c91-2b6e3e5827a1,False,[],False
1899178885660253096,Borden Ave & 25 St,6086.02,-73.945151,40.7396139,71.0,27,"{'android': 'https://bkn.lft.to/lastmile_qr_scan', 'ios': 'https://bkn.lft.to/lastmile_qr_scan'}","['KEY', 'CREDITCARD']",True,classic,1899178885660253096,False,[],False
1828967027013302842,81 St & 24 Ave,6855.02,-73.88803,40.76466,71.0,19,"{'android': 'https://bkn.lft.to/lastmile_qr_scan', 'ios': 'https://bkn.lft.to/lastmile_qr_scan'}","['KEY', 'CREDITCARD']",True,classic,1828967027013302842,False,[],False
7a725e59-49be-4c1d-9c3d-3b3a8ed1232f,50 St & 30 Ave,6735.03,-73.907107,40.760083,71.0,23,"{'android': 'https://bkn.lft.to/lastmile_qr_scan', 'ios': 'https://bkn.lft.to/lastmile_qr_scan'}","['KEY', 'CREDITCARD']",True,classic,7a725e59-49be-4c1d-9c3d-3b3a8ed1232f,False,[],False
f91170e6-a33c-4870-94da-9d51510515d2,Prospect Ave & E 167 St,8008.03,-73.898751,40.826303,71.0,19,"{'android': 'https://bkn.lft.to/lastmile_qr_scan', 'ios': 'https://bkn.lft.to/lastmile_qr_scan'}","['KEY', 'CREDITCARD']",True,classic,f91170e6-a33c-4870-94da-9d51510515d2,False,[],False
1846086665080867236,100 St & Lewis Ave,6105.02,-73.86012,40.73988,71.0,21,"{'android': 'https://bkn.lft.to/lastmile_qr_scan', 'ios': 'https://bkn.lft.to/lastmile_qr_scan'}","['KEY', 'CREDITCARD']",True,classic,1846086665080867236,False,[],False
ccfa8b82-07a7-4a08-88fc-be261c30a4ca,E 149 St & Jackson Ave,7812.01,-73.90923197581881,40.8131677595068,71.0,23,"{'android': 'https://bkn.lft.to/lastmile_qr_scan', 'ios': 'https://bkn.lft.to/lastmile_qr_scan'}","['KEY', 'CREDITCARD']",True,classic,ccfa8b82-07a7-4a08-88fc-be261c30a4ca,False,[],False
2206769886708883714,62 Ave & Queens Blvd,5803.03,-73.8669,40.73161,71.0,20,"{'android': 'https://bkn.lft.to/lastmile_qr_scan', 'ios': 'https://bkn.lft.to/lastmile_qr_scan'}","['KEY', 'CREDITCARD']",False,classic,2206769886708883714,False,[],False
c63e9937-cadb-4813-aee3-5fd3fcc93767,Malcolm X Blvd & DeKalb Ave,4648.03,-73.93114,40.6938,71.0,20,"{'android': 'https://bkn.lft.to/lastmile_qr_scan', 'ios': 'https://bkn.lft.to/lastmile_qr_scan'}","['KEY', 'CREDITCARD']",True,classic,c63e9937-cadb-4813-aee3-5fd3fcc93767,False,[],False
1846085927885781554,Corona Ave & 90 St,6123.02,-73.87484,40.74154,71.0,22,"{'android': 'https://bkn.lft.to/lastmile_qr_scan', 'ios': 'https://bkn.lft.to/lastmile_qr_scan'}","['KEY', 'CREDITCARD']",True,classic,1846085927885781554,False,[],False
88ee054e-bdeb-4305-8f3b-76eb964f2c84,Jefferson Ave & Evergreen Ave,4517.03,-73.91458,40.68989,71.0,17,"{'android': 'https://bkn.lft.to/lastmile_qr_scan', 'ios': 'https://bkn.lft.to/lastmile_qr_scan'}","['KEY', 'CREDITCARD']",True,classic,88ee054e-bdeb-4305-8f3b-76eb964f2c84,False,[],False
203d7b9a-8666-4af1-81c7-f9fc36aa0952,Anderson Ave & W 164 St,8096.03,-73.927421,40.832057,71.0,19,"{'android': 'https://bkn.lft.to/lastmile_qr_scan', 'ios': 'https://bkn.lft.to/lastmile_qr_scan'}","['KEY', 'CREDITCARD']",True,classic,203d7b9a-8666-4af1-81c7-f9fc36aa0952,False,[],False
61647ec6-dfd6-4d1c-8800-d488d390c627,King St & Varick St,5687.11,-74.00536268949507,40.72789701409023,71.0,36,"{'android': 'https://bkn.lft.to/lastmile_qr_scan', 'ios': 'https://bkn.lft.to/lastmile_qr_scan'}","['KEY', 'CREDITCARD']",True,classic,61647ec6-dfd6-4d1c-8800-d488d390c627,False,[],False
002e6e9f-ced2-47b0-bc7e-ccf38c3b4b0f,Prospect Ave & E 151 St,7830.03,-73.903927,40.814232,71.0,21,"{'android': 'https://bkn.lft.to/lastmile_qr_scan', 'ios': 'https://bkn.lft.to/lastmile_qr_scan'}","['KEY', 'CREDITCARD']",True,classic,002e6e9f-ced2-47b0-bc7e-ccf38c3b4b0f,False,[],False
eb41a103-0196-4f19-a440-256167191a7d,W 176 St & Montgomery Ave,8366.06,-73.919205,40.849629,71.0,19,"{'android': 'https://bkn.lft.to/lastmile_qr_scan', 'ios': 'https://bkn.lft.to/lastmile_qr_scan'}","['KEY', 'CREDITCARD']",True,classic,eb41a103-0196-4f19-a440-256167191a7d,False,[],False
2250948965646868460,Schenck Ave & Liberty Ave,4070.04,-73.88929,40.67558,71.0,12,"{'android': 'https://bkn.lft.to/lastmile_qr_scan', 'ios': 'https://bkn.lft.to/lastmile_qr_scan'}","['KEY', 'CREDITCARD']",False,classic,2250948965646868460,False,[],False
2022386456542683974,56 St & 2 Ave,3138.03,-74.020292,40.645705,71.0,35,"{'android': 'https://bkn.lft.to/lastmile_qr_scan', 'ios': 'https://bkn.lft.to/lastmile_qr_scan'}","['KEY', 'CREDITCARD']",True,classic,2022386456542683974,False,[],False
d3f51f51-7e51-4c75-8600-d76916608707,E 118 St & Madison Ave,7640.04,-73.9442507,40.8014866,71.0,29,"{'android': 'https://bkn.lft.to/lastmile_qr_scan', 'ios': 'https://bkn.lft.to/lastmile_qr_scan'}","['KEY', 'CREDITCARD']",True,classic,d3f51f51-7e51-4c75-8600-d76916608707,False,[],False
66de5773-0aca-11e7-82f6-3863bb44ef7c,Pacific St & Nevins St,4362.04,-73.98302136,40.6853761,71.0,18,"{'android': 'https://bkn.lft.to/lastmile_qr_scan', 'ios': 'https://bkn.lft.to/lastmile_qr_scan'}","['KEY', 'CREDITCARD']",True,classic,66de5773-0aca-11e7-82f6-3863bb44ef7c,False,[],False
623c9658-5544-4254-847e-738763cf45a3,36 St & 47 Ave,6143.01,-73.92935156822205,40.74221834996096,71.0,19,"{'android': 'https://bkn.lft.to/lastmile_qr_scan', 'ios': 'https://bkn.lft.to/lastmile_qr_scan'}","['KEY', 'CREDITCARD']",True,classic,623c9658-5544-4254-847e-738763cf45a3,False,[],False
c46a2889-258b-4fc5-a452-1d4e7dfe683a,3 Ave & Franklin Ave,8012.04,-73.907451,40.82696,71.0,19,"{'android': 'https://bkn.lft.to/lastmile_qr_scan', 'ios': 'https://bkn.lft.to/lastmile_qr_scan'}","['KEY', 'CREDITCARD']",True,classic,c46a2889-258b-4fc5-a452-1d4e7dfe683a,False,[],False
dd351a72-4241-4275-843d-0fffa8a1f414,Sterling Pl & Bedford Ave,3993.03,-73.954131,40.672695,71.0,25,"{'android': 'https://bkn.lft.to/lastmile_qr_scan', 'ios': 'https://bkn.lft.to/lastmile_qr_scan'}","['KEY', 'CREDITCARD']",True,classic,dd351a72-4241-4275-843d-0fffa8a1f414,False,[],False
9d95a4a9-bcfe-4189-bb7d-abd9992ecbaf,Crescent St & Broadway,6827.11,-73.9286471,40.7633589,71.0,19,"{'android': 'https://bkn.lft.to/lastmile_qr_scan', 'ios': 'https://bkn.lft.to/lastmile_qr_scan'}","['KEY', 'CREDITCARD']",True,classic,9d95a4a9-bcfe-4189-bb7d-abd9992ecbaf,False,[],False
66dea596-0aca-11e7-82f6-3863bb44ef7c,Leonard St & Maujer St,5148.03,-73.94705951213837,40.7103685423523,71.0,24,"{'android': 'https://bkn.lft.to/lastmile_qr_scan', 'ios': 'https://bkn.lft.to/lastmile_qr_scan'}","['KEY', 'CREDITCARD']",True,classic,66dea596-0aca-11e7-82f6-3863bb44ef7c,False,[],False
74feba30-26a5-4949-b3a0-d6e13ba1a20c,Engert Ave & McGuinness Blvd,5473.03,-73.94546,40.72158,71.0,19,"{'android': 'https://bkn.lft.to/lastmile_qr_scan', 'ios': 'https://bkn.lft.to/lastmile_qr_scan'}","['KEY', 'CREDITCARD']",True,classic,74feba30-26a5-4949-b3a0-d6e13ba1a20c,False,[],False
66db44e5-0aca-11e7-82f6-3863bb44ef7c,Johnson St & Gold St,4668.08,-73.98362464,40.69474881,71.0,41,"{'android': 'https://bkn.lft.to/lastmile_qr_scan', 'ios': 'https://bkn.lft.to/lastmile_qr_scan'}","['KEY', 'CREDITCARD']",True,classic,66db44e5-0aca-11e7-82f6-3863bb44ef7c,False,[],False
6a9b19e3-cd69-4e0c-9b28-1889db936c7c,58 St & 32 Ave,6579.03,-73.903427,40.75574,71.0,19,"{'android': 'https://bkn.lft.to/lastmile_qr_scan', 'ios': 'https://bkn.lft.to/lastmile_qr_scan'}","['KEY', 'CREDITCARD']",True,classic,6a9b19e3-cd69-4e0c-9b28-1889db936c7c,False,[],False
88e64257-298c-4b8d-8886-77b9b66dcec1,W 50 St & 10 Ave,6890.06,-73.99194359779358,40.76473420006519,71.0,55,"{'android': 'https://bkn.lft.to/lastmile_qr_scan', 'ios': 'https://bkn.lft.to/lastmile_qr_scan'}","['KEY', 'CREDITCARD']",True,classic,88e64257-298c-4b8d-8886-77b9b66dcec1,False,[],False
1838070776953752336,34 Ave & 108 St,6609.03,-73.86084,40.75614,71.0,23,"{'android': 'https://bkn.lft.to/lastmile_qr_scan', 'ios': 'https://bkn.lft.to/lastmile_qr_scan'}","['KEY', 'CREDITCARD']",True,classic,1838070776953752336,False,[],False
1846085626867634660,Forley St & Lamont Ave,6198.03,-73.87386,40.74463,71.0,21,"{'android': 'https://bkn.lft.to/lastmile_qr_scan', 'ios': 'https://bkn.lft.to/lastmile_qr_scan'}","['KEY', 'CREDITCARD']",True,classic,1846085626867634660,False,[],False
0dc63044-e19c-474d-9df1-c3e504d03b07,Ave C & E 16 St,5769.06,-73.97455215454102,40.72984830346529,71.0,48,"{'android': 'https://bkn.lft.to/lastmile_qr_scan', 'ios': 'https://bkn.lft.to/lastmile_qr_scan'}","['KEY', 'CREDITCARD']",True,classic,0dc63044-e19c-474d-9df1-c3e504d03b07,False,[],False
59e3766c-0629-4ff1-a1d9-bc0514a55487,Rockaway Ave & Bainbridge St,4285.09,-73.91166642308235,40.68319988172761,71.0,25,"{'android': 'https://bkn.lft.to/lastmile_qr_scan', 'ios': 'https://bkn.lft.to/lastmile_qr_scan'}","['KEY', 'CREDITCARD']",True,classic,59e3766c-0629-4ff1-a1d9-bc0514a55487,False,[],False
66db74a5-0aca-11e7-82f6-3863bb44ef7c,Washington Ave & Park Ave,4724.03,-73.96751037,40.69610226,71.0,39,"{'android': 'https://bkn.lft.to/lastmile_qr_scan', 'ios': 'https://bkn.lft.to/lastmile_qr_scan'}","['KEY', 'CREDITCARD']",True,classic,66db74a5-0aca-11e7-82f6-3863bb44ef7c,False,[],False
1817432104157364846,Troy Ave & Linden Blvd,3382.04,-73.93644,40.6533,71.0,23,"{'android': 'https://bkn.lft.to/lastmile_qr_scan', 'ios': 'https://bkn.lft.to/lastmile_qr_scan'}","['KEY', 'CREDITCARD']",True,classic,1817432104157364846,False,[],False
2127386446510160022,Valentine Ave & E 198 St,8667.02,-73.88994,40.86941,71.0,21,"{'android': 'https://bkn.lft.to/lastmile_qr_scan', 'ios': 'https://bkn.lft.to/lastmile_qr_scan'}","['KEY', 'CREDITCARD']",True,classic,2127386446510160022,False,[],False
9a40cb60-6ede-4c9e-9d64-dc55cae57f31,28 St & 41 Ave,6462.19,-73.93797,40.751047,71.0,27,"{'android': 'https://bkn.lft.to/lastmile_qr_scan', 'ios': 'https://bkn.lft.to/lastmile_qr_scan'}","['KEY', 'CREDITCARD']",True,classic,9a40cb60-6ede-4c9e-9d64-dc55cae57f31,False,[],False
2235288274439545588,E 95 St & Rutland Rd,3702.07,-73.92529,40.66323,71.0,16,"{'android': 'https://bkn.lft.to/lastmile_qr_scan', 'ios': 'https://bkn.lft.to/lastmile_qr_scan'}","['KEY', 'CREDITCARD']",False,classic,2235288274439545588,False,[],False
1828968794479100296,25 Ave & 85 St,6817.15,-73.88404,40.76328,71.0,11,"{'android': 'https://bkn.lft.to/lastmile_qr_scan', 'ios': 'https://bkn.lft.to/lastmile_qr_scan'}","['KEY', 'CREDITCARD']",True,classic,1828968794479100296,False,[],False
387e2863-83ad-4589-8004-794a7b624801,24 Ave & 26 St,7152.10,-73.918544,40.774591,71.0,19,"{'android': 'https://bkn.lft.to/lastmile_qr_scan', 'ios': 'https://bkn.lft.to/lastmile_qr_scan'}","['KEY', 'CREDITCARD']",True,classic,387e2863-83ad-4589-8004-794a7b624801,False,[],False
66dd0808-0aca-11e7-82f6-3863bb44ef7c,Graham Ave & Herbert St,5403.05,-73.94500379,40.71929301,71.0,26,"{'android': 'https://bkn.lft.to/lastmile_qr_scan', 'ios': 'https://bkn.lft.to/lastmile_qr_scan'}","['KEY', 'CREDITCARD']",True,classic,66dd0808-0aca-11e7-82f6-3863bb44ef7c,False,[],False
2366d8a4-7a49-42f3-9afe-efd2b200336b,45 Ave & 21 St,6319.07,-73.94777297973631,40.74737075646803,71.0,21,"{'android': 'https://bkn.lft.to/lastmile_qr_scan', 'ios': 'https://bkn.lft.to/lastmile_qr_scan'}","['KEY', 'CREDITCARD']",True,classic,2366d8a4-7a49-42f3-9afe-efd2b200336b,False,[],False
3c6c0d12-80dd-4c49-b7c5-e3549588b8cf,W 218 St & Broadway,8715.06,-73.914318,40.87139,71.0,27,"{'android': 'https://bkn.lft.to/lastmile_qr_scan', 'ios': 'https://bkn.lft.to/lastmile_qr_scan'}","['KEY', 'CREDITCARD']",True,classic,3c6c0d12-80dd-4c49-b7c5-e3549588b8cf,False,[],False
66dd546c-0aca-11e7-82f6-3863bb44ef7c,Park Ave & Marcus Garvey Blvd,4768.02,-73.941342,40.698617,71.0,23,"{'android': 'https://bkn.lft.to/lastmile_qr_scan', 'ios': 'https://bkn.lft.to/lastmile_qr_scan'}","['KEY', 'CREDITCARD']",True,classic,66dd546c-0aca-11e7-82f6-3863bb44ef7c,False,[],False
085da8d4-9465-46f0-82d1-10c9c9177d64,Prospect Pl & Howard Ave,3991.04,-73.91977,40.67261,71.0,19,"{'android': 'https://bkn.lft.to/lastmile_qr_scan', 'ios': 'https://bkn.lft.to/lastmile_qr_scan'}","['KEY', 'CREDITCARD']",True,classic,085da8d4-9465-46f0-82d1-10c9c9177d64,False,[],False
2250949216287191162,Hinsdale St & Glenmore Ave,3973.03,-73.90082,40.67259,71.0,12,"{'android': 'https://bkn.lft.to/lastmile_qr_scan', 'ios': 'https://bkn.lft.to/lastmile_qr_scan'}","['KEY', 'CREDITCARD']",False,classic,2250949216287191162,False,[],False
66db5c14-0aca-11e7-82f6-3863bb44ef7c,Adelphi St & Myrtle Ave,4620.02,-73.97178913,40.69308257,71.0,28,"{'android': 'https://bkn.lft.to/lastmile_qr_scan', 'ios': 'https://bkn.lft.to/lastmile_qr_scan'}","['KEY', 'CREDITCARD']",True,classic,66db5c14-0aca-11e7-82f6-3863bb44ef7c,False,[],False
1861682444178541220,Broadway & W 238 St,8879.03,-73.90077,40.88524,71.0,30,"{'android': 'https://bkn.lft.to/lastmile_qr_scan', 'ios': 'https://bkn.lft.to/lastmile_qr_scan'}","['KEY', 'CREDITCARD']",True,classic,1861682444178541220,False,[],False
2250947145293496720,Highland Blvd & Bulwer Pl,4299.01,-73.89272,40.68243,71.0,18,"{'android': 'https://bkn.lft.to/lastmile_qr_scan', 'ios': 'https://bkn.lft.to/lastmile_qr_scan'}","['KEY', 'CREDITCARD']",False,classic,2250947145293496720,False,[],False
2250949757453070470,Pitkin Ave & Jerome St,4029.06,-73.88665,40.67334,71.0,14,"{'android': 'https://bkn.lft.to/lastmile_qr_scan', 'ios': 'https://bkn.lft.to/lastmile_qr_scan'}","['KEY', 'CREDITCARD']",False,classic,2250949757453070470,False,[],False
2687f2e1-3529-464d-82eb-e4f61440c563,Woodside Ave & Roosevelt Ave,6234.03,-73.90605,40.74549,71.0,19,"{'android': 'https://bkn.lft.to/lastmile_qr_scan', 'ios': 'https://bkn.lft.to/lastmile_qr_scan'}","['KEY', 'CREDITCARD']",True,classic,2687f2e1-3529-464d-82eb-e4f61440c563,False,[],False
d7632897-a6eb-4f8f-9ab2-c66426620fbf,E 134 St & Walnut Ave,7613.04,-73.911034,40.800425,71.0,16,"{'android': 'https://bkn.lft.to/lastmile_qr_scan', 'ios': 'https://bkn.lft.to/lastmile_qr_scan'}","['KEY', 'CREDITCARD']",True,classic,d7632897-a6eb-4f8f-9ab2-c66426620fbf,False,[],False
1815968026870435892,Brooklyn Ave & Snyder Ave,3278.07,-73.94368,40.64915,71.0,22,"{'android': 'https://bkn.lft.to/lastmile_qr_scan', 'ios': 'https://bkn.lft.to/lastmile_qr_scan'}","['KEY', 'CREDITCARD']",True,classic,1815968026870435892,False,[],False
0c106e83-c47a-4233-b5e4-62bbb75d0bed,Fulton Ave & E 168 St,8084.03,-73.904556,40.830471,71.0,21,"{'android': 'https://bkn.lft.to/lastmile_qr_scan', 'ios': 'https://bkn.lft.to/lastmile_qr_scan'}","['KEY', 'CREDITCARD']",True,classic,0c106e83-c47a-4233-b5e4-62bbb75d0bed,False,[],False
66dded7a-0aca-11e7-82f6-3863bb44ef7c,6 Ave & 12 St,3803.05,-73.9854617,40.6663181,71.0,29,"{'android': 'https://bkn.lft.to/lastmile_qr_scan', 'ios': 'https://bkn.lft.to/lastmile_qr_scan'}","['KEY', 'CREDITCARD']",True,classic,66dded7a-0aca-11e7-82f6-3863bb44ef7c,False,[],False
ca4795a2-6ab3-4597-bf59-f0155ac1637c,Ave A & E 11 St,5703.13,-73.98175925016403,40.72854745023944,71.0,69,"{'android': 'https://bkn.lft.to/lastmile_qr_scan', 'ios': 'https://bkn.lft.to/lastmile_qr_scan'}","['KEY', 'CREDITCARD']",True,classic,ca4795a2-6ab3-4597-bf59-f0155ac1637c,False,[],False
66dcc30b-0aca-11e7-82f6-3863bb44ef7c,Greene Ave & Throop Ave,4510.04,-73.942061,40.6894932,71.0,19,"{'android': 'https://bkn.lft.to/lastmile_qr_scan', 'ios': 'https://bkn.lft.to/lastmile_qr_scan'}","['KEY', 'CREDITCARD']",True,classic,66dcc30b-0aca-11e7-82f6-3863bb44ef7c,False,[],False
66ddede1-0aca-11e7-82f6-3863bb44ef7c,W 95 St & Broadway,7541.01,-73.971888,40.7937704,71.0,32,"{'android': 'https://bkn.lft.to/lastmile_qr_scan', 'ios': 'https://bkn.lft.to/lastmile_qr_scan'}","['KEY', 'CREDITCARD']",True,classic,66ddede1-0aca-11e7-82f6-3863bb44ef7c,False,[],False
53e30d38-a110-42b4-a8f9-ca801a847ac7,Greene St & Prince St,5602.06,-73.99930492043495,40.72511734422387,71.0,45,"{'android': 'https://bkn.lft.to/lastmile_qr_scan', 'ios': 'https://bkn.lft.to/lastmile_qr_scan'}","['KEY', 'CREDITCARD']",True,classic,53e30d38-a110-42b4-a8f9-ca801a847ac7,False,[],False
36edabac-a0c2-471b-abaf-73fdb53a4e5f,Cypress Ave & St Felix Ave,4687.03,-73.89927,40.69559,71.0,21,"{'android': 'https://bkn.lft.to/lastmile_qr_scan', 'ios': 'https://bkn.lft.to/lastmile_qr_scan'}","['KEY', 'CREDITCARD']",True,classic,36edabac-a0c2-471b-abaf-73fdb53a4e5f,False,[],False
66dea6e1-0aca-11e7-82f6-3863bb44ef7c,E 58 St & Madison Ave,6839.04,-73.97209525108337,40.76302594280519,71.0,66,"{'android': 'https://bkn.lft.to/lastmile_qr_scan', 'ios': 'https://bkn.lft.to/lastmile_qr_scan'}","['KEY', 'CREDITCARD']",True,classic,66dea6e1-0aca-11e7-82f6-3863bb44ef7c,False,[],False
66de4594-0aca-11e7-82f6-3863bb44ef7c,E 106 St & 1 Ave,7456.03,-73.93956237,40.7892529,71.0,26,"{'android': 'https://bkn.lft.to/lastmile_qr_scan', 'ios': 'https://bkn.lft.to/lastmile_qr_scan'}","['KEY', 'CREDITCARD']",True,classic,66de4594-0aca-11e7-82f6-3863bb44ef7c,False,[],False
1064b4b0-e9c8-4139-ac48-f118305dbe69,W 144 St & Adam Clayton Powell Blvd,7932.10,-73.939249,40.820877,71.0,24,"{'android': 'https://bkn.lft.to/lastmile_qr_scan', 'ios': 'https://bkn.lft.to/lastmile_qr_scan'}","['KEY', 'CREDITCARD']",True,classic,1064b4b0-e9c8-4139-ac48-f118305dbe69,False,[],False
66de867e-0aca-11e7-82f6-3863bb44ef7c,Greenwich St & Hubert St,5470.10,-74.010065,40.721319,71.0,35,"{'android': 'https://bkn.lft.to/lastmile_qr_scan', 'ios': 'https://bkn.lft.to/lastmile_qr_scan'}","['KEY', 'CREDITCARD']",True,classic,66de867e-0aca-11e7-82f6-3863bb44ef7c,False,"[{'id': '66de867e-0aca-11e7-82f6-3863bb44ef7c', 'service_type': 'ATTENDED_SERVICE', 'docks_availability': 'UNLIMITED', 'bikes_availability': 'UNLIMITED', 'off_dock_bikes_count': 134, 'off_dock_remaining_bike_capacity': 4294967282, 'name': 'Valet Service', 'description': ''}]",False
1860188907884823208,E 180 St & Monterey Ave,8392.02,-73.89301,40.85025,71.0,21,"{'android': 'https://bkn.lft.to/lastmile_qr_scan', 'ios': 'https://bkn.lft.to/lastmile_qr_scan'}","['KEY', 'CREDITCARD']",True,classic,1860188907884823208,False,[],False
2b54cb2c-31be-4620-a13c-0fa72b58c90a,Lincoln Pl & Classon Ave,3960.01,-73.9609,40.6721683,71.0,28,"{'android': 'https://bkn.lft.to/lastmile_qr_scan', 'ios': 'https://bkn.lft.to/lastmile_qr_scan'}","['KEY', 'CREDITCARD']",True,classic,2b54cb2c-31be-4620-a13c-0fa72b58c90a,False,[],False
b62bcd96-c2db-447c-bdd5-d3c18f174858,Grand Ave & 55 St,5369.01,-73.91427,40.71888,71.0,19,"{'android': 'https://bkn.lft.to/lastmile_qr_scan', 'ios': 'https://bkn.lft.to/lastmile_qr_scan'}","['KEY', 'CREDITCARD']",True,classic,b62bcd96-c2db-447c-bdd5-d3c18f174858,False,[],False
0e003543-3656-448f-8a93-029d265f2e26,Lenox Ave & W 111 St,7602.05,-73.9523,40.7987859,71.0,36,"{'android': 'https://bkn.lft.to/lastmile_qr_scan', 'ios': 'https://bkn.lft.to/lastmile_qr_scan'}","['KEY', 'CREDITCARD']",True,classic,0e003543-3656-448f-8a93-029d265f2e26,False,[],False
582cd775-0178-47f5-b707-6d5869f077ba,Willoughby St & Ashland Pl,4587.02,-73.97877,40.69178,71.0,31,"{'android': 'https://bkn.lft.to/lastmile_qr_scan', 'ios': 'https://bkn.lft.to/lastmile_qr_scan'}","['KEY', 'CREDITCARD']",True,classic,582cd775-0178-47f5-b707-6d5869f077ba,False,[],False
66dd2208-0aca-11e7-82f6-3863bb44ef7c,McGuinness Blvd & Eagle St,5977.01,-73.95284,40.73555,71.0,42,"{'android': 'https://bkn.lft.to/lastmile_qr_scan', 'ios': 'https://bkn.lft.to/lastmile_qr_scan'}","['KEY', 'CREDITCARD']",True,classic,66dd2208-0aca-11e7-82f6-3863bb44ef7c,False,[],False
d7bdc3d7-6e6d-4899-9cc7-f4238a86c695,43 St & 23 Ave,7009.06,-73.906018,40.769673,71.0,23,"{'android': 'https://bkn.lft.to/lastmile_qr_scan', 'ios': 'https://bkn.lft.to/lastmile_qr_scan'}","['KEY', 'CREDITCARD']",True,classic,d7bdc3d7-6e6d-4899-9cc7-f4238a86c695,False,[],False
787fe4b2-6029-4f71-917e-892479d8d64e,61 St & Laurel Hill Blvd,5998.09,-73.90338,40.7388,71.0,19,"{'android': 'https://bkn.lft.to/lastmile_qr_scan', 'ios': 'https://bkn.lft.to/lastmile_qr_scan'}","['KEY', 'CREDITCARD']",True,classic,787fe4b2-6029-4f71-917e-892479d8d64e,False,[],False
1885439359712500016,Grand Concourse & E 184 St,8531.05,-73.8985,40.85941,71.0,23,"{'android': 'https://bkn.lft.to/lastmile_qr_scan', 'ios': 'https://bkn.lft.to/lastmile_qr_scan'}","['KEY', 'CREDITCARD']",True,classic,1885439359712500016,False,[],False
1828969515711812276,104 St & 38 Ave,6457.06,-73.86242,40.75138,71.0,22,"{'android': 'https://bkn.lft.to/lastmile_qr_scan', 'ios': 'https://bkn.lft.to/lastmile_qr_scan'}","['KEY', 'CREDITCARD']",True,classic,1828969515711812276,False,[],False
b4063b76-1abd-465c-96a4-45f6ee016bc5,Grand Concourse & E 205 St,8766.03,-73.8863864831,40.875531,71.0,19,"{'android': 'https://bkn.lft.to/lastmile_qr_scan', 'ios': 'https://bkn.lft.to/lastmile_qr_scan'}","['KEY', 'CREDITCARD']",True,classic,b4063b76-1abd-465c-96a4-45f6ee016bc5,False,[],False
66db88f5-0aca-11e7-82f6-3863bb44ef7c,Lawrence St & Willoughby St,4596.09,-73.98631746,40.69236178,71.0,39,"{'android': 'https://bkn.lft.to/lastmile_qr_scan', 'ios': 'https://bkn.lft.to/lastmile_qr_scan'}","['KEY', 'CREDITCARD']",True,classic,66db88f5-0aca-11e7-82f6-3863bb44ef7c,False,[],False
1885442082749874736,Grand Concourse & E 176 St,8340.01,-73.90745,40.84761,71.0,22,"{'android': 'https://bkn.lft.to/lastmile_qr_scan', 'ios': 'https://bkn.lft.to/lastmile_qr_scan'}","['KEY', 'CREDITCARD']",True,classic,1885442082749874736,False,[],False
78b4aa30-e4e9-4447-9419-c89f8527892e,New York Ave & St Marks Ave,4098.06,-73.94716,40.67514,71.0,23,"{'android': 'https://bkn.lft.to/lastmile_qr_scan', 'ios': 'https://bkn.lft.to/lastmile_qr_scan'}","['KEY', 'CREDITCARD']",True,classic,78b4aa30-e4e9-4447-9419-c89f8527892e,False,[],False
66dbc551-0aca-11e7-82f6-3863bb44ef7c,W 56 St & 6 Ave,6809.07,-73.97722479,40.76340613,71.0,54,"{'android': 'https://bkn.lft.to/lastmile_qr_scan', 'ios': 'https://bkn.lft.to/lastmile_qr_scan'}","['KEY', 'CREDITCARD']",True,classic,66dbc551-0aca-11e7-82f6-3863bb44ef7c,False,[],False
1875433315773395778,Southern Blvd & Xavier Way,8558.01,-73.88103,40.86149,71.0,31,"{'android': 'https://bkn.lft.to/lastmile_qr_scan', 'ios': 'https://bkn.lft.to/lastmile_qr_scan'}","['KEY', 'CREDITCARD']",True,classic,1875433315773395778,False,[],False
d1138533-504c-4d29-b71c-299e1d31f159,4 Ave & 3 St,4028.04,-73.985649,40.673746,71.0,39,"{'android': 'https://bkn.lft.to/lastmile_qr_scan', 'ios': 'https://bkn.lft.to/lastmile_qr_scan'}","['KEY', 'CREDITCARD']",True,classic,d1138533-504c-4d29-b71c-299e1d31f159,False,[],False
1e6c5d0c-f406-4b60-88f6-6284a38d3930,Fulton Ave & E 172 St,8186.01,-73.899047,40.839229,71.0,19,"{'android': 'https://bkn.lft.to/lastmile_qr_scan', 'ios': 'https://bkn.lft.to/lastmile_qr_scan'}","['KEY', 'CREDITCARD']",True,classic,1e6c5d0c-f406-4b60-88f6-6284a38d3930,False,[],False
f001fac9-5f19-451e-a752-afde574a8c81,Paul Ave & Mosholu Pkwy,8811.01,-73.8860653648,40.8802945,71.0,19,"{'android': 'https://bkn.lft.to/lastmile_qr_scan', 'ios': 'https://bkn.lft.to/lastmile_qr_scan'}","['KEY', 'CREDITCARD']",True,classic,f001fac9-5f19-451e-a752-afde574a8c81,False,[],False
1843486464469891376,76 St & 45 Ave,6099.02,-73.88837,40.7411,71.0,19,"{'android': 'https://bkn.lft.to/lastmile_qr_scan', 'ios': 'https://bkn.lft.to/lastmile_qr_scan'}","['KEY', 'CREDITCARD']",True,classic,1843486464469891376,False,[],False
66de5095-0aca-11e7-82f6-3863bb44ef7c,5 St & 6 Ave,3874.01,-73.98208968,40.6704836,71.0,23,"{'android': 'https://bkn.lft.to/lastmile_qr_scan', 'ios': 'https://bkn.lft.to/lastmile_qr_scan'}","['KEY', 'CREDITCARD']",True,classic,66de5095-0aca-11e7-82f6-3863bb44ef7c,False,[],False
66dd41ef-0aca-11e7-82f6-3863bb44ef7c,E 72 St & Park Ave,6998.08,-73.96409422159195,40.77118287540658,71.0,43,"{'android': 'https://bkn.lft.to/lastmile_qr_scan', 'ios': 'https://bkn.lft.to/lastmile_qr_scan'}","['KEY', 'CREDITCARD']",True,classic,66dd41ef-0aca-11e7-82f6-3863bb44ef7c,False,[],False
66de5613-0aca-11e7-82f6-3863bb44ef7c,Dean St & Hoyt St,4446.05,-73.98759104,40.6864442,71.0,77,"{'android': 'https://bkn.lft.to/lastmile_qr_scan', 'ios': 'https://bkn.lft.to/lastmile_qr_scan'}","['KEY', 'CREDITCARD']",True,classic,66de5613-0aca-11e7-82f6-3863bb44ef7c,False,[],False
38bb1218-0a9e-41d9-b2ef-25c8626dac29,E 138 St & Grand Concourse,7803.08,-73.930605,40.813224,71.0,20,"{'android': 'https://bkn.lft.to/lastmile_qr_scan', 'ios': 'https://bkn.lft.to/lastmile_qr_scan'}","['KEY', 'CREDITCARD']",True,classic,38bb1218-0a9e-41d9-b2ef-25c8626dac29,False,[],False
66de186f-0aca-11e7-82f6-3863bb44ef7c,E 102 St & 1 Ave,7407.13,-73.94164802,40.7869946,71.0,25,"{'android': 'https://bkn.lft.to/lastmile_qr_scan', 'ios': 'https://bkn.lft.to/lastmile_qr_scan'}","['KEY', 'CREDITCARD']",True,classic,66de186f-0aca-11e7-82f6-3863bb44ef7c,False,[],False
1856766912456610780,34 Ave & 89 St,6552.07,-73.87833,40.75437,71.0,27,"{'android': 'https://bkn.lft.to/lastmile_qr_scan', 'ios': 'https://bkn.lft.to/lastmile_qr_scan'}","['KEY', 'CREDITCARD']",True,classic,1856766912456610780,False,[],False
1828966104320053340,72 St & Northern Blvd,6570.06,-73.89458,40.75473,71.0,19,"{'android': 'https://bkn.lft.to/lastmile_qr_scan', 'ios': 'https://bkn.lft.to/lastmile_qr_scan'}","['KEY', 'CREDITCARD']",True,classic,1828966104320053340,False,[],False
4bbf50a9-47c2-4a32-97c2-1f6bc4f9d401,E Fordham Rd & Webster Ave,8582.09,-73.89105,40.861748,71.0,35,"{'android': 'https://bkn.lft.to/lastmile_qr_scan', 'ios': 'https://bkn.lft.to/lastmile_qr_scan'}","['KEY', 'CREDITCARD']",True,classic,4bbf50a9-47c2-4a32-97c2-1f6bc4f9d401,False,[],False
2206778533929566696,69 Ave & Queens Blvd N,5551.12,-73.84872,40.72398,71.0,20,"{'android': 'https://bkn.lft.to/lastmile_qr_scan', 'ios': 'https://bkn.lft.to/lastmile_qr_scan'}","['KEY', 'CREDITCARD']",False,classic,2206778533929566696,False,[],False
66dc8f1f-0aca-11e7-82f6-3863bb44ef7c,1 Ave & E 18 St,5854.09,-73.98054420948029,40.73381219196632,71.0,54,"{'android': 'https://bkn.lft.to/lastmile_qr_scan', 'ios': 'https://bkn.lft.to/lastmile_qr_scan'}","['KEY', 'CREDITCARD']",True,classic,66dc8f1f-0aca-11e7-82f6-3863bb44ef7c,False,[],False
d7d297fd-36dc-42f2-8e3b-24b1003be874,21 Ave & 80 St,7060.02,-73.889914,40.770888,71.0,19,"{'android': 'https://bkn.lft.to/lastmile_qr_scan', 'ios': 'https://bkn.lft.to/lastmile_qr_scan'}","['KEY', 'CREDITCARD']",True,classic,d7d297fd-36dc-42f2-8e3b-24b1003be874,False,[],False
1786696384892428996,Monitor St & Meeker Ave,5473.06,-73.941845,40.721226,71.0,21,"{'android': 'https://bkn.lft.to/lastmile_qr_scan', 'ios': 'https://bkn.lft.to/lastmile_qr_scan'}","['KEY', 'CREDITCARD']",True,classic,1786696384892428996,False,[],False
9ea2afff-a146-4824-89b6-39d5bdfac795,Grand Ave & Remsen Pl,5570.04,-73.89967,40.72353,71.0,21,"{'android': 'https://bkn.lft.to/lastmile_qr_scan', 'ios': 'https://bkn.lft.to/lastmile_qr_scan'}","['KEY', 'CREDITCARD']",True,classic,9ea2afff-a146-4824-89b6-39d5bdfac795,False,[],False
ce95fbdd-b7d2-46fc-910d-5c170e4b7610,Frederick Douglass Blvd & Harlem River Dr,8100.01,-73.936371,40.830702,71.0,19,"{'android': 'https://bkn.lft.to/lastmile_qr_scan', 'ios': 'https://bkn.lft.to/lastmile_qr_scan'}","['KEY', 'CREDITCARD']",True,classic,ce95fbdd-b7d2-46fc-910d-5c170e4b7610,False,[],False
f3c68cfb-52fd-48c8-b6e5-85c179fee0b3,Sharon St & Olive St,5323.06,-73.93865078687668,40.71534162042448,71.0,24,"{'android': 'https://bkn.lft.to/lastmile_qr_scan', 'ios': 'https://bkn.lft.to/lastmile_qr_scan'}","['KEY', 'CREDITCARD']",True,classic,f3c68cfb-52fd-48c8-b6e5-85c179fee0b3,False,[],False
66dc4599-0aca-11e7-82f6-3863bb44ef7c,S 3 St & Bedford Ave,5235.05,-73.96264403,40.71260486,71.0,25,"{'android': 'https://bkn.lft.to/lastmile_qr_scan', 'ios': 'https://bkn.lft.to/lastmile_qr_scan'}","['KEY', 'CREDITCARD']",True,classic,66dc4599-0aca-11e7-82f6-3863bb44ef7c,False,[],False
1828969323789472168,92 St & Astoria Blvd,6810.01,-73.8772,40.76313,71.0,18,"{'android': 'https://bkn.lft.to/lastmile_qr_scan', 'ios': 'https://bkn.lft.to/lastmile_qr_scan'}","['KEY', 'CREDITCARD']",True,classic,1828969323789472168,False,[],False
ebfafca3-5818-4e6f-8374-98f44a0ca0c6,3 Ave & Wakeman Pl,2883.03,-74.024714,40.638246,71.0,27,"{'android': 'https://bkn.lft.to/lastmile_qr_scan', 'ios': 'https://bkn.lft.to/lastmile_qr_scan'}","['KEY', 'CREDITCARD']",True,classic,ebfafca3-5818-4e6f-8374-98f44a0ca0c6,False,[],False
1860188194745712748,Park Ave & E 179 St,8374.02,-73.89818,40.85014,71.0,25,"{'android': 'https://bkn.lft.to/lastmile_qr_scan', 'ios': 'https://bkn.lft.to/lastmile_qr_scan'}","['KEY', 'CREDITCARD']",True,classic,1860188194745712748,False,[],False
2177016343889563330,Broadway & W 251 St,8978.03,-73.89642,40.89415,71.0,18,"{'android': 'https://bkn.lft.to/lastmile_qr_scan', 'ios': 'https://bkn.lft.to/lastmile_qr_scan'}","['KEY', 'CREDITCARD']",False,classic,2177016343889563330,False,[],False
4b67c6e0-d603-4fbc-afbe-0b8952f4f7af,E 161 St & River Ave,8041.07,-73.927111,40.827883,71.0,38,"{'android': 'https://bkn.lft.to/lastmile_qr_scan', 'ios': 'https://bkn.lft.to/lastmile_qr_scan'}","['KEY', 'CREDITCARD']",True,classic,4b67c6e0-d603-4fbc-afbe-0b8952f4f7af,False,[],False
d8673258-9513-4ed2-86bf-bef62e7e4e30,E 141 St & Jackson Ave,7703.14,-73.911837,40.806896,71.0,19,"{'android': 'https://bkn.lft.to/lastmile_qr_scan', 'ios': 'https://bkn.lft.to/lastmile_qr_scan'}","['KEY', 'CREDITCARD']",True,classic,d8673258-9513-4ed2-86bf-bef62e7e4e30,False,[],False
305c221f-4e0b-4a5a-902c-3d1043dfe606,Newton Rd & 44 St,6743.06,-73.9142678,40.7595701,71.0,19,"{'android': 'https://bkn.lft.to/lastmile_qr_scan', 'ios': 'https://bkn.lft.to/lastmile_qr_scan'}","['KEY', 'CREDITCARD']",True,classic,305c221f-4e0b-4a5a-902c-3d1043dfe606,False,[],False
632b140c-65de-4f50-9cc2-c001ae011aea,E 51 St & 2 Ave,6575.03,-73.967641,40.755293,71.0,61,"{'android': 'https://bkn.lft.to/lastmile_qr_scan', 'ios': 'https://bkn.lft.to/lastmile_qr_scan'}","['KEY', 'CREDITCARD']",True,classic,632b140c-65de-4f50-9cc2-c001ae011aea,False,[],False
66dbf518-0aca-11e7-82f6-3863bb44ef7c,Forsyth St & Canal St,5270.07,-73.99422366,40.7158155,71.0,29,"{'android': 'https://bkn.lft.to/lastmile_qr_scan', 'ios': 'https://bkn.lft.to/lastmile_qr_scan'}","['KEY', 'CREDITCARD']",True,classic,66dbf518-0aca-11e7-82f6-3863bb44ef7c,False,[],False
2250953640103506100,Hinsdale St & Newport St,3637.06,-73.89788,40.66111,71.0,12,"{'android': 'https://bkn.lft.to/lastmile_qr_scan', 'ios': 'https://bkn.lft.to/lastmile_qr_scan'}","['KEY', 'CREDITCARD']",False,classic,2250953640103506100,False,[],False
35a5b4d6-2d90-4b60-b68b-03bb60fb1afc,7 Ave & 20 St,3588.01,-73.98854,40.659053,71.0,20,"{'android': 'https://bkn.lft.to/lastmile_qr_scan', 'ios': 'https://bkn.lft.to/lastmile_qr_scan'}","['KEY', 'CREDITCARD']",True,classic,35a5b4d6-2d90-4b60-b68b-03bb60fb1afc,False,[],False
66dd491c-0aca-11e7-82f6-3863bb44ef7c,E 72 St & York Ave,6889.12,-73.95348296,40.76663814,71.0,29,"{'android': 'https://bkn.lft.to/lastmile_qr_scan', 'ios': 'https://bkn.lft.to/lastmile_qr_scan'}","['KEY', 'CREDITCARD']",False,classic,66dd491c-0aca-11e7-82f6-3863bb44ef7c,False,[],False
ad41e353-033e-484f-8d76-78014e11e9d7,38 Ave & 29 St,6538.11,-73.93367,40.75473,71.0,19,"{'android': 'https://bkn.lft.to/lastmile_qr_scan', 'ios': 'https://bkn.lft.to/lastmile_qr_scan'}","['KEY', 'CREDITCARD']",True,classic,ad41e353-033e-484f-8d76-78014e11e9d7,False,[],False
821b19c1-ab13-4482-9580-770288a377a7,Madison Ave & E 51 St,6659.09,-73.97513,40.75863,71.0,43,"{'android': 'https://bkn.lft.to/lastmile_qr_scan', 'ios': 'https://bkn.lft.to/lastmile_qr_scan'}","['KEY', 'CREDITCARD']",True,classic,821b19c1-ab13-4482-9580-770288a377a7,False,[],False
1860187181307969634,Park Ave & E Tremont Ave,8335.02,-73.89981,40.84731,71.0,24,"{'android': 'https://bkn.lft.to/lastmile_qr_scan', 'ios': 'https://bkn.lft.to/lastmile_qr_scan'}","['KEY', 'CREDITCARD']",True,classic,1860187181307969634,False,[],False
b0239a13-649a-4d31-aa04-56b8aaeba4d4,39 Ave & 56 St,6349.03,-73.90699,40.74838,71.0,18,"{'android': 'https://bkn.lft.to/lastmile_qr_scan', 'ios': 'https://bkn.lft.to/lastmile_qr_scan'}","['KEY', 'CREDITCARD']",True,classic,b0239a13-649a-4d31-aa04-56b8aaeba4d4,False,[],False
23bc4d9b-1ec2-45fb-9228-e41517346b24,Academy St & Nagle Ave,8579.05,-73.922661,40.862562,71.0,20,"{'android': 'https://bkn.lft.to/lastmile_qr_scan', 'ios': 'https://bkn.lft.to/lastmile_qr_scan'}","['KEY', 'CREDITCARD']",True,classic,23bc4d9b-1ec2-45fb-9228-e41517346b24,False,[],False
594b4656-9d83-4301-8967-3b92c126531c,3 Ave & E 112 St,7543.15,-73.941606,40.795508,71.0,23,"{'android': 'https://bkn.lft.to/lastmile_qr_scan', 'ios': 'https://bkn.lft.to/lastmile_qr_scan'}","['KEY', 'CREDITCARD']",True,classic,594b4656-9d83-4301-8967-3b92c126531c,False,[],False
2256067489208956714,Driggs Ave & N 12 St,5411.10,-73.952932,40.720251,71.0,39,"{'android': 'https://bkn.lft.to/lastmile_qr_scan', 'ios': 'https://bkn.lft.to/lastmile_qr_scan'}","['KEY', 'CREDITCARD']",True,classic,2256067489208956714,False,[],False
2192611139069500860,Grand St & Wythe Ave,5348.10,-73.96433,40.71575,71.0,56,"{'android': 'https://bkn.lft.to/lastmile_qr_scan', 'ios': 'https://bkn.lft.to/lastmile_qr_scan'}","['KEY', 'CREDITCARD']",True,classic,2192611139069500860,False,[],False
a4bb6fac-b795-4aa7-a266-613419019290,Gerard Ave & E 164 St,8077.07,-73.923391,40.830262,71.0,19,"{'android': 'https://bkn.lft.to/lastmile_qr_scan', 'ios': 'https://bkn.lft.to/lastmile_qr_scan'}","['KEY', 'CREDITCARD']",True,classic,a4bb6fac-b795-4aa7-a266-613419019290,False,[],False
1903998756008763590,E 46 St & Madison Ave,6551.16,-73.977601,40.755393,,53,"{'android': 'https://bkn.lft.to/lastmile_qr_scan', 'ios': 'https://bkn.lft.to/lastmile_qr_scan'}","['KEY', 'CREDITCARD']",True,classic,1903998756008763590,False,[],False
d6834194-029d-4e2d-83b0-ee78ab5acda2,29 St & 5 Ave,3523.06,-73.998194,40.656986,71.0,19,"{'android': 'https://bkn.lft.to/lastmile_qr_scan', 'ios': 'https://bkn.lft.to/lastmile_qr_scan'}","['KEY', 'CREDITCARD']",True,classic,d6834194-029d-4e2d-83b0-ee78ab5acda2,False,[],False
5db1fefa-0f10-4c58-a7ce-113f3164ced8,40 Ave & 9 St,6664.05,-73.945133,40.75742,71.0,19,"{'android': 'https://bkn.lft.to/lastmile_qr_scan', 'ios': 'https://bkn.lft.to/lastmile_qr_scan'}","['KEY', 'CREDITCARD']",True,classic,5db1fefa-0f10-4c58-a7ce-113f3164ced8,False,[],False
1845676816555735590,E 38 St & Church Ave,3350.04,-73.94193,40.65106,71.0,24,"{'android': 'https://bkn.lft.to/lastmile_qr_scan', 'ios': 'https://bkn.lft.to/lastmile_qr_scan'}","['KEY', 'CREDITCARD']",True,classic,1845676816555735590,False,[],False
40fd82d6-c0e9-4876-adfb-816140ecfc39,Fort Hamilton Pkwy & E 2 St,3280.04,-73.979342,40.648005,71.0,19,"{'android': 'https://bkn.lft.to/lastmile_qr_scan', 'ios': 'https://bkn.lft.to/lastmile_qr_scan'}","['KEY', 'CREDITCARD']",True,classic,40fd82d6-c0e9-4876-adfb-816140ecfc39,False,[],False
1869753812884512816,Strong St & University Ave,8707.04,-73.89918,40.87119,71.0,20,"{'android': 'https://bkn.lft.to/lastmile_qr_scan', 'ios': 'https://bkn.lft.to/lastmile_qr_scan'}","['KEY', 'CREDITCARD']",True,classic,1869753812884512816,False,[],False
2235293953980453918,Powell St & Blake Ave,3789.03,-73.9032,40.66648,71.0,16,"{'android': 'https://bkn.lft.to/lastmile_qr_scan', 'ios': 'https://bkn.lft.to/lastmile_qr_scan'}","['KEY', 'CREDITCARD']",False,classic,2235293953980453918,False,[],False
e780c290-0c52-4ab1-9719-a581be789df3,Willis Ave & E 137 St,7726.02,-73.923604,40.808384,71.0,22,"{'android': 'https://bkn.lft.to/lastmile_qr_scan', 'ios': 'https://bkn.lft.to/lastmile_qr_scan'}","['KEY', 'CREDITCARD']",True,classic,e780c290-0c52-4ab1-9719-a581be789df3,False,[],False
bd1760ad-3af3-4ede-9bd7-c8fbf46d7192,Lenox Ave & W 140 St,7872.03,-73.938787,40.817245,71.0,23,"{'android': 'https://bkn.lft.to/lastmile_qr_scan', 'ios': 'https://bkn.lft.to/lastmile_qr_scan'}","['KEY', 'CREDITCARD']",True,classic,bd1760ad-3af3-4ede-9bd7-c8fbf46d7192,False,[],False
d3433b47-99a7-4b21-9fa7-d7052bb5c23b,Walton Ave & E 171 St,8249.10,-73.915073,40.840683,71.0,19,"{'android': 'https://bkn.lft.to/lastmile_qr_scan', 'ios': 'https://bkn.lft.to/lastmile_qr_scan'}","['KEY', 'CREDITCARD']",True,classic,d3433b47-99a7-4b21-9fa7-d7052bb5c23b,False,[],False
66dc7a7d-0aca-11e7-82f6-3863bb44ef7c,9 Ave & W 22 St,6266.06,-74.00197139,40.7454973,71.0,84,"{'android': 'https://bkn.lft.to/lastmile_qr_scan', 'ios': 'https://bkn.lft.to/lastmile_qr_scan'}","['KEY', 'CREDITCARD']",True,classic,66dc7a7d-0aca-11e7-82f6-3863bb44ef7c,False,[],False
6076e321-85d8-4e0e-ae18-86bb8cbbda1b,Featherbed Ln & Jerome Ave,8285.11,-73.914311,40.845505,71.0,21,"{'android': 'https://bkn.lft.to/lastmile_qr_scan', 'ios': 'https://bkn.lft.to/lastmile_qr_scan'}","['KEY', 'CREDITCARD']",True,classic,6076e321-85d8-4e0e-ae18-86bb8cbbda1b,False,[],False
66dce5c9-0aca-11e7-82f6-3863bb44ef7c,Boerum St & Broadway,5004.02,-73.94976519,40.70538077,71.0,19,"{'android': 'https://bkn.lft.to/lastmile_qr_scan', 'ios': 'https://bkn.lft.to/lastmile_qr_scan'}","['KEY', 'CREDITCARD']",True,classic,66dce5c9-0aca-11e7-82f6-3863bb44ef7c,False,[],False
1862008413697896912,E 180 St & Prospect Ave,8346.06,-73.88663,40.84696,71.0,22,"{'android': 'https://bkn.lft.to/lastmile_qr_scan', 'ios': 'https://bkn.lft.to/lastmile_qr_scan'}","['KEY', 'CREDITCARD']",True,classic,1862008413697896912,False,[],False
df243d7f-e6ae-435c-9895-aecbcff9cada,Prospect Ave & Longwood Ave,7870.02,-73.90202,40.81899,71.0,29,"{'android': 'https://bkn.lft.to/lastmile_qr_scan', 'ios': 'https://bkn.lft.to/lastmile_qr_scan'}","['KEY', 'CREDITCARD']",True,classic,df243d7f-e6ae-435c-9895-aecbcff9cada,False,[],False
1860189813948384088,Crotona Ave & E Fordham Rd,8502.04,-73.88147,40.8579,71.0,25,"{'android': 'https://bkn.lft.to/lastmile_qr_scan', 'ios': 'https://bkn.lft.to/lastmile_qr_scan'}","['KEY', 'CREDITCARD']",True,classic,1860189813948384088,False,[],False
3e9e50cc-f336-439f-bd0b-dec5499c038d,Albany St & Greenwich St,5145.02,-74.013247,40.709267,71.0,46,"{'android': 'https://bkn.lft.to/lastmile_qr_scan', 'ios': 'https://bkn.lft.to/lastmile_qr_scan'}","['KEY', 'CREDITCARD']",True,classic,3e9e50cc-f336-439f-bd0b-dec5499c038d,False,[],False
e4645d0d-8b76-4c46-b2b9-be25592e0659,43 St & Broadway,6670.03,-73.9166368,40.7577284,71.0,25,"{'android': 'https://bkn.lft.to/lastmile_qr_scan', 'ios': 'https://bkn.lft.to/lastmile_qr_scan'}","['KEY', 'CREDITCARD']",True,classic,e4645d0d-8b76-4c46-b2b9-be25592e0659,False,[],False
66dc41bb-0aca-11e7-82f6-3863bb44ef7c,11 Ave & W 41 St,6726.01,-73.99884222,40.76030096,71.0,55,"{'android': 'https://bkn.lft.to/lastmile_qr_scan', 'ios': 'https://bkn.lft.to/lastmile_qr_scan'}","['KEY', 'CREDITCARD']",True,classic,66dc41bb-0aca-11e7-82f6-3863bb44ef7c,False,[],False
bfbd1f09-afd2-49d2-8674-3a07b3c929a4,Waterbury St & Stagg St,5099.02,-73.93734,40.71019,71.0,23,"{'android': 'https://bkn.lft.to/lastmile_qr_scan', 'ios': 'https://bkn.lft.to/lastmile_qr_scan'}","['KEY', 'CREDITCARD']",True,classic,bfbd1f09-afd2-49d2-8674-3a07b3c929a4,False,[],False
66dc192f-0aca-11e7-82f6-3863bb44ef7c,Bedford Ave & S 9 St,5093.01,-73.96408963,40.70853074,71.0,23,"{'android': 'https://bkn.lft.to/lastmile_qr_scan', 'ios': 'https://bkn.lft.to/lastmile_qr_scan'}","['KEY', 'CREDITCARD']",True,classic,66dc192f-0aca-11e7-82f6-3863bb44ef7c,False,[],False
66db69d0-0aca-11e7-82f6-3863bb44ef7c,3 Ave & Schermerhorn St,4437.01,-73.9796772,40.68683208,71.0,35,"{'android': 'https://bkn.lft.to/lastmile_qr_scan', 'ios': 'https://bkn.lft.to/lastmile_qr_scan'}","['KEY', 'CREDITCARD']",True,classic,66db69d0-0aca-11e7-82f6-3863bb44ef7c,False,[],False
4034789e-b70d-4aae-bf18-3ed37a4d751f,20 Ave & Shore Blvd,7391.02,-73.915098,40.785994,71.0,19,"{'android': 'https://bkn.lft.to/lastmile_qr_scan', 'ios': 'https://bkn.lft.to/lastmile_qr_scan'}","['KEY', 'CREDITCARD']",True,classic,4034789e-b70d-4aae-bf18-3ed37a4d751f,False,[],False
66db63f4-0aca-11e7-82f6-3863bb44ef7c,Monroe St & Classon Ave,4336.01,-73.95881081,40.6845683,71.0,19,"{'android': 'https://bkn.lft.to/lastmile_qr_scan', 'ios': 'https://bkn.lft.to/lastmile_qr_scan'}","['KEY', 'CREDITCARD']",True,classic,66db63f4-0aca-11e7-82f6-3863bb44ef7c,False,[],False
3eed817a-63e5-424b-8ed3-c809db5488f7,Pearl St & York St,4895.15,-73.98768022656441,40.70140463410644,71.0,54,"{'android': 'https://bkn.lft.to/lastmile_qr_scan', 'ios': 'https://bkn.lft.to/lastmile_qr_scan'}","['KEY', 'CREDITCARD']",True,classic,3eed817a-63e5-424b-8ed3-c809db5488f7,False,[],False
66dea674-0aca-11e7-82f6-3863bb44ef7c,Jackson St & Leonard St,5332.10,-73.94821286201477,40.71638031973561,71.0,22,"{'android': 'https://bkn.lft.to/lastmile_qr_scan', 'ios': 'https://bkn.lft.to/lastmile_qr_scan'}","['KEY', 'CREDITCARD']",True,classic,66dea674-0aca-11e7-82f6-3863bb44ef7c,False,[],False
28be450b-7878-4495-add2-61afd94f375a,Ditmars Blvd & 73 St,6964.05,-73.896293,40.76817,71.0,19,"{'android': 'https://bkn.lft.to/lastmile_qr_scan', 'ios': 'https://bkn.lft.to/lastmile_qr_scan'}","['KEY', 'CREDITCARD']",True,classic,28be450b-7878-4495-add2-61afd94f375a,False,[],False
2206772278401797754,Grand Central Pkwy & 62 Dr,6011.04,-73.84601,40.73694,71.0,14,"{'android': 'https://bkn.lft.to/lastmile_qr_scan', 'ios': 'https://bkn.lft.to/lastmile_qr_scan'}","['KEY', 'CREDITCARD']",False,classic,2206772278401797754,False,[],False
93c28953-7e65-436e-9c5a-9d7ca0e3729f,Lexington Ave & E 36 St,6313.10,-73.9788007736206,40.7475739589548,71.0,23,"{'android': 'https://bkn.lft.to/lastmile_qr_scan', 'ios': 'https://bkn.lft.to/lastmile_qr_scan'}","['KEY', 'CREDITCARD']",True,classic,93c28953-7e65-436e-9c5a-9d7ca0e3729f,False,[],False
cc834d78-6eca-450a-ae00-a5ffc6f1a7a6,Maurice Ave & 53 Dr,5731.03,-73.90421,40.73028,71.0,15,"{'android': 'https://bkn.lft.to/lastmile_qr_scan', 'ios': 'https://bkn.lft.to/lastmile_qr_scan'}","['KEY', 'CREDITCARD']",True,classic,cc834d78-6eca-450a-ae00-a5ffc6f1a7a6,False,[],False
66dde197-0aca-11e7-82f6-3863bb44ef7c,W 87 St & Amsterdam Ave,7458.03,-73.9747,40.78839,71.0,43,"{'android': 'https://bkn.lft.to/lastmile_qr_scan', 'ios': 'https://bkn.lft.to/lastmile_qr_scan'}","['KEY', 'CREDITCARD']",True,classic,66dde197-0aca-11e7-82f6-3863bb44ef7c,False,[],False
1828967607558607844,32 Ave & 81 St,6677.03,-73.88682,40.75763,71.0,19,"{'android': 'https://bkn.lft.to/lastmile_qr_scan', 'ios': 'https://bkn.lft.to/lastmile_qr_scan'}","['KEY', 'CREDITCARD']",True,classic,1828967607558607844,False,[],False
66de6dc1-0aca-11e7-82f6-3863bb44ef7c,Lafayette St & Jersey St,5561.08,-73.99600983,40.72430527,71.0,60,"{'android': 'https://bkn.lft.to/lastmile_qr_scan', 'ios': 'https://bkn.lft.to/lastmile_qr_scan'}","['KEY', 'CREDITCARD']",True,classic,66de6dc1-0aca-11e7-82f6-3863bb44ef7c,False,[],False
063e7e78-b810-4a2f-8045-a82a0d69d752,Orchard St & Grand St,5343.11,-73.99067759513855,40.717318403855785,71.0,45,"{'android': 'https://bkn.lft.to/lastmile_qr_scan', 'ios': 'https://bkn.lft.to/lastmile_qr_scan'}","['KEY', 'CREDITCARD']",True,classic,063e7e78-b810-4a2f-8045-a82a0d69d752,False,[],False
90c35466-db3c-4b0d-993e-6e92883773b4,6 Ave & Broome St,5610.09,-74.00473,40.72431,71.0,72,"{'android': 'https://bkn.lft.to/lastmile_qr_scan', 'ios': 'https://bkn.lft.to/lastmile_qr_scan'}","['KEY', 'CREDITCARD']",True,classic,90c35466-db3c-4b0d-993e-6e92883773b4,False,[],False
1796642668661690940,Caton Ave & Argyle Rd,3303.03,-73.967829,40.649681,71.0,21,"{'android': 'https://bkn.lft.to/lastmile_qr_scan', 'ios': 'https://bkn.lft.to/lastmile_qr_scan'}","['KEY', 'CREDITCARD']",True,classic,1796642668661690940,False,[],False
2126621966735272262,77 St & Colonial Rd,2671.05,-74.03318,40.63121,71.0,14,"{'android': 'https://bkn.lft.to/lastmile_qr_scan', 'ios': 'https://bkn.lft.to/lastmile_qr_scan'}","['KEY', 'CREDITCARD']",False,classic,2126621966735272262,False,[],False
7603028c-8b04-4918-8a25-a087ce57aea4,Suydam St & Broadway,4689.03,-73.93223,40.69544,71.0,32,"{'android': 'https://bkn.lft.to/lastmile_qr_scan', 'ios': 'https://bkn.lft.to/lastmile_qr_scan'}","['KEY', 'CREDITCARD']",True,classic,7603028c-8b04-4918-8a25-a087ce57aea4,False,[],False
1869439561831725810,Nostrand Ave & Flushing Ave,4818.02,-73.953259,40.69928,71.0,25,"{'android': 'https://bkn.lft.to/lastmile_qr_scan', 'ios': 'https://bkn.lft.to/lastmile_qr_scan'}","['KEY', 'CREDITCARD']",True,classic,1869439561831725810,False,[],False
cad68b8c-6d68-4c5f-88fe-b1aa3e40727a,Bedford Ave & Maple St,3625.04,-73.95679,40.66035,71.0,23,"{'android': 'https://bkn.lft.to/lastmile_qr_scan', 'ios': 'https://bkn.lft.to/lastmile_qr_scan'}","['KEY', 'CREDITCARD']",True,classic,cad68b8c-6d68-4c5f-88fe-b1aa3e40727a,False,[],False
e8df73bd-5d3d-47c9-b04d-bcec4db5540f,Cliff St & Fulton St,5065.14,-74.00495,40.70838,71.0,65,"{'android': 'https://bkn.lft.to/lastmile_qr_scan', 'ios': 'https://bkn.lft.to/lastmile_qr_scan'}","['KEY', 'CREDITCARD']",True,classic,e8df73bd-5d3d-47c9-b04d-bcec4db5540f,False,[],False
2206779647897746102,71 Ave & 110 St,5543.03,-73.8417,40.72232,71.0,18,"{'android': 'https://bkn.lft.to/lastmile_qr_scan', 'ios': 'https://bkn.lft.to/lastmile_qr_scan'}","['KEY', 'CREDITCARD']",False,classic,2206779647897746102,False,[],False
62089e99-7f73-4f59-816d-57f9793484a1,Lincoln Rd & Ocean Ave,3633.08,-73.9626,40.6605,71.0,23,"{'android': 'https://bkn.lft.to/lastmile_qr_scan', 'ios': 'https://bkn.lft.to/lastmile_qr_scan'}","['KEY', 'CREDITCARD']",True,classic,62089e99-7f73-4f59-816d-57f9793484a1,False,[],False
e0b80983-c520-47e3-9c8d-a17fff5e5582,E 169 St & Webster Ave,8122.04,-73.908863,40.834015,71.0,21,"{'android': 'https://bkn.lft.to/lastmile_qr_scan', 'ios': 'https://bkn.lft.to/lastmile_qr_scan'}","['KEY', 'CREDITCARD']",True,classic,e0b80983-c520-47e3-9c8d-a17fff5e5582,False,[],False
66dd2811-0aca-11e7-82f6-3863bb44ef7c,Queens Plaza N & Crescent St,6429.01,-73.94073717,40.75110165,71.0,44,"{'android': 'https://bkn.lft.to/lastmile_qr_scan', 'ios': 'https://bkn.lft.to/lastmile_qr_scan'}","['KEY', 'CREDITCARD']",True,classic,66dd2811-0aca-11e7-82f6-3863bb44ef7c,False,[],False
fa14408f-6e88-4668-86ee-ce10ea707f36,Hudson St & N Moore St,5470.13,-74.0086269379,40.719887998,71.0,69,"{'android': 'https://bkn.lft.to/lastmile_qr_scan', 'ios': 'https://bkn.lft.to/lastmile_qr_scan'}","['KEY', 'CREDITCARD']",True,classic,fa14408f-6e88-4668-86ee-ce10ea707f36,False,[],False
1861681121800951962,Sedgwick Ave & Hillman Ave,8828.02,-73.89136,40.88224,71.0,25,"{'android': 'https://bkn.lft.to/lastmile_qr_scan', 'ios': 'https://bkn.lft.to/lastmile_qr_scan'}","['KEY', 'CREDITCARD']",True,classic,1861681121800951962,False,[],False
547cdccc-7864-4898-97c9-8798d924ef54,6 Ave & W 34 St,6364.10,-73.98805,40.74964,71.0,67,"{'android': 'https://bkn.lft.to/lastmile_qr_scan', 'ios': 'https://bkn.lft.to/lastmile_qr_scan'}","['KEY', 'CREDITCARD']",True,classic,547cdccc-7864-4898-97c9-8798d924ef54,False,[],False
c2800791-1911-4f2b-8fc7-bed280c557c0,Church St & Worth St,5359.13,-74.00650128722191,40.71688538495366,71.0,45,"{'android': 'https://bkn.lft.to/lastmile_qr_scan', 'ios': 'https://bkn.lft.to/lastmile_qr_scan'}","['KEY', 'CREDITCARD']",True,classic,c2800791-1911-4f2b-8fc7-bed280c557c0,False,[],False
83d1ff16-ba56-4eae-aa6a-b37b6439db82,53 St & 5 Ave,3129.08,-74.011884,40.643371,71.0,30,"{'android': 'https://bkn.lft.to/lastmile_qr_scan', 'ios': 'https://bkn.lft.to/lastmile_qr_scan'}","['KEY', 'CREDITCARD']",True,classic,83d1ff16-ba56-4eae-aa6a-b37b6439db82,False,[],False
e5b2a7ce-d867-465b-8446-743e00617068,47 Ave & 48 St,6092.01,-73.91708,40.74086,71.0,20,"{'android': 'https://bkn.lft.to/lastmile_qr_scan', 'ios': 'https://bkn.lft.to/lastmile_qr_scan'}","['KEY', 'CREDITCARD']",True,classic,e5b2a7ce-d867-465b-8446-743e00617068,False,[],False
a8560d28-9ee1-4af4-9180-7e9c4dd0d147,E 153 St & E 157 St,8025.01,-73.929327,40.826677,71.0,19,"{'android': 'https://bkn.lft.to/lastmile_qr_scan', 'ios': 'https://bkn.lft.to/lastmile_qr_scan'}","['KEY', 'CREDITCARD']",True,classic,a8560d28-9ee1-4af4-9180-7e9c4dd0d147,False,[],False
956e9f8d-d23a-4a0e-bf28-84180e818af7,Classon Ave & St Marks Ave,4074.14,-73.959431,40.676513,71.0,27,"{'android': 'https://bkn.lft.to/lastmile_qr_scan', 'ios': 'https://bkn.lft.to/lastmile_qr_scan'}","['KEY', 'CREDITCARD']",True,classic,956e9f8d-d23a-4a0e-bf28-84180e818af7,False,[],False
1851674145014649512,47 Ave & 109 St,6329.06,-73.85502,40.74713,71.0,27,"{'android': 'https://bkn.lft.to/lastmile_qr_scan', 'ios': 'https://bkn.lft.to/lastmile_qr_scan'}","['KEY', 'CREDITCARD']",True,classic,1851674145014649512,False,[],False
66db2db5-0aca-11e7-82f6-3863bb44ef7c,Nassau St & Navy St,4812.02,-73.98068914,40.69839895,71.0,58,"{'android': 'https://bkn.lft.to/lastmile_qr_scan', 'ios': 'https://bkn.lft.to/lastmile_qr_scan'}","['KEY', 'CREDITCARD']",True,classic,66db2db5-0aca-11e7-82f6-3863bb44ef7c,False,[],False
9c1c3499-1b11-471f-b59a-87d9e27e15c5,Broadway & W 142 St,7981.16,-73.951947,40.824686,71.0,23,"{'android': 'https://bkn.lft.to/lastmile_qr_scan', 'ios': 'https://bkn.lft.to/lastmile_qr_scan'}","['KEY', 'CREDITCARD']",True,classic,9c1c3499-1b11-471f-b59a-87d9e27e15c5,False,[],False
66dd039b-0aca-11e7-82f6-3863bb44ef7c,N 6 St & Bedford Ave,5379.10,-73.95850939,40.71745169,71.0,28,"{'android': 'https://bkn.lft.to/lastmile_qr_scan', 'ios': 'https://bkn.lft.to/lastmile_qr_scan'}","['KEY', 'CREDITCARD']",True,classic,66dd039b-0aca-11e7-82f6-3863bb44ef7c,False,[],False
1893542109140147108,Caton Ave & St. Pauls Pl,3335.09,-73.96277,40.65153,71.0,21,"{'android': 'https://bkn.lft.to/lastmile_qr_scan', 'ios': 'https://bkn.lft.to/lastmile_qr_scan'}","['KEY', 'CREDITCARD']",True,classic,1893542109140147108,False,[],False
66dcbbfe-0aca-11e7-82f6-3863bb44ef7c,Marcus Garvey Blvd & Macon St,4278.03,-73.938037,40.682601,71.0,19,"{'android': 'https://bkn.lft.to/lastmile_qr_scan', 'ios': 'https://bkn.lft.to/lastmile_qr_scan'}","['KEY', 'CREDITCARD']",True,classic,66dcbbfe-0aca-11e7-82f6-3863bb44ef7c,False,[],False
2250947308502253974,Highland Blvd & Vermont Pl,4372.02,-73.88903,40.68478,71.0,24,"{'android': 'https://bkn.lft.to/lastmile_qr_scan', 'ios': 'https://bkn.lft.to/lastmile_qr_scan'}","['KEY', 'CREDITCARD']",False,classic,2250947308502253974,False,[],False
2171902875345687974,Perry Ave & E 204 St,8731.09,-73.87856,40.87318,71.0,22,"{'android': 'https://bkn.lft.to/lastmile_qr_scan', 'ios': 'https://bkn.lft.to/lastmile_qr_scan'}","['KEY', 'CREDITCARD']",False,classic,2171902875345687974,False,[],False
ad17bd9a-735b-4a11-8ad3-dc7800e342af,Southpoint Park,6566.01,-73.95865201950072,40.75370225419114,71.0,36,"{'android': 'https://bkn.lft.to/lastmile_qr_scan', 'ios': 'https://bkn.lft.to/lastmile_qr_scan'}","['KEY', 'CREDITCARD']",True,classic,ad17bd9a-735b-4a11-8ad3-dc7800e342af,False,[],False
66de2a00-0aca-11e7-82f6-3863bb44ef7c,E 103 St & Lexington Ave,7463.09,-73.94755757,40.7903051,71.0,35,"{'android': 'https://bkn.lft.to/lastmile_qr_scan', 'ios': 'https://bkn.lft.to/lastmile_qr_scan'}","['KEY', 'CREDITCARD']",True,classic,66de2a00-0aca-11e7-82f6-3863bb44ef7c,False,[],False
66dcfaf6-0aca-11e7-82f6-3863bb44ef7c,Union Ave & Jackson St,5300.06,-73.952029,40.7160751,71.0,19,"{'android': 'https://bkn.lft.to/lastmile_qr_scan', 'ios': 'https://bkn.lft.to/lastmile_qr_scan'}","['KEY', 'CREDITCARD']",True,classic,66dcfaf6-0aca-11e7-82f6-3863bb44ef7c,False,[],False
f4f9a09c-010c-430c-a766-3390c44b4962,Bainbridge Ave & E 196 St,8615.01,-73.89042,40.86648,71.0,18,"{'android': 'https://bkn.lft.to/lastmile_qr_scan', 'ios': 'https://bkn.lft.to/lastmile_qr_scan'}","['KEY', 'CREDITCARD']",True,classic,f4f9a09c-010c-430c-a766-3390c44b4962,False,[],False
1947367330341251364,Marcy Ave & Gates Ave,4401.04,-73.947417,40.686679,71.0,21,"{'android': 'https://bkn.lft.to/lastmile_qr_scan', 'ios': 'https://bkn.lft.to/lastmile_qr_scan'}","['KEY', 'CREDITCARD']",True,classic,1947367330341251364,False,[],False
a58ff2e3-a5ae-4070-a26d-ddfe8cc6fc58,Greenpoint Ave & 47 St,6134.03,-73.91808,40.7424,71.0,25,"{'android': 'https://bkn.lft.to/lastmile_qr_scan', 'ios': 'https://bkn.lft.to/lastmile_qr_scan'}","['KEY', 'CREDITCARD']",True,classic,a58ff2e3-a5ae-4070-a26d-ddfe8cc6fc58,False,[],False
2235294700445990334,Osborn St & Linden Blvd,3461.04,-73.90525,40.65523,71.0,12,"{'android': 'https://bkn.lft.to/lastmile_qr_scan', 'ios': 'https://bkn.lft.to/lastmile_qr_scan'}","['KEY', 'CREDITCARD']",False,classic,2235294700445990334,False,[],False
724aeecc-8c91-4afc-b97c-72a98de452c9,Marion Ave & Mosholu Pkwy,8699.01,-73.8818756582,40.8704956,71.0,21,"{'android': 'https://bkn.lft.to/lastmile_qr_scan', 'ios': 'https://bkn.lft.to/lastmile_qr_scan'}","['KEY', 'CREDITCARD']",True,classic,724aeecc-8c91-4afc-b97c-72a98de452c9,False,[],False
1893622839585237496,2 Ave & E 31 St,6197.11,-73.97711,40.74299,71.0,81,"{'android': 'https://bkn.lft.to/lastmile_qr_scan', 'ios': 'https://bkn.lft.to/lastmile_qr_scan'}","['KEY', 'CREDITCARD']",True,classic,1893622839585237496,False,[],False
2177017749848514898,Riverdale Ave & W 261 St,9091.04,-73.90324,40.90972,71.0,12,"{'android': 'https://bkn.lft.to/lastmile_qr_scan', 'ios': 'https://bkn.lft.to/lastmile_qr_scan'}","['KEY', 'CREDITCARD']",False,classic,2177017749848514898,False,[],False
2c321ea3-e1dd-4d32-be70-bd158fe1f568,W 44 St & 11 Ave,6756.05,-73.996975,40.762009,71.0,79,"{'android': 'https://bkn.lft.to/lastmile_qr_scan', 'ios': 'https://bkn.lft.to/lastmile_qr_scan'}","['KEY', 'CREDITCARD']",True,classic,2c321ea3-e1dd-4d32-be70-bd158fe1f568,False,[],False
e3e6105e-eaa2-43c5-badb-fb8592ad7227,43 St & 35 Ave,6520.06,-73.919543,40.754139,71.0,25,"{'android': 'https://bkn.lft.to/lastmile_qr_scan', 'ios': 'https://bkn.lft.to/lastmile_qr_scan'}","['KEY', 'CREDITCARD']",True,classic,e3e6105e-eaa2-43c5-badb-fb8592ad7227,False,[],False
85b77b8d-32b8-4049-a407-64319916e2c5,Amsterdam Ave & W 152 St,8069.01,-73.944279,40.829523,71.0,20,"{'android': 'https://bkn.lft.to/lastmile_qr_scan', 'ios': 'https://bkn.lft.to/lastmile_qr_scan'}","['KEY', 'CREDITCARD']",True,classic,85b77b8d-32b8-4049-a407-64319916e2c5,False,[],False
66db7637-0aca-11e7-82f6-3863bb44ef7c,Fulton St & William St,5137.11,-74.00655090808868,40.70960089363537,71.0,43,"{'android': 'https://bkn.lft.to/lastmile_qr_scan', 'ios': 'https://bkn.lft.to/lastmile_qr_scan'}","['KEY', 'CREDITCARD']",True,classic,66db7637-0aca-11e7-82f6-3863bb44ef7c,False,[],False
1b985e4b-88de-42a8-95be-dce37dbbc5c5,Walton Ave & E 176 St,8362.02,-73.90971,40.84833,71.0,23,"{'android': 'https://bkn.lft.to/lastmile_qr_scan', 'ios': 'https://bkn.lft.to/lastmile_qr_scan'}","['KEY', 'CREDITCARD']",True,classic,1b985e4b-88de-42a8-95be-dce37dbbc5c5,False,[],False
c066c90a-efb1-4f8b-aa15-38ba4edd4ebc,Pacific St & Troy Ave,4122.03,-73.93607,40.67686,71.0,20,"{'android': 'https://bkn.lft.to/lastmile_qr_scan', 'ios': 'https://bkn.lft.to/lastmile_qr_scan'}","['KEY', 'CREDITCARD']",True,classic,c066c90a-efb1-4f8b-aa15-38ba4edd4ebc,False,[],False
66dcc047-0aca-11e7-82f6-3863bb44ef7c,Lewis Ave & Madison St,4425.02,-73.935775,40.686312,71.0,23,"{'android': 'https://bkn.lft.to/lastmile_qr_scan', 'ios': 'https://bkn.lft.to/lastmile_qr_scan'}","['KEY', 'CREDITCARD']",True,classic,66dcc047-0aca-11e7-82f6-3863bb44ef7c,False,[],False
1861271680294357158,DeKalb Ave & S Portland Ave,4546.06,-73.97527355121376,40.68967018552252,71.0,23,"{'android': 'https://bkn.lft.to/lastmile_qr_scan', 'ios': 'https://bkn.lft.to/lastmile_qr_scan'}","['KEY', 'CREDITCARD']",True,classic,1861271680294357158,False,[],False
1815968147129520346,Tilden Ave & Nostrand Ave,3172.01,-73.94933,40.64683,71.0,22,"{'android': 'https://bkn.lft.to/lastmile_qr_scan', 'ios': 'https://bkn.lft.to/lastmile_qr_scan'}","['KEY', 'CREDITCARD']",True,classic,1815968147129520346,False,[],False
2126274308236524392,99 St & 3 Ave,2086.07,-74.03502,40.61451,71.0,14,"{'android': 'https://bkn.lft.to/lastmile_qr_scan', 'ios': 'https://bkn.lft.to/lastmile_qr_scan'}","['KEY', 'CREDITCARD']",False,classic,2126274308236524392,False,[],False
1964061627836181486,Central Park S & Grand Army Plaza,6839.15,-73.973473,40.764555,71.0,85,"{'android': 'https://bkn.lft.to/lastmile_qr_scan', 'ios': 'https://bkn.lft.to/lastmile_qr_scan'}","['KEY', 'CREDITCARD']",True,classic,1964061627836181486,False,[],False
1861682702044957494,Tibbett Ave & W 234 St,8866.01,-73.90587,40.88324,71.0,21,"{'android': 'https://bkn.lft.to/lastmile_qr_scan', 'ios': 'https://bkn.lft.to/lastmile_qr_scan'}","['KEY', 'CREDITCARD']",True,classic,1861682702044957494,False,[],False
66dc1beb-0aca-11e7-82f6-3863bb44ef7c,E 10 St & Ave A,5659.05,-73.98142006,40.72740794,71.0,107,"{'android': 'https://bkn.lft.to/lastmile_qr_scan', 'ios': 'https://bkn.lft.to/lastmile_qr_scan'}","['KEY', 'CREDITCARD']",True,classic,66dc1beb-0aca-11e7-82f6-3863bb44ef7c,False,[],False
b506be9e-45d3-43d1-a262-27d8fa91e974,31 St & Astoria Blvd,6989.07,-73.9184057,40.7699176,71.0,31,"{'android': 'https://bkn.lft.to/lastmile_qr_scan', 'ios': 'https://bkn.lft.to/lastmile_qr_scan'}","['KEY', 'CREDITCARD']",True,classic,b506be9e-45d3-43d1-a262-27d8fa91e974,False,[],False
2f656bc4-7743-4326-8330-a22bd41d9d17,West End Ave & W 60 St,7059.08,-73.99005,40.77237,71.0,39,"{'android': 'https://bkn.lft.to/lastmile_qr_scan', 'ios': 'https://bkn.lft.to/lastmile_qr_scan'}","['KEY', 'CREDITCARD']",True,classic,2f656bc4-7743-4326-8330-a22bd41d9d17,False,[],False
66dea894-0aca-11e7-82f6-3863bb44ef7c,Murray St & Greenwich St,5288.12,-74.01122331619263,40.71485150526252,71.0,49,"{'android': 'https://bkn.lft.to/lastmile_qr_scan', 'ios': 'https://bkn.lft.to/lastmile_qr_scan'}","['KEY', 'CREDITCARD']",True,classic,66dea894-0aca-11e7-82f6-3863bb44ef7c,False,[],False
1932126716328112534,St Marks Pl & 4 Ave,4249.01,-73.98034,40.68197,71.0,27,"{'android': 'https://bkn.lft.to/lastmile_qr_scan', 'ios': 'https://bkn.lft.to/lastmile_qr_scan'}","['KEY', 'CREDITCARD']",True,classic,1932126716328112534,False,[],False
ba0a4ada-c9f6-48b4-a7b3-7220f6fb88c2,Grand Concourse & E 171 St,8194.06,-73.913004,40.839549,71.0,25,"{'android': 'https://bkn.lft.to/lastmile_qr_scan', 'ios': 'https://bkn.lft.to/lastmile_qr_scan'}","['KEY', 'CREDITCARD']",True,classic,ba0a4ada-c9f6-48b4-a7b3-7220f6fb88c2,False,[],False
a0eec052-257a-4c79-8171-6e2ad9864ad0,Ave D & E 10 St,5575.13,-73.97515833377838,40.72506551015475,71.0,30,"{'android': 'https://bkn.lft.to/lastmile_qr_scan', 'ios': 'https://bkn.lft.to/lastmile_qr_scan'}","['KEY', 'CREDITCARD']",True,classic,a0eec052-257a-4c79-8171-6e2ad9864ad0,False,[],False
2026068766494475116,Montague St & Hicks St,4718.11,-73.99598850939152,40.69522407512035,71.0,36,"{'android': 'https://bkn.lft.to/lastmile_qr_scan', 'ios': 'https://bkn.lft.to/lastmile_qr_scan'}","['KEY', 'CREDITCARD']",True,classic,2026068766494475116,False,[],False
550153a5-2ea1-4c76-b1cd-77667005f55d,Ditmars Blvd & 19 St,7291.06,-73.9183302,40.78145,71.0,27,"{'android': 'https://bkn.lft.to/lastmile_qr_scan', 'ios': 'https://bkn.lft.to/lastmile_qr_scan'}","['KEY', 'CREDITCARD']",True,classic,550153a5-2ea1-4c76-b1cd-77667005f55d,False,[],False
2576805f-9732-4c74-8f1d-57715e8cdfa2,Central Ave & Covert St,4550.05,-73.90951,40.68929,71.0,30,"{'android': 'https://bkn.lft.to/lastmile_qr_scan', 'ios': 'https://bkn.lft.to/lastmile_qr_scan'}","['KEY', 'CREDITCARD']",True,classic,2576805f-9732-4c74-8f1d-57715e8cdfa2,False,[],False
afc79a38-e26d-48f7-94e4-d0aca8fd1c49,57 St & 43 Ave,6158.06,-73.908,40.74324,71.0,20,"{'android': 'https://bkn.lft.to/lastmile_qr_scan', 'ios': 'https://bkn.lft.to/lastmile_qr_scan'}","['KEY', 'CREDITCARD']",True,classic,afc79a38-e26d-48f7-94e4-d0aca8fd1c49,False,[],False
a2f71eea-05a2-4fe7-99ab-f74535c880ae,Bedford Ave & Bergen St,4066.15,-73.952918,40.676368,71.0,24,"{'android': 'https://bkn.lft.to/lastmile_qr_scan', 'ios': 'https://bkn.lft.to/lastmile_qr_scan'}","['KEY', 'CREDITCARD']",True,classic,a2f71eea-05a2-4fe7-99ab-f74535c880ae,False,[],False
66de2556-0aca-11e7-82f6-3863bb44ef7c,E 74 St & 1 Ave,6953.08,-73.95482273,40.7689738,71.0,79,"{'android': 'https://bkn.lft.to/lastmile_qr_scan', 'ios': 'https://bkn.lft.to/lastmile_qr_scan'}","['KEY', 'CREDITCARD']",True,classic,66de2556-0aca-11e7-82f6-3863bb44ef7c,False,[],False
55fda28d-56a8-4db2-b42a-072714f18471,Schenectady Ave & Maple St,3639.04,-73.93445,40.66178,71.0,19,"{'android': 'https://bkn.lft.to/lastmile_qr_scan', 'ios': 'https://bkn.lft.to/lastmile_qr_scan'}","['KEY', 'CREDITCARD']",True,classic,55fda28d-56a8-4db2-b42a-072714f18471,False,[],False
dfad8e49-7e1b-4376-90b4-7a449319f294,48 St & Skillman Ave,6283.05,-73.91616314649582,40.74622874694195,71.0,22,"{'android': 'https://bkn.lft.to/lastmile_qr_scan', 'ios': 'https://bkn.lft.to/lastmile_qr_scan'}","['KEY', 'CREDITCARD']",True,classic,dfad8e49-7e1b-4376-90b4-7a449319f294,False,[],False
141eb0e0-e78d-411a-a0be-202a6424cc93,River Ave & E 151 St,7967.04,-73.928939,40.822217,71.0,27,"{'android': 'https://bkn.lft.to/lastmile_qr_scan', 'ios': 'https://bkn.lft.to/lastmile_qr_scan'}","['KEY', 'CREDITCARD']",True,classic,141eb0e0-e78d-411a-a0be-202a6424cc93,False,[],False
bbb48e80-7d2f-4b3c-bb8c-591bc931945a,Albemarle Rd & McDonald Ave,3166.03,-73.979681,40.645074,71.0,20,"{'android': 'https://bkn.lft.to/lastmile_qr_scan', 'ios': 'https://bkn.lft.to/lastmile_qr_scan'}","['KEY', 'CREDITCARD']",True,classic,bbb48e80-7d2f-4b3c-bb8c-591bc931945a,False,[],False
66de8a86-0aca-11e7-82f6-3863bb44ef7c,W 52 St & 6 Ave,6740.01,-73.97982001304626,40.76132983124814,71.0,59,"{'android': 'https://bkn.lft.to/lastmile_qr_scan', 'ios': 'https://bkn.lft.to/lastmile_qr_scan'}","['KEY', 'CREDITCARD']",True,classic,66de8a86-0aca-11e7-82f6-3863bb44ef7c,False,[],False
96a0b676-e966-4d96-b04b-ceb8149cedcd,E 138 St & Cypress Ave,7669.10,-73.914718,40.805559,71.0,23,"{'android': 'https://bkn.lft.to/lastmile_qr_scan', 'ios': 'https://bkn.lft.to/lastmile_qr_scan'}","['KEY', 'CREDITCARD']",True,classic,96a0b676-e966-4d96-b04b-ceb8149cedcd,False,[],False
a1acdab2-29c7-4956-8b2e-24b39dc2ff13,Schermerhorn St & Hoyt St,4479.10,-73.9851911,40.6886263,71.0,60,"{'android': 'https://bkn.lft.to/lastmile_qr_scan', 'ios': 'https://bkn.lft.to/lastmile_qr_scan'}","['KEY', 'CREDITCARD']",True,classic,a1acdab2-29c7-4956-8b2e-24b39dc2ff13,False,[],False
e58234a3-5b23-427e-948f-c1e4571b2bfa,Division Ave & Hooper St,5045.05,-73.9544353965357,40.70684203101325,71.0,61,"{'android': 'https://bkn.lft.to/lastmile_qr_scan', 'ios': 'https://bkn.lft.to/lastmile_qr_scan'}","['KEY', 'CREDITCARD']",True,classic,e58234a3-5b23-427e-948f-c1e4571b2bfa,False,[],False
3c135a2e-eeea-4e81-9c0a-8d14a6049198,Bedford Ave & Fenimore St,3552.09,-73.95674,40.65815,71.0,20,"{'android': 'https://bkn.lft.to/lastmile_qr_scan', 'ios': 'https://bkn.lft.to/lastmile_qr_scan'}","['KEY', 'CREDITCARD']",True,classic,3c135a2e-eeea-4e81-9c0a-8d14a6049198,False,[],False
2171904090179944948,Bainbridge Ave & E 211 St,8837.06,-73.87808,40.88206,71.0,20,"{'android': 'https://bkn.lft.to/lastmile_qr_scan', 'ios': 'https://bkn.lft.to/lastmile_qr_scan'}","['KEY', 'CREDITCARD']",False,classic,2171904090179944948,False,[],False
648e09b6-95c2-40d3-9dac-a43f22eccf38,St Nicholas Ave & W 134 St,7837.30,-73.948222,40.816234,71.0,27,"{'android': 'https://bkn.lft.to/lastmile_qr_scan', 'ios': 'https://bkn.lft.to/lastmile_qr_scan'}","['KEY', 'CREDITCARD']",True,classic,648e09b6-95c2-40d3-9dac-a43f22eccf38,False,[],False
66de2b97-0aca-11e7-82f6-3863bb44ef7c,Carroll St & Smith St,4225.14,-73.99475825,40.680611,71.0,41,"{'android': 'https://bkn.lft.to/lastmile_qr_scan', 'ios': 'https://bkn.lft.to/lastmile_qr_scan'}","['KEY', 'CREDITCARD']",True,classic,66de2b97-0aca-11e7-82f6-3863bb44ef7c,False,[],False
de6f4206-3aa9-4cb9-aae0-8547d2cd6854,White St & Johnson Ave,5099.03,-73.93581,40.707174,71.0,23,"{'android': 'https://bkn.lft.to/lastmile_qr_scan', 'ios': 'https://bkn.lft.to/lastmile_qr_scan'}","['KEY', 'CREDITCARD']",True,classic,de6f4206-3aa9-4cb9-aae0-8547d2cd6854,False,[],False
66dde914-0aca-11e7-82f6-3863bb44ef7c,Butler St & Court St,4339.01,-73.99440329,40.6849894,71.0,35,"{'android': 'https://bkn.lft.to/lastmile_qr_scan', 'ios': 'https://bkn.lft.to/lastmile_qr_scan'}","['KEY', 'CREDITCARD']",True,classic,66dde914-0aca-11e7-82f6-3863bb44ef7c,False,[],False
1875672501601550456,Lorimer St & Harrison Ave,4892.02,-73.94984,40.702726,71.0,18,"{'android': 'https://bkn.lft.to/lastmile_qr_scan', 'ios': 'https://bkn.lft.to/lastmile_qr_scan'}","['KEY', 'CREDITCARD']",True,classic,1875672501601550456,False,[],False
1057229c-f8f8-4014-80cd-f40421c61cf0,Onderdonk Ave & Gates Ave,4994.10,-73.90737,40.70413,71.0,19,"{'android': 'https://bkn.lft.to/lastmile_qr_scan', 'ios': 'https://bkn.lft.to/lastmile_qr_scan'}","['KEY', 'CREDITCARD']",True,classic,1057229c-f8f8-4014-80cd-f40421c61cf0,False,[],False
1869851741257474316,3 Ave & E 189 St,8526.03,-73.89135,40.85985,71.0,30,"{'android': 'https://bkn.lft.to/lastmile_qr_scan', 'ios': 'https://bkn.lft.to/lastmile_qr_scan'}","['KEY', 'CREDITCARD']",True,classic,1869851741257474316,False,[],False
b608193c-46ae-4b61-9e7a-4671e7c3b96e,E 167 St & Bryant Ave,8040.03,-73.88871818097057,40.82675430693443,71.0,20,"{'android': 'https://bkn.lft.to/lastmile_qr_scan', 'ios': 'https://bkn.lft.to/lastmile_qr_scan'}","['KEY', 'CREDITCARD']",True,classic,b608193c-46ae-4b61-9e7a-4671e7c3b96e,False,[],False
8fa2fafb-fa07-48b2-b159-bffbea7176d4,Seneca Ave & Decatur St,4757.06,-73.89811,40.69723,71.0,20,"{'android': 'https://bkn.lft.to/lastmile_qr_scan', 'ios': 'https://bkn.lft.to/lastmile_qr_scan'}","['KEY', 'CREDITCARD']",True,classic,8fa2fafb-fa07-48b2-b159-bffbea7176d4,False,[],False
2206779232336912856,113 St & Jewel Ave,5614.03,-73.83928,40.72521,71.0,12,"{'android': 'https://bkn.lft.to/lastmile_qr_scan', 'ios': 'https://bkn.lft.to/lastmile_qr_scan'}","['KEY', 'CREDITCARD']",False,classic,2206779232336912856,False,[],False
66dd4b91-0aca-11e7-82f6-3863bb44ef7c,W 78 St & Broadway,7311.07,-73.98093133,40.78339981,71.0,39,"{'android': 'https://bkn.lft.to/lastmile_qr_scan', 'ios': 'https://bkn.lft.to/lastmile_qr_scan'}","['KEY', 'CREDITCARD']",True,classic,66dd4b91-0aca-11e7-82f6-3863bb44ef7c,False,[],False
66db7a71-0aca-11e7-82f6-3863bb44ef7c,Cadman Plaza E & Red Cross Pl,4821.06,-73.98971773,40.69991755,71.0,39,"{'android': 'https://bkn.lft.to/lastmile_qr_scan', 'ios': 'https://bkn.lft.to/lastmile_qr_scan'}","['KEY', 'CREDITCARD']",True,classic,66db7a71-0aca-11e7-82f6-3863bb44ef7c,False,[],False
2206772604819312252,Queens Blvd N & 63 Rd,5761.05,-73.86207,40.73016,71.0,30,"{'android': 'https://bkn.lft.to/lastmile_qr_scan', 'ios': 'https://bkn.lft.to/lastmile_qr_scan'}","['KEY', 'CREDITCARD']",False,classic,2206772604819312252,False,[],False
66dd448f-0aca-11e7-82f6-3863bb44ef7c,E 84 St & Park Ave,7243.04,-73.95772073,40.77862688,71.0,45,"{'android': 'https://bkn.lft.to/lastmile_qr_scan', 'ios': 'https://bkn.lft.to/lastmile_qr_scan'}","['KEY', 'CREDITCARD']",True,classic,66dd448f-0aca-11e7-82f6-3863bb44ef7c,False,[],False
e612122d-e0fd-4ebf-8d51-0f48f9d1b580,Willoughby Ave & Wyckoff Ave,5010.02,-73.92153,40.705614,71.0,23,"{'android': 'https://bkn.lft.to/lastmile_qr_scan', 'ios': 'https://bkn.lft.to/lastmile_qr_scan'}","['KEY', 'CREDITCARD']",True,classic,e612122d-e0fd-4ebf-8d51-0f48f9d1b580,False,[],False
cc758f1a-8b28-4ff5-bc75-fbe62c453378,Steinway St & 23 Ave,7009.02,-73.9077436,40.7713937,71.0,21,"{'android': 'https://bkn.lft.to/lastmile_qr_scan', 'ios': 'https://bkn.lft.to/lastmile_qr_scan'}","['KEY', 'CREDITCARD']",True,classic,cc758f1a-8b28-4ff5-bc75-fbe62c453378,False,[],False
36b55a0f-e55d-4849-859a-09b3273fb782,23 St & 3 Ave,3707.01,-73.998623,40.662611,71.0,24,"{'android': 'https://bkn.lft.to/lastmile_qr_scan', 'ios': 'https://bkn.lft.to/lastmile_qr_scan'}","['KEY', 'CREDITCARD']",True,classic,36b55a0f-e55d-4849-859a-09b3273fb782,False,[],False
7a8b474b-7577-4316-a192-d57576d194a3,Woodside Ave & 60 St,6234.04,-73.90462,40.74521,71.0,21,"{'android': 'https://bkn.lft.to/lastmile_qr_scan', 'ios': 'https://bkn.lft.to/lastmile_qr_scan'}","['KEY', 'CREDITCARD']",True,classic,7a8b474b-7577-4316-a192-d57576d194a3,False,[],False
66db7152-0aca-11e7-82f6-3863bb44ef7c,St James Pl & Oliver St,5238.05,-73.99851193,40.71307916,71.0,48,"{'android': 'https://bkn.lft.to/lastmile_qr_scan', 'ios': 'https://bkn.lft.to/lastmile_qr_scan'}","['KEY', 'CREDITCARD']",True,classic,66db7152-0aca-11e7-82f6-3863bb44ef7c,False,[],False
bb32aad7-8308-4ff8-b073-d5b518ffdd09,W 120 St & Claremont Ave,7745.07,-73.9634,40.8109494,71.0,39,"{'android': 'https://bkn.lft.to/lastmile_qr_scan', 'ios': 'https://bkn.lft.to/lastmile_qr_scan'}","['KEY', 'CREDITCARD']",True,classic,bb32aad7-8308-4ff8-b073-d5b518ffdd09,False,[],False
1851999409149780880,Church Ave & E 45 St,3341.06,-73.93535,40.65159,71.0,24,"{'android': 'https://bkn.lft.to/lastmile_qr_scan', 'ios': 'https://bkn.lft.to/lastmile_qr_scan'}","['KEY', 'CREDITCARD']",True,classic,1851999409149780880,False,[],False
b516fedb-3ced-4683-8c17-7e5f6dadf04d,Congress St & Hicks St,4497.09,-73.9995126,40.6893952,71.0,35,"{'android': 'https://bkn.lft.to/lastmile_qr_scan', 'ios': 'https://bkn.lft.to/lastmile_qr_scan'}","['KEY', 'CREDITCARD']",True,classic,b516fedb-3ced-4683-8c17-7e5f6dadf04d,False,[],False
66dc7cc3-0aca-11e7-82f6-3863bb44ef7c,W 56 St & 10 Ave,6955.01,-73.988639,40.768254,71.0,43,"{'android': 'https://bkn.lft.to/lastmile_qr_scan', 'ios': 'https://bkn.lft.to/lastmile_qr_scan'}","['KEY', 'CREDITCARD']",True,classic,66dc7cc3-0aca-11e7-82f6-3863bb44ef7c,False,[],False
18fcd2c1-dc8b-4a52-9f18-e9b9003bbea5,Park Pl & Church St,5288.08,-74.00935515761375,40.71334184275907,71.0,54,"{'android': 'https://bkn.lft.to/lastmile_qr_scan', 'ios': 'https://bkn.lft.to/lastmile_qr_scan'}","['KEY', 'CREDITCARD']",True,classic,18fcd2c1-dc8b-4a52-9f18-e9b9003bbea5,False,"[{'id': '18fcd2c1-dc8b-4a52-9f18-e9b9003bbea5', 'service_type': 'ATTENDED_SERVICE', 'docks_availability': 'UNLIMITED', 'bikes_availability': 'UNLIMITED', 'off_dock_bikes_count': 47, 'off_dock_remaining_bike_capacity': 73, 'name': 'Valet Service', 'description': ''}]",False
55f6b830-e43e-4227-bfc7-683465236d94,E 17 St & 2 Ave,5896.01,-73.98372530937195,40.73431166276575,71.0,47,"{'android': 'https://bkn.lft.to/lastmile_qr_scan', 'ios': 'https://bkn.lft.to/lastmile_qr_scan'}","['KEY', 'CREDITCARD']",True,classic,55f6b830-e43e-4227-bfc7-683465236d94,False,[],False
67f60e7e-397a-4e47-b7f9-d10bd67133b3,W 51 St & Rockefeller Plaza,6700.14,-73.97811613976955,40.75973805251143,71.0,51,"{'android': 'https://bkn.lft.to/lastmile_qr_scan', 'ios': 'https://bkn.lft.to/lastmile_qr_scan'}","['KEY', 'CREDITCARD']",True,classic,67f60e7e-397a-4e47-b7f9-d10bd67133b3,False,[],False
f15ccc6e-5a7c-46e7-b505-0bfc9cae3d83,W 129 St & Convent Ave,7818.17,-73.95324736833572,40.814394437915816,71.0,30,"{'android': 'https://bkn.lft.to/lastmile_qr_scan', 'ios': 'https://bkn.lft.to/lastmile_qr_scan'}","['KEY', 'CREDITCARD']",True,classic,f15ccc6e-5a7c-46e7-b505-0bfc9cae3d83,False,[],False
42032bf9-4599-4035-bc01-c80bec1a7122,31 Ave & 30 St,6857.09,-73.9240312,40.7647,71.0,21,"{'android': 'https://bkn.lft.to/lastmile_qr_scan', 'ios': 'https://bkn.lft.to/lastmile_qr_scan'}","['KEY', 'CREDITCARD']",True,classic,42032bf9-4599-4035-bc01-c80bec1a7122,False,[],False
1828966363527611286,32 Ave & 75 St,6645.06,-73.8924,40.75704,71.0,19,"{'android': 'https://bkn.lft.to/lastmile_qr_scan', 'ios': 'https://bkn.lft.to/lastmile_qr_scan'}","['KEY', 'CREDITCARD']",True,classic,1828966363527611286,False,[],False
66de65a4-0aca-11e7-82f6-3863bb44ef7c,West Drive & Prospect Park West,3651.04,-73.97945255041122,40.6610633719006,71.0,29,"{'android': 'https://bkn.lft.to/lastmile_qr_scan', 'ios': 'https://bkn.lft.to/lastmile_qr_scan'}","['KEY', 'CREDITCARD']",True,classic,66de65a4-0aca-11e7-82f6-3863bb44ef7c,False,[],False
1815967159287043052,E 21 St & Church Ave,3294.03,-73.96001,40.65007,71.0,25,"{'android': 'https://bkn.lft.to/lastmile_qr_scan', 'ios': 'https://bkn.lft.to/lastmile_qr_scan'}","['KEY', 'CREDITCARD']",True,classic,1815967159287043052,False,[],False
1860190006584693708,E 187 St & 3 Ave,8489.06,-73.8909,40.85724,71.0,19,"{'android': 'https://bkn.lft.to/lastmile_qr_scan', 'ios': 'https://bkn.lft.to/lastmile_qr_scan'}","['KEY', 'CREDITCARD']",True,classic,1860190006584693708,False,[],False
66dbe848-0aca-11e7-82f6-3863bb44ef7c,Centre St & Worth St,5279.03,-74.00234482,40.71494807,71.0,120,"{'android': 'https://bkn.lft.to/lastmile_qr_scan', 'ios': 'https://bkn.lft.to/lastmile_qr_scan'}","['KEY', 'CREDITCARD']",True,classic,66dbe848-0aca-11e7-82f6-3863bb44ef7c,False,[],False
66dc252e-0aca-11e7-82f6-3863bb44ef7c,S 4 St & Wythe Ave,5204.05,-73.96590294,40.71285887,71.0,37,"{'android': 'https://bkn.lft.to/lastmile_qr_scan', 'ios': 'https://bkn.lft.to/lastmile_qr_scan'}","['KEY', 'CREDITCARD']",False,classic,66dc252e-0aca-11e7-82f6-3863bb44ef7c,False,[],False
66db2d2b-0aca-11e7-82f6-3863bb44ef7c,Clinton St & Joralemon St,4605.04,-73.99337909,40.69239502,71.0,50,"{'android': 'https://bkn.lft.to/lastmile_qr_scan', 'ios': 'https://bkn.lft.to/lastmile_qr_scan'}","['KEY', 'CREDITCARD']",True,classic,66db2d2b-0aca-11e7-82f6-3863bb44ef7c,False,[],False
2743a950-3a1f-4a58-8fe0-f4105033e0e3,30 Ave & 41 St,6812.06,-73.914142,40.763422,71.0,23,"{'android': 'https://bkn.lft.to/lastmile_qr_scan', 'ios': 'https://bkn.lft.to/lastmile_qr_scan'}","['KEY', 'CREDITCARD']",True,classic,2743a950-3a1f-4a58-8fe0-f4105033e0e3,False,[],False
1938139112487078732,E 103 St & 2 Ave,7436.16,-73.9436,40.78864,71.0,33,"{'android': 'https://bkn.lft.to/lastmile_qr_scan', 'ios': 'https://bkn.lft.to/lastmile_qr_scan'}","['KEY', 'CREDITCARD']",True,classic,1938139112487078732,False,[],False
eafa19ed-88c2-4efc-bd73-3961f85b6063,W 13 St & 5 Ave,5947.04,-73.99431,40.735445,71.0,43,"{'android': 'https://bkn.lft.to/lastmile_qr_scan', 'ios': 'https://bkn.lft.to/lastmile_qr_scan'}","['KEY', 'CREDITCARD']",True,classic,eafa19ed-88c2-4efc-bd73-3961f85b6063,False,[],False
1846086138339179502,103 St & 41 Ave,6337.09,-73.86285,40.74875,71.0,23,"{'android': 'https://bkn.lft.to/lastmile_qr_scan', 'ios': 'https://bkn.lft.to/lastmile_qr_scan'}","['KEY', 'CREDITCARD']",True,classic,1846086138339179502,False,[],False
2177016064191230822,Waldo Ave & Manhattan College Pkwy,8927.01,-73.90288,40.88902,71.0,20,"{'android': 'https://bkn.lft.to/lastmile_qr_scan', 'ios': 'https://bkn.lft.to/lastmile_qr_scan'}","['KEY', 'CREDITCARD']",False,classic,2177016064191230822,False,[],False
fda0c217-9504-4b26-8a25-e40b603ee5fa,Nelson Ave & W 172 St,8290.01,-73.920999,40.843965,71.0,20,"{'android': 'https://bkn.lft.to/lastmile_qr_scan', 'ios': 'https://bkn.lft.to/lastmile_qr_scan'}","['KEY', 'CREDITCARD']",True,classic,fda0c217-9504-4b26-8a25-e40b603ee5fa,False,[],False
66de482a-0aca-11e7-82f6-3863bb44ef7c,Richards St & Delavan St,4202.04,-74.00785041,40.6794327,71.0,19,"{'android': 'https://bkn.lft.to/lastmile_qr_scan', 'ios': 'https://bkn.lft.to/lastmile_qr_scan'}","['KEY', 'CREDITCARD']",True,classic,66de482a-0aca-11e7-82f6-3863bb44ef7c,False,[],False
bc346753-b68a-4cb3-b93f-b0be68227eae,21 St & 21 Ave,7314.03,-73.914527,40.782465,71.0,21,"{'android': 'https://bkn.lft.to/lastmile_qr_scan', 'ios': 'https://bkn.lft.to/lastmile_qr_scan'}","['KEY', 'CREDITCARD']",True,classic,bc346753-b68a-4cb3-b93f-b0be68227eae,False,[],False
82dd89f6-1e5a-4a8f-8660-13cb64349e94,Boone Ave & E 172 St,8110.04,-73.885272,40.832649,71.0,19,"{'android': 'https://bkn.lft.to/lastmile_qr_scan', 'ios': 'https://bkn.lft.to/lastmile_qr_scan'}","['KEY', 'CREDITCARD']",True,classic,82dd89f6-1e5a-4a8f-8660-13cb64349e94,False,[],False
66ddd369-0aca-11e7-82f6-3863bb44ef7c,Mercer St & Bleecker St,5679.05,-73.99662137031554,40.72706363348306,71.0,67,"{'android': 'https://bkn.lft.to/lastmile_qr_scan', 'ios': 'https://bkn.lft.to/lastmile_qr_scan'}","['KEY', 'CREDITCARD']",True,classic,66ddd369-0aca-11e7-82f6-3863bb44ef7c,False,[],False
29b63342-02ab-4a62-be64-d3e59c0e1988,E 33 St & Park Ave,6280.13,-73.98214281,40.74652543,,72,"{'android': 'https://bkn.lft.to/lastmile_qr_scan', 'ios': 'https://bkn.lft.to/lastmile_qr_scan'}","['KEY', 'CREDITCARD']",True,classic,29b63342-02ab-4a62-be64-d3e59c0e1988,False,[],False
647a2a80-9630-41b0-9b91-1f464b0bf3cc,E 16 St & Irving Pl,5938.11,-73.98797392845154,40.735367055605394,71.0,79,"{'android': 'https://bkn.lft.to/lastmile_qr_scan', 'ios': 'https://bkn.lft.to/lastmile_qr_scan'}","['KEY', 'CREDITCARD']",True,classic,647a2a80-9630-41b0-9b91-1f464b0bf3cc,False,[],False
26176e86-8362-4c91-a693-6aa3f9ce0b73,Dean St & Franklin Ave,4107.13,-73.955637216568,40.67759206937376,71.0,21,"{'android': 'https://bkn.lft.to/lastmile_qr_scan', 'ios': 'https://bkn.lft.to/lastmile_qr_scan'}","['KEY', 'CREDITCARD']",True,classic,26176e86-8362-4c91-a693-6aa3f9ce0b73,False,[],False
7bdd60e9-c0fd-40f6-aa9a-d5fa004d4fe3,21 St & 4 Ave,3668.04,-73.995554,40.662584,71.0,21,"{'android': 'https://bkn.lft.to/lastmile_qr_scan', 'ios': 'https://bkn.lft.to/lastmile_qr_scan'}","['KEY', 'CREDITCARD']",True,classic,7bdd60e9-c0fd-40f6-aa9a-d5fa004d4fe3,False,[],False
2123940148896639644,6 Ave & 78 St,2488.09,-74.02119,40.62569,71.0,12,"{'android': 'https://bkn.lft.to/lastmile_qr_scan', 'ios': 'https://bkn.lft.to/lastmile_qr_scan'}","['KEY', 'CREDITCARD']",False,classic,2123940148896639644,False,[],False
66dc0cc7-0aca-11e7-82f6-3863bb44ef7c,Clermont Ave & Lafayette Ave,4461.01,-73.96968902,40.68764484,71.0,51,"{'android': 'https://bkn.lft.to/lastmile_qr_scan', 'ios': 'https://bkn.lft.to/lastmile_qr_scan'}","['KEY', 'CREDITCARD']",True,classic,66dc0cc7-0aca-11e7-82f6-3863bb44ef7c,False,[],False
341730d7-a61d-499d-8c07-fa015f644e54,W 37 St & Broadway,6441.06,-73.98770570755005,40.75227093837409,71.0,84,"{'android': 'https://bkn.lft.to/lastmile_qr_scan', 'ios': 'https://bkn.lft.to/lastmile_qr_scan'}","['KEY', 'CREDITCARD']",True,classic,341730d7-a61d-499d-8c07-fa015f644e54,False,[],False
66dce567-0aca-11e7-82f6-3863bb44ef7c,McKibbin St & Manhattan Ave,4996.08,-73.94407279,40.70510918,71.0,23,"{'android': 'https://bkn.lft.to/lastmile_qr_scan', 'ios': 'https://bkn.lft.to/lastmile_qr_scan'}","['KEY', 'CREDITCARD']",True,classic,66dce567-0aca-11e7-82f6-3863bb44ef7c,False,[],False
b0cc08dc-e7dd-48d1-8901-ba496f3ff2f5,W 64 St & Thelonious Monk Circle,7123.04,-73.98918695747852,40.77515953434235,71.0,43,"{'android': 'https://bkn.lft.to/lastmile_qr_scan', 'ios': 'https://bkn.lft.to/lastmile_qr_scan'}","['KEY', 'CREDITCARD']",True,classic,b0cc08dc-e7dd-48d1-8901-ba496f3ff2f5,False,[],False
66dbc60f-0aca-11e7-82f6-3863bb44ef7c,S Portland Ave & Hanson Pl,4354.05,-73.97431458,40.68539567,71.0,27,"{'android': 'https://bkn.lft.to/lastmile_qr_scan', 'ios': 'https://bkn.lft.to/lastmile_qr_scan'}","['KEY', 'CREDITCARD']",False,classic,66dbc60f-0aca-11e7-82f6-3863bb44ef7c,False,[],False
2126579471787670468,Shore Pkwy Greenway & Bay Ridge Ave,2942.07,-74.03678,40.63896,71.0,24,"{'android': 'https://bkn.lft.to/lastmile_qr_scan', 'ios': 'https://bkn.lft.to/lastmile_qr_scan'}","['KEY', 'CREDITCARD']",False,classic,2126579471787670468,False,[],False
be2bdee1-e3e9-45cc-94f0-2ba81a722ba3,Prospect Ave & Greenwood Ave,3312.07,-73.975988,40.651745,71.0,20,"{'android': 'https://bkn.lft.to/lastmile_qr_scan', 'ios': 'https://bkn.lft.to/lastmile_qr_scan'}","['KEY', 'CREDITCARD']",True,classic,be2bdee1-e3e9-45cc-94f0-2ba81a722ba3,False,[],False
8d097a6d-f17c-4195-9dd4-42527b371c71,8 Ave & W 38 St,6526.05,-73.99177,40.75461,71.0,65,"{'android': 'https://bkn.lft.to/lastmile_qr_scan', 'ios': 'https://bkn.lft.to/lastmile_qr_scan'}","['KEY', 'CREDITCARD']",True,classic,8d097a6d-f17c-4195-9dd4-42527b371c71,False,[],False
2235292640933882908,Liberty Ave & Sackman St,4014.03,-73.9056,40.67302,71.0,12,"{'android': 'https://bkn.lft.to/lastmile_qr_scan', 'ios': 'https://bkn.lft.to/lastmile_qr_scan'}","['KEY', 'CREDITCARD']",False,classic,2235292640933882908,False,[],False
66de099d-0aca-11e7-82f6-3863bb44ef7c,W 100 St & Manhattan Ave,7538.14,-73.9645,40.795,71.0,39,"{'android': 'https://bkn.lft.to/lastmile_qr_scan', 'ios': 'https://bkn.lft.to/lastmile_qr_scan'}","['KEY', 'CREDITCARD']",True,classic,66de099d-0aca-11e7-82f6-3863bb44ef7c,False,[],False
66de48f9-0aca-11e7-82f6-3863bb44ef7c,Henry St & W 9 St,4086.06,-74.00324957,40.6763744,71.0,19,"{'android': 'https://bkn.lft.to/lastmile_qr_scan', 'ios': 'https://bkn.lft.to/lastmile_qr_scan'}","['KEY', 'CREDITCARD']",True,classic,66de48f9-0aca-11e7-82f6-3863bb44ef7c,False,[],False
5736cd70-be41-483e-8d82-721874f40e6e,Albany Ave & Park Pl,3975.02,-73.93896,40.67297,71.0,20,"{'android': 'https://bkn.lft.to/lastmile_qr_scan', 'ios': 'https://bkn.lft.to/lastmile_qr_scan'}","['KEY', 'CREDITCARD']",True,classic,5736cd70-be41-483e-8d82-721874f40e6e,False,[],False
66db4671-0aca-11e7-82f6-3863bb44ef7c,Stanton St & Chrystie St,5523.02,-73.99147535,40.72229346,71.0,47,"{'android': 'https://bkn.lft.to/lastmile_qr_scan', 'ios': 'https://bkn.lft.to/lastmile_qr_scan'}","['KEY', 'CREDITCARD']",True,classic,66db4671-0aca-11e7-82f6-3863bb44ef7c,False,[],False
2235292436998225298,Mother Gaston Blvd & Glenmore Ave,3941.05,-73.90754,40.67162,71.0,16,"{'android': 'https://bkn.lft.to/lastmile_qr_scan', 'ios': 'https://bkn.lft.to/lastmile_qr_scan'}","['KEY', 'CREDITCARD']",False,classic,2235292436998225298,False,[],False
d9ec5589-c872-46f2-88cd-e54f9c596721,Morris Ave & E Burnside Ave,8441.01,-73.90546,40.85322,71.0,21,"{'android': 'https://bkn.lft.to/lastmile_qr_scan', 'ios': 'https://bkn.lft.to/lastmile_qr_scan'}","['KEY', 'CREDITCARD']",True,classic,d9ec5589-c872-46f2-88cd-e54f9c596721,False,[],False
8b1222da-612f-4482-ab34-9467c4ed28e3,E 135 St & St Ann's Ave,7687.05,-73.918889,40.805089,71.0,23,"{'android': 'https://bkn.lft.to/lastmile_qr_scan', 'ios': 'https://bkn.lft.to/lastmile_qr_scan'}","['KEY', 'CREDITCARD']",True,classic,8b1222da-612f-4482-ab34-9467c4ed28e3,False,[],False
66dcf0b3-0aca-11e7-82f6-3863bb44ef7c,Graham Ave & Grand St,5178.06,-73.944024,40.711863,71.0,29,"{'android': 'https://bkn.lft.to/lastmile_qr_scan', 'ios': 'https://bkn.lft.to/lastmile_qr_scan'}","['KEY', 'CREDITCARD']",False,classic,66dcf0b3-0aca-11e7-82f6-3863bb44ef7c,False,[],False
66dd1846-0aca-11e7-82f6-3863bb44ef7c,N 12 St & Bedford Ave,5450.04,-73.95484712,40.72079821,71.0,47,"{'android': 'https://bkn.lft.to/lastmile_qr_scan', 'ios': 'https://bkn.lft.to/lastmile_qr_scan'}","['KEY', 'CREDITCARD']",True,classic,66dd1846-0aca-11e7-82f6-3863bb44ef7c,False,[],False
285ad3c2-3ffe-45bb-8765-9c20a69641a6,27 Ave & 3 St,7132.08,-73.9342,40.77485,71.0,19,"{'android': 'https://bkn.lft.to/lastmile_qr_scan', 'ios': 'https://bkn.lft.to/lastmile_qr_scan'}","['KEY', 'CREDITCARD']",True,classic,285ad3c2-3ffe-45bb-8765-9c20a69641a6,False,[],False
9092515e-eef6-478f-910f-1cd19d06bebb,Broadway & Hancock St,4441.06,-73.91683218964889,40.68661064950837,71.0,35,"{'android': 'https://bkn.lft.to/lastmile_qr_scan', 'ios': 'https://bkn.lft.to/lastmile_qr_scan'}","['KEY', 'CREDITCARD']",True,classic,9092515e-eef6-478f-910f-1cd19d06bebb,False,[],False
15cb007b-bfca-4ad7-bfc6-44bf3d36785a,Jerome Ave & W 177 St,8362.09,-73.910765,40.850121,71.0,29,"{'android': 'https://bkn.lft.to/lastmile_qr_scan', 'ios': 'https://bkn.lft.to/lastmile_qr_scan'}","['KEY', 'CREDITCARD']",True,classic,15cb007b-bfca-4ad7-bfc6-44bf3d36785a,False,[],False
43f3d3c7-46b0-4812-879d-15afe8804c5f,35 Ave & 10 St,6806.06,-73.93985509872437,40.76315481910373,71.0,26,"{'android': 'https://bkn.lft.to/lastmile_qr_scan', 'ios': 'https://bkn.lft.to/lastmile_qr_scan'}","['KEY', 'CREDITCARD']",True,classic,43f3d3c7-46b0-4812-879d-15afe8804c5f,False,[],False
66dc76cd-0aca-11e7-82f6-3863bb44ef7c,Henry St & Grand St,5294.04,-73.981095,40.714211,71.0,36,"{'android': 'https://bkn.lft.to/lastmile_qr_scan', 'ios': 'https://bkn.lft.to/lastmile_qr_scan'}","['KEY', 'CREDITCARD']",True,classic,66dc76cd-0aca-11e7-82f6-3863bb44ef7c,False,[],False
66dda55f-0aca-11e7-82f6-3863bb44ef7c,W 42 St & Dyer Ave,6644.07,-73.99379968643188,40.75898481399634,71.0,33,"{'android': 'https://bkn.lft.to/lastmile_qr_scan', 'ios': 'https://bkn.lft.to/lastmile_qr_scan'}","['KEY', 'CREDITCARD']",True,classic,66dda55f-0aca-11e7-82f6-3863bb44ef7c,False,[],False
158e7752-27e2-4912-be0b-eb15405aa096,10 Ave & W 215 St,8679.03,-73.91519755125046,40.86932465640094,71.0,21,"{'android': 'https://bkn.lft.to/lastmile_qr_scan', 'ios': 'https://bkn.lft.to/lastmile_qr_scan'}","['KEY', 'CREDITCARD']",True,classic,158e7752-27e2-4912-be0b-eb15405aa096,False,[],False
96878d29-481d-48dc-bcdc-a5f1ce88c76d,Macon St & Lewis Ave,4310.06,-73.93488,40.68282,71.0,20,"{'android': 'https://bkn.lft.to/lastmile_qr_scan', 'ios': 'https://bkn.lft.to/lastmile_qr_scan'}","['KEY', 'CREDITCARD']",True,classic,96878d29-481d-48dc-bcdc-a5f1ce88c76d,False,[],False
45e8c326-b12d-4be6-b040-bb6de9986d25,Irving Ave & Harman St,4856.05,-73.9179,40.70108,71.0,21,"{'android': 'https://bkn.lft.to/lastmile_qr_scan', 'ios': 'https://bkn.lft.to/lastmile_qr_scan'}","['KEY', 'CREDITCARD']",True,classic,45e8c326-b12d-4be6-b040-bb6de9986d25,False,[],False
284b08f2-3d26-4f52-9463-25e4a07c16f7,Underhill Ave & Pacific St,4231.04,-73.9646795,40.6804836,71.0,27,"{'android': 'https://bkn.lft.to/lastmile_qr_scan', 'ios': 'https://bkn.lft.to/lastmile_qr_scan'}","['KEY', 'CREDITCARD']",True,classic,284b08f2-3d26-4f52-9463-25e4a07c16f7,False,[],False
66dcac42-0aca-11e7-82f6-3863bb44ef7c,Kent Ave & N 7 St,5489.03,-73.96165072917938,40.72036775298455,71.0,79,"{'android': 'https://bkn.lft.to/lastmile_qr_scan', 'ios': 'https://bkn.lft.to/lastmile_qr_scan'}","['KEY', 'CREDITCARD']",True,classic,66dcac42-0aca-11e7-82f6-3863bb44ef7c,False,[],False
66dc1c5c-0aca-11e7-82f6-3863bb44ef7c,W 24 St & 7 Ave,6257.03,-73.99529885,40.74487634,71.0,79,"{'android': 'https://bkn.lft.to/lastmile_qr_scan', 'ios': 'https://bkn.lft.to/lastmile_qr_scan'}","['KEY', 'CREDITCARD']",True,classic,66dc1c5c-0aca-11e7-82f6-3863bb44ef7c,False,[],False
d47c856e-8cda-4da0-b8eb-1ccf0e6ef7ab,Brooklyn Bridge Park - Pier 2,4756.04,-73.997178,40.698458,71.0,31,"{'android': 'https://bkn.lft.to/lastmile_qr_scan', 'ios': 'https://bkn.lft.to/lastmile_qr_scan'}","['KEY', 'CREDITCARD']",True,classic,d47c856e-8cda-4da0-b8eb-1ccf0e6ef7ab,False,[],False
2119506830683992262,Varick St & Watts St,5539.08,-74.006020305859,40.723635749203936,71.0,49,"{'android': 'https://bkn.lft.to/lastmile_qr_scan', 'ios': 'https://bkn.lft.to/lastmile_qr_scan'}","['KEY', 'CREDITCARD']",True,classic,2119506830683992262,False,[],False
66de5e5b-0aca-11e7-82f6-3863bb44ef7c,Plaza St West & Flatbush Ave,4010.13,-73.97111473,40.6750207,71.0,49,"{'android': 'https://bkn.lft.to/lastmile_qr_scan', 'ios': 'https://bkn.lft.to/lastmile_qr_scan'}","['KEY', 'CREDITCARD']",True,classic,66de5e5b-0aca-11e7-82f6-3863bb44ef7c,False,[],False
2206782596968628766,78 Ave & Queens Blvd S,5283.02,-73.83247,40.7149,71.0,29,"{'android': 'https://bkn.lft.to/lastmile_qr_scan', 'ios': 'https://bkn.lft.to/lastmile_qr_scan'}","['KEY', 'CREDITCARD']",False,classic,2206782596968628766,False,[],False
66dbeded-0aca-11e7-82f6-3863bb44ef7c,Lefferts Pl & Franklin Ave,4222.02,-73.9557689392,40.680342423,71.0,25,"{'android': 'https://bkn.lft.to/lastmile_qr_scan', 'ios': 'https://bkn.lft.to/lastmile_qr_scan'}","['KEY', 'CREDITCARD']",True,classic,66dbeded-0aca-11e7-82f6-3863bb44ef7c,False,[],False
1835247196073118026,Ditmars Blvd & 94 St,6978.04,-73.87587,40.7702,71.0,20,"{'android': 'https://bkn.lft.to/lastmile_qr_scan', 'ios': 'https://bkn.lft.to/lastmile_qr_scan'}","['KEY', 'CREDITCARD']",True,classic,1835247196073118026,False,[],False
66de5ace-0aca-11e7-82f6-3863bb44ef7c,Prospect Pl & 6 Ave,4166.08,-73.97519523,40.6793307,71.0,25,"{'android': 'https://bkn.lft.to/lastmile_qr_scan', 'ios': 'https://bkn.lft.to/lastmile_qr_scan'}","['KEY', 'CREDITCARD']",True,classic,66de5ace-0aca-11e7-82f6-3863bb44ef7c,False,[],False
66ddeffd-0aca-11e7-82f6-3863bb44ef7c,14 St & 5 Ave,3771.06,-73.98895053,40.666287,71.0,21,"{'android': 'https://bkn.lft.to/lastmile_qr_scan', 'ios': 'https://bkn.lft.to/lastmile_qr_scan'}","['KEY', 'CREDITCARD']",True,classic,66ddeffd-0aca-11e7-82f6-3863bb44ef7c,False,[],False
8ea09819-cd88-4732-b047-c0549f0b370f,Delancey St & Eldridge St,5414.07,-73.991479,40.719383,71.0,31,"{'android': 'https://bkn.lft.to/lastmile_qr_scan', 'ios': 'https://bkn.lft.to/lastmile_qr_scan'}","['KEY', 'CREDITCARD']",True,classic,8ea09819-cd88-4732-b047-c0549f0b370f,False,[],False
668ef22c-4665-4f42-bf6a-ab9e8a2899b1,Mt Morris Park W & W 120 St,7685.14,-73.945925,40.804038,71.0,27,"{'android': 'https://bkn.lft.to/lastmile_qr_scan', 'ios': 'https://bkn.lft.to/lastmile_qr_scan'}","['KEY', 'CREDITCARD']",True,classic,668ef22c-4665-4f42-bf6a-ab9e8a2899b1,False,[],False
66dc2238-0aca-11e7-82f6-3863bb44ef7c,Broadway & W 58 St,6948.10,-73.98169333,40.76695317,71.0,79,"{'android': 'https://bkn.lft.to/lastmile_qr_scan', 'ios': 'https://bkn.lft.to/lastmile_qr_scan'}","['KEY', 'CREDITCARD']",True,classic,66dc2238-0aca-11e7-82f6-3863bb44ef7c,False,[],False
4dcff9e7-7cb6-4d3d-ad67-c2e4c05933d3,E 156 St & Courtlandt Ave,7940.04,-73.9173299074173,40.82123860172,71.0,23,"{'android': 'https://bkn.lft.to/lastmile_qr_scan', 'ios': 'https://bkn.lft.to/lastmile_qr_scan'}","['KEY', 'CREDITCARD']",True,classic,4dcff9e7-7cb6-4d3d-ad67-c2e4c05933d3,False,[],False
66dcc5ca-0aca-11e7-82f6-3863bb44ef7c,Lewis Ave & Kosciuszko St,4617.01,-73.93705428,40.69237074,71.0,24,"{'android': 'https://bkn.lft.to/lastmile_qr_scan', 'ios': 'https://bkn.lft.to/lastmile_qr_scan'}","['KEY', 'CREDITCARD']",True,classic,66dcc5ca-0aca-11e7-82f6-3863bb44ef7c,False,[],False
e34bb92f-6911-449a-999b-5bc80e0322fe,Hancock St & Stuyvesant Ave,4383.06,-73.9322,40.68454,71.0,19,"{'android': 'https://bkn.lft.to/lastmile_qr_scan', 'ios': 'https://bkn.lft.to/lastmile_qr_scan'}","['KEY', 'CREDITCARD']",True,classic,e34bb92f-6911-449a-999b-5bc80e0322fe,False,[],False
66dc8b6a-0aca-11e7-82f6-3863bb44ef7c,Metropolitan Ave & Bedford Ave,5308.04,-73.96024116,40.71534825,71.0,54,"{'android': 'https://bkn.lft.to/lastmile_qr_scan', 'ios': 'https://bkn.lft.to/lastmile_qr_scan'}","['KEY', 'CREDITCARD']",False,classic,66dc8b6a-0aca-11e7-82f6-3863bb44ef7c,False,[],False
1786375069262703476,Norman Ave & Leonard St,5666.11,-73.950815,40.725819,71.0,31,"{'android': 'https://bkn.lft.to/lastmile_qr_scan', 'ios': 'https://bkn.lft.to/lastmile_qr_scan'}","['KEY', 'CREDITCARD']",False,classic,1786375069262703476,False,[],False
66dc21d4-0aca-11e7-82f6-3863bb44ef7c,E 53 St & Madison Ave,6659.03,-73.97402311,40.7597108,71.0,51,"{'android': 'https://bkn.lft.to/lastmile_qr_scan', 'ios': 'https://bkn.lft.to/lastmile_qr_scan'}","['KEY', 'CREDITCARD']",True,classic,66dc21d4-0aca-11e7-82f6-3863bb44ef7c,False,[],False
47bcbcc1-9241-4e65-99f1-07c15543be1b,Fulton St & Irving Pl,4263.12,-73.959432,40.68186,71.0,31,"{'android': 'https://bkn.lft.to/lastmile_qr_scan', 'ios': 'https://bkn.lft.to/lastmile_qr_scan'}","['KEY', 'CREDITCARD']",False,classic,47bcbcc1-9241-4e65-99f1-07c15543be1b,False,[],False
9e5fd5b6-c5f2-4694-9406-a44b7d0146d9,Kenmare St & Elizabeth St,5453.06,-73.9949,40.72054,71.0,54,"{'android': 'https://bkn.lft.to/lastmile_qr_scan', 'ios': 'https://bkn.lft.to/lastmile_qr_scan'}","['KEY', 'CREDITCARD']",False,classic,9e5fd5b6-c5f2-4694-9406-a44b7d0146d9,False,[],False
79c4a612-a5df-4814-9e6b-6305da61ebc4,Inwood Ave & W 170 St,8233.01,-73.919228,40.840536,71.0,21,"{'android': 'https://bkn.lft.to/lastmile_qr_scan', 'ios': 'https://bkn.lft.to/lastmile_qr_scan'}","['KEY', 'CREDITCARD']",True,classic,79c4a612-a5df-4814-9e6b-6305da61ebc4,False,[],False
66de08c9-0aca-11e7-82f6-3863bb44ef7c,Clinton St & Centre St,4045.01,-74.00194698,40.67434,71.0,21,"{'android': 'https://bkn.lft.to/lastmile_qr_scan', 'ios': 'https://bkn.lft.to/lastmile_qr_scan'}","['KEY', 'CREDITCARD']",True,classic,66de08c9-0aca-11e7-82f6-3863bb44ef7c,False,[],False
5c3c345d-1975-400d-a9d8-18815816886e,5 Ave & E 30 St,6248.08,-73.98629487,40.7459849,71.0,56,"{'android': 'https://bkn.lft.to/lastmile_qr_scan', 'ios': 'https://bkn.lft.to/lastmile_qr_scan'}","['KEY', 'CREDITCARD']",True,classic,5c3c345d-1975-400d-a9d8-18815816886e,False,[],False
062ffe5a-aa91-412d-8210-23d562c7e7f8,72 St & Woodside Ave,6141.02,-73.89283,40.74288,71.0,19,"{'android': 'https://bkn.lft.to/lastmile_qr_scan', 'ios': 'https://bkn.lft.to/lastmile_qr_scan'}","['KEY', 'CREDITCARD']",True,classic,062ffe5a-aa91-412d-8210-23d562c7e7f8,False,[],False
1e3a16ff-65ba-4d34-b3c6-37aff44e085a,Rutgers St & Henry St,5230.02,-73.99009689688683,40.71332151208186,71.0,40,"{'android': 'https://bkn.lft.to/lastmile_qr_scan', 'ios': 'https://bkn.lft.to/lastmile_qr_scan'}","['KEY', 'CREDITCARD']",True,classic,1e3a16ff-65ba-4d34-b3c6-37aff44e085a,False,[],False
2177013822218302292,Knolls Crescent & Kappock St,8809.04,-73.91743,40.87875,71.0,16,"{'android': 'https://bkn.lft.to/lastmile_qr_scan', 'ios': 'https://bkn.lft.to/lastmile_qr_scan'}","['KEY', 'CREDITCARD']",False,classic,2177013822218302292,False,[],False
66dbe7b6-0aca-11e7-82f6-3863bb44ef7c,E 55 St & 2 Ave,6650.07,-73.96603308,40.75797322,71.0,29,"{'android': 'https://bkn.lft.to/lastmile_qr_scan', 'ios': 'https://bkn.lft.to/lastmile_qr_scan'}","['KEY', 'CREDITCARD']",True,classic,66dbe7b6-0aca-11e7-82f6-3863bb44ef7c,False,[],False
dc8223ad-4108-40a8-9ff5-35e8490b4077,Lenox Ave & W 117 St,7655.22,-73.9490782,40.8025566,71.0,45,"{'android': 'https://bkn.lft.to/lastmile_qr_scan', 'ios': 'https://bkn.lft.to/lastmile_qr_scan'}","['KEY', 'CREDITCARD']",False,classic,dc8223ad-4108-40a8-9ff5-35e8490b4077,False,[],False
4d79bdb9-7c35-4d35-9f6e-3c1b849c453a,W 110 St & Amsterdam Ave,7646.04,-73.96295,40.802692,71.0,45,"{'android': 'https://bkn.lft.to/lastmile_qr_scan', 'ios': 'https://bkn.lft.to/lastmile_qr_scan'}","['KEY', 'CREDITCARD']",False,classic,4d79bdb9-7c35-4d35-9f6e-3c1b849c453a,False,[],False
d9ea5210-50b3-4342-9801-f896bd21f4a1,Bainbridge Ave & E 198 St,8649.03,-73.8884559781,40.8684871,71.0,23,"{'android': 'https://bkn.lft.to/lastmile_qr_scan', 'ios': 'https://bkn.lft.to/lastmile_qr_scan'}","['KEY', 'CREDITCARD']",True,classic,d9ea5210-50b3-4342-9801-f896bd21f4a1,False,[],False
66dbf4ac-0aca-11e7-82f6-3863bb44ef7c,E 6 St & Ave D,5506.14,-73.97668709,40.72228087,71.0,45,"{'android': 'https://bkn.lft.to/lastmile_qr_scan', 'ios': 'https://bkn.lft.to/lastmile_qr_scan'}","['KEY', 'CREDITCARD']",False,classic,66dbf4ac-0aca-11e7-82f6-3863bb44ef7c,False,[],False
2250954181269385406,Riverdale Ave & New Lots Ave,3700.07,-73.88851,40.66395,71.0,18,"{'android': 'https://bkn.lft.to/lastmile_qr_scan', 'ios': 'https://bkn.lft.to/lastmile_qr_scan'}","['KEY', 'CREDITCARD']",False,classic,2250954181269385406,False,[],False
2250954559226507458,Hegeman Ave & Vermont St,3629.07,-73.89007,40.66051,71.0,14,"{'android': 'https://bkn.lft.to/lastmile_qr_scan', 'ios': 'https://bkn.lft.to/lastmile_qr_scan'}","['KEY', 'CREDITCARD']",False,classic,2250954559226507458,False,[],False
05b9e7cd-f3a2-4d48-b7c4-f5fbe09d9de3,Broadway & 51 St,6545.07,-73.908906,40.754164,71.0,0,"{'android': 'https://bkn.lft.to/lastmile_qr_scan', 'ios': 'https://bkn.lft.to/lastmile_qr_scan'}","['KEY', 'CREDITCARD']",True,classic,05b9e7cd-f3a2-4d48-b7c4-f5fbe09d9de3,False,[],False
43eac213-4603-4bc2-b6d6-b45013396282,Jay St & York St,4895.09,-73.98672670125961,40.70140317257725,71.0,0,"{'android': 'https://bkn.lft.to/lastmile_qr_scan', 'ios': 'https://bkn.lft.to/lastmile_qr_scan'}","['KEY', 'CREDITCARD']",True,classic,43eac213-4603-4bc2-b6d6-b45013396282,False,[],False
2263851393248119436,6 Ave & W 9 St,5914.09,-73.999108,40.734352,71.0,0,"{'android': 'https://bkn.lft.to/lastmile_qr_scan', 'ios': 'https://bkn.lft.to/lastmile_qr_scan'}","['KEY', 'CREDITCARD']",False,classic,2263851393248119436,False,[],False
2263852962468688316,Lenox Ave & W 121 St,7685.17,-73.947583,40.805192,71.0,0,"{'android': 'https://bkn.lft.to/lastmile_qr_scan', 'ios': 'https://bkn.lft.to/lastmile_qr_scan'}","['KEY', 'CREDITCARD']",False,classic,2263852962468688316,False,[],False
1989279523593928720,Vesey St & Greenwich St,5216.07,-74.01113051087516,40.71254669463547,71.0,111,"{'android': 'https://bkn.lft.to/lastmile_qr_scan', 'ios': 'https://bkn.lft.to/lastmile_qr_scan'}","['KEY', 'CREDITCARD']",True,classic,1989279523593928720,False,[],False
66dbc8f5-0aca-11e7-82f6-3863bb44ef7c,Christopher St & Greenwich St,5847.01,-74.00711384,40.73291553,71.0,74,"{'android': 'https://bkn.lft.to/lastmile_qr_scan', 'ios': 'https://bkn.lft.to/lastmile_qr_scan'}","['KEY', 'CREDITCARD']",True,classic,66dbc8f5-0aca-11e7-82f6-3863bb44ef7c,False,[],False
66ddb41c-0aca-11e7-82f6-3863bb44ef7c,E 80 St & 2 Ave,7121.02,-73.9543953537941,40.77391390238118,71.0,35,"{'android': 'https://bkn.lft.to/lastmile_qr_scan', 'ios': 'https://bkn.lft.to/lastmile_qr_scan'}","['KEY', 'CREDITCARD']",True,classic,66ddb41c-0aca-11e7-82f6-3863bb44ef7c,False,[],False
8dc8c0b3-4d70-40fe-a75a-86e30ecb676b,Caton Ave & E 7 St,3199.01,-73.973663,40.647718,71.0,20,"{'android': 'https://bkn.lft.to/lastmile_qr_scan', 'ios': 'https://bkn.lft.to/lastmile_qr_scan'}","['KEY', 'CREDITCARD']",True,classic,8dc8c0b3-4d70-40fe-a75a-86e30ecb676b,False,[],False
1954778813955578360,Waverly Ave & Lafayette Ave,4461.07,-73.966804,40.688231,71.0,0,"{'android': 'https://bkn.lft.to/lastmile_qr_scan', 'ios': 'https://bkn.lft.to/lastmile_qr_scan'}","['KEY', 'CREDITCARD']",True,classic,1954778813955578360,False,[],False
a35d03cf-bd72-4da4-a4ac-bd25b3f8dce3,DeKalb Ave & Franklin Ave,4528.01,-73.95746178925037,40.69064807082943,71.0,0,"{'android': 'https://bkn.lft.to/lastmile_qr_scan', 'ios': 'https://bkn.lft.to/lastmile_qr_scan'}","['KEY', 'CREDITCARD']",True,classic,a35d03cf-bd72-4da4-a4ac-bd25b3f8dce3,False,[],False
24f431ca-c2a5-46be-966b-b8d4c3e4b346,Stephen St & Seneca Ave,4798.10,-73.9007,40.6988,71.0,15,"{'android': 'https://bkn.lft.to/lastmile_qr_scan', 'ios': 'https://bkn.lft.to/lastmile_qr_scan'}","['KEY', 'CREDITCARD']",True,classic,24f431ca-c2a5-46be-966b-b8d4c3e4b346,False,[],False
2263850474211027056,E 59 St & Lexington Ave,6801.07,-73.968353,40.762355,71.0,0,"{'android': 'https://bkn.lft.to/lastmile_qr_scan', 'ios': 'https://bkn.lft.to/lastmile_qr_scan'}","['KEY', 'CREDITCARD']",False,classic,2263850474211027056,False,[],False
2263854882319069738,West St & Freeman St,5869.08,-73.959851,40.733806,71.0,0,"{'android': 'https://bkn.lft.to/lastmile_qr_scan', 'ios': 'https://bkn.lft.to/lastmile_qr_scan'}","['KEY', 'CREDITCARD']",False,classic,2263854882319069738,False,[],False
2263855303225864754,8 Ave & 11 St,3762.10,-73.980351,40.664512,71.0,0,"{'android': 'https://bkn.lft.to/lastmile_qr_scan', 'ios': 'https://bkn.lft.to/lastmile_qr_scan'}","['KEY', 'CREDITCARD']",False,classic,2263855303225864754,False,[],False
66dc209c-0aca-11e7-82f6-3863bb44ef7c,W 22 St & 8 Ave,6224.03,-73.99915362,40.74475148,71.0,0,"{'android': 'https://bkn.lft.to/lastmile_qr_scan', 'ios': 'https://bkn.lft.to/lastmile_qr_scan'}","['KEY', 'CREDITCARD']",True,classic,66dc209c-0aca-11e7-82f6-3863bb44ef7c,False,[],False
b200a8bf-2d79-4511-9a16-ac41e7245622,2 Ave & 32 St,3532.02,-74.006584,40.659176,71.0,0,"{'android': 'https://bkn.lft.to/lastmile_qr_scan', 'ios': 'https://bkn.lft.to/lastmile_qr_scan'}","['KEY', 'CREDITCARD']",True,classic,b200a8bf-2d79-4511-9a16-ac41e7245622,False,[],False
ab5585c8-c2cf-4bab-96cf-d02eced4f6e3,W 104 St & Amsterdam Ave,7610.13,-73.96649479866028,40.79904139288298,71.0,47,"{'android': 'https://bkn.lft.to/lastmile_qr_scan', 'ios': 'https://bkn.lft.to/lastmile_qr_scan'}","['KEY', 'CREDITCARD']",True,classic,ab5585c8-c2cf-4bab-96cf-d02eced4f6e3,False,[],False
2263847937356951726,Kent Ave & S 10 St,5134.11,-73.968522,40.70837,71.0,81,"{'android': 'https://bkn.lft.to/lastmile_qr_scan', 'ios': 'https://bkn.lft.to/lastmile_qr_scan'}","['KEY', 'CREDITCARD']",True,classic,2263847937356951726,False,[],False
2af3ecc3-4f43-468a-a7cc-bb4804ee3e7a,E 43 St & Madison Ave,6551.11,-73.97896572947502,40.75354681867074,71.0,56,"{'android': 'https://bkn.lft.to/lastmile_qr_scan', 'ios': 'https://bkn.lft.to/lastmile_qr_scan'}","['KEY', 'CREDITCARD']",True,classic,2af3ecc3-4f43-468a-a7cc-bb4804ee3e7a,False,[],False
1960020817312746312,Allen St & Hester St,5343.10,-73.99191,40.71606,71.0,117,"{'android': 'https://bkn.lft.to/lastmile_qr_scan', 'ios': 'https://bkn.lft.to/lastmile_qr_scan'}","['KEY', 'CREDITCARD']",True,classic,1960020817312746312,False,[],False
1823008917260927616,Brooklyn Ave & Tilden Ave,3205.06,-73.94352,40.64725,71.0,24,"{'android': 'https://bkn.lft.to/lastmile_qr_scan', 'ios': 'https://bkn.lft.to/lastmile_qr_scan'}","['KEY', 'CREDITCARD']",True,classic,1823008917260927616,False,[],False
2126624772423916318,101 St & Fort Hamilton Pkwy,1964.01,-74.03282,40.61124,71.0,12,"{'android': 'https://bkn.lft.to/lastmile_qr_scan', 'ios': 'https://bkn.lft.to/lastmile_qr_scan'}","['KEY', 'CREDITCARD']",False,classic,2126624772423916318,False,[],False
74a1dc19-f894-4246-99f1-476a92452995,Carroll St & Washington Ave,3887.03,-73.9618148,40.6686744,71.0,27,"{'android': 'https://bkn.lft.to/lastmile_qr_scan', 'ios': 'https://bkn.lft.to/lastmile_qr_scan'}","['KEY', 'CREDITCARD']",True,classic,74a1dc19-f894-4246-99f1-476a92452995,False,[],False
4dde902d-512c-4e9e-8899-a68424ed87c0,64 St & 3 Ave,2971.02,-74.02324,40.639978,71.0,35,"{'android': 'https://bkn.lft.to/lastmile_qr_scan', 'ios': 'https://bkn.lft.to/lastmile_qr_scan'}","['KEY', 'CREDITCARD']",True,classic,4dde902d-512c-4e9e-8899-a68424ed87c0,False,[],False
1e226f22-034f-4b99-8184-a8eaa591fbd8,E 44 St & Lexington Ave,6464.09,-73.974996,40.752643,71.0,49,"{'android': 'https://bkn.lft.to/lastmile_qr_scan', 'ios': 'https://bkn.lft.to/lastmile_qr_scan'}","['KEY', 'CREDITCARD']",True,classic,1e226f22-034f-4b99-8184-a8eaa591fbd8,False,[],False
b90574d1-e9e7-45be-8adb-e38cb285fea5,Carroll St & Franklin Ave,3847.04,-73.9588,40.6679411,71.0,19,"{'android': 'https://bkn.lft.to/lastmile_qr_scan', 'ios': 'https://bkn.lft.to/lastmile_qr_scan'}","['KEY', 'CREDITCARD']",True,classic,b90574d1-e9e7-45be-8adb-e38cb285fea5,False,[],False
bf5a9ad8-6725-4ade-967d-aba612d423bf,Eastern Pkwy & Rochester Ave,3853.02,-73.9282,40.66846,71.0,24,"{'android': 'https://bkn.lft.to/lastmile_qr_scan', 'ios': 'https://bkn.lft.to/lastmile_qr_scan'}","['KEY', 'CREDITCARD']",True,classic,bf5a9ad8-6725-4ade-967d-aba612d423bf,False,[],False
dba67615-a7e0-4c44-ab1b-b464033ec9b9,Lorimer St & Calyer St,5709.04,-73.95414,40.72795,71.0,20,"{'android': 'https://bkn.lft.to/lastmile_qr_scan', 'ios': 'https://bkn.lft.to/lastmile_qr_scan'}","['KEY', 'CREDITCARD']",True,classic,dba67615-a7e0-4c44-ab1b-b464033ec9b9,False,[],False
2126622876727162948,Ridge Blvd & 82 St,2463.04,-74.0326,40.62711,71.0,12,"{'android': 'https://bkn.lft.to/lastmile_qr_scan', 'ios': 'https://bkn.lft.to/lastmile_qr_scan'}","['KEY', 'CREDITCARD']",False,classic,2126622876727162948,False,[],False
1835247352748090208,Jackson Mill Rd & 24 Ave,6877.05,-73.87561,40.76619,71.0,24,"{'android': 'https://bkn.lft.to/lastmile_qr_scan', 'ios': 'https://bkn.lft.to/lastmile_qr_scan'}","['KEY', 'CREDITCARD']",True,classic,1835247352748090208,False,[],False
66dbf442-0aca-11e7-82f6-3863bb44ef7c,Suffolk St & Stanton St,5445.02,-73.98517977,40.72066442,71.0,79,"{'android': 'https://bkn.lft.to/lastmile_qr_scan', 'ios': 'https://bkn.lft.to/lastmile_qr_scan'}","['KEY', 'CREDITCARD']",True,classic,66dbf442-0aca-11e7-82f6-3863bb44ef7c,False,[],False
b636a06c-c10e-417a-ac22-14cadb8f8993,65 St & Otto Rd,4977.03,-73.89116,40.70389,71.0,21,"{'android': 'https://bkn.lft.to/lastmile_qr_scan', 'ios': 'https://bkn.lft.to/lastmile_qr_scan'}","['KEY', 'CREDITCARD']",True,classic,b636a06c-c10e-417a-ac22-14cadb8f8993,False,[],False
454b4a83-d0b1-42a2-8163-261e2a9d6ab9,Lexington Ave & E 26 St,6089.08,-73.983293,40.741459,71.0,80,"{'android': 'https://bkn.lft.to/lastmile_qr_scan', 'ios': 'https://bkn.lft.to/lastmile_qr_scan'}","['KEY', 'CREDITCARD']",True,classic,454b4a83-d0b1-42a2-8163-261e2a9d6ab9,False,[],False
2124037384760320326,Shore Rd & Narrows Ave,2354.03,-74.04029,40.6222,71.0,12,"{'android': 'https://bkn.lft.to/lastmile_qr_scan', 'ios': 'https://bkn.lft.to/lastmile_qr_scan'}","['KEY', 'CREDITCARD']",False,classic,2124037384760320326,False,[],False
66dc1545-0aca-11e7-82f6-3863bb44ef7c,Hancock St & Bedford Ave,4255.05,-73.95399026,40.68216564,71.0,27,"{'android': 'https://bkn.lft.to/lastmile_qr_scan', 'ios': 'https://bkn.lft.to/lastmile_qr_scan'}","['KEY', 'CREDITCARD']",True,classic,66dc1545-0aca-11e7-82f6-3863bb44ef7c,False,[],False
61be9a4a-737c-413a-9b72-d47b28a366d5,38 St & Northern Blvd,6486.07,-73.925384,40.752372,71.0,23,"{'android': 'https://bkn.lft.to/lastmile_qr_scan', 'ios': 'https://bkn.lft.to/lastmile_qr_scan'}","['KEY', 'CREDITCARD']",True,classic,61be9a4a-737c-413a-9b72-d47b28a366d5,False,[],False
1835249854657874848,31 Ave & 103 St,6763.08,-73.86666,40.76134,71.0,20,"{'android': 'https://bkn.lft.to/lastmile_qr_scan', 'ios': 'https://bkn.lft.to/lastmile_qr_scan'}","['KEY', 'CREDITCARD']",True,classic,1835249854657874848,False,[],False
66dbea8d-0aca-11e7-82f6-3863bb44ef7c,Duffield St & Willoughby St,4596.05,-73.9842844,40.69221589,71.0,48,"{'android': 'https://bkn.lft.to/lastmile_qr_scan', 'ios': 'https://bkn.lft.to/lastmile_qr_scan'}","['KEY', 'CREDITCARD']",True,classic,66dbea8d-0aca-11e7-82f6-3863bb44ef7c,False,[],False
d5ca6311-7471-480f-9c79-38baaafe34ba,Broadway & Kosciuszko St,4608.01,-73.92852,40.69329,71.0,29,"{'android': 'https://bkn.lft.to/lastmile_qr_scan', 'ios': 'https://bkn.lft.to/lastmile_qr_scan'}","['KEY', 'CREDITCARD']",True,classic,d5ca6311-7471-480f-9c79-38baaafe34ba,False,[],False
311269f4-53dc-4f83-b26b-ecb6e8e160ed,Monroe St & Marcus Garvey Blvd,4467.03,-73.938988,40.686722,71.0,20,"{'android': 'https://bkn.lft.to/lastmile_qr_scan', 'ios': 'https://bkn.lft.to/lastmile_qr_scan'}","['KEY', 'CREDITCARD']",True,classic,311269f4-53dc-4f83-b26b-ecb6e8e160ed,False,[],False
66db2953-0aca-11e7-82f6-3863bb44ef7c,Park Ave & St Edwards St,4700.06,-73.97803415,40.69608941,71.0,53,"{'android': 'https://bkn.lft.to/lastmile_qr_scan', 'ios': 'https://bkn.lft.to/lastmile_qr_scan'}","['KEY', 'CREDITCARD']",True,classic,66db2953-0aca-11e7-82f6-3863bb44ef7c,False,[],False
8fc95e31-b025-4d2b-b5aa-240465366480,Grand Concourse & E 144 St,7845.06,-73.927987,40.816576,71.0,23,"{'android': 'https://bkn.lft.to/lastmile_qr_scan', 'ios': 'https://bkn.lft.to/lastmile_qr_scan'}","['KEY', 'CREDITCARD']",True,classic,8fc95e31-b025-4d2b-b5aa-240465366480,False,[],False
56e18295-f760-4bf3-8aa3-5a1e4ebf606f,Bushwick Ave & McKibbin St,5027.02,-73.93936,40.705517,71.0,21,"{'android': 'https://bkn.lft.to/lastmile_qr_scan', 'ios': 'https://bkn.lft.to/lastmile_qr_scan'}","['KEY', 'CREDITCARD']",True,classic,56e18295-f760-4bf3-8aa3-5a1e4ebf606f,False,[],False
66de4408-0aca-11e7-82f6-3863bb44ef7c,President St & Henry St,4307.13,-73.99990419,40.6828003,71.0,25,"{'android': 'https://bkn.lft.to/lastmile_qr_scan', 'ios': 'https://bkn.lft.to/lastmile_qr_scan'}","['KEY', 'CREDITCARD']",True,classic,66de4408-0aca-11e7-82f6-3863bb44ef7c,False,[],False
141ba25c-f4ea-4cec-ae7e-022401e23087,Norman St & Wyckoff Ave,4654.01,-73.90311,40.69517,71.0,15,"{'android': 'https://bkn.lft.to/lastmile_qr_scan', 'ios': 'https://bkn.lft.to/lastmile_qr_scan'}","['KEY', 'CREDITCARD']",True,classic,141ba25c-f4ea-4cec-ae7e-022401e23087,False,[],False
d07790cd-1acd-4f74-b5f1-3d70f8a8a526,50 St & Barnett Ave,6435.03,-73.91349703073502,40.750097682094825,71.0,25,"{'android': 'https://bkn.lft.to/lastmile_qr_scan', 'ios': 'https://bkn.lft.to/lastmile_qr_scan'}","['KEY', 'CREDITCARD']",True,classic,d07790cd-1acd-4f74-b5f1-3d70f8a8a526,False,[],False
720c0d64-7828-4dba-bff9-4d99f4e3a9fc,Central Ave & Weirfield St,4591.04,-73.91181,40.69055,71.0,21,"{'android': 'https://bkn.lft.to/lastmile_qr_scan', 'ios': 'https://bkn.lft.to/lastmile_qr_scan'}","['KEY', 'CREDITCARD']",True,classic,720c0d64-7828-4dba-bff9-4d99f4e3a9fc,False,[],False
e71d152c-c2df-4d3e-a9af-139f2529bac6,E 149 St & Eagle Ave,7793.02,-73.91186,40.814046,71.0,19,"{'android': 'https://bkn.lft.to/lastmile_qr_scan', 'ios': 'https://bkn.lft.to/lastmile_qr_scan'}","['KEY', 'CREDITCARD']",True,classic,e71d152c-c2df-4d3e-a9af-139f2529bac6,False,[],False
b94cc90e-9ca2-4471-8371-23be051e0157,7 Ave & Central Park South,6912.01,-73.9790689945221,40.7667405590595,71.0,81,"{'android': 'https://bkn.lft.to/lastmile_qr_scan', 'ios': 'https://bkn.lft.to/lastmile_qr_scan'}","['KEY', 'CREDITCARD']",True,classic,b94cc90e-9ca2-4471-8371-23be051e0157,False,[],False
f6c33f22-d650-4935-a928-fb693a828b5f,St Nicholas Ave & W 155 St,8085.05,-73.941323,40.830663,71.0,23,"{'android': 'https://bkn.lft.to/lastmile_qr_scan', 'ios': 'https://bkn.lft.to/lastmile_qr_scan'}","['KEY', 'CREDITCARD']",True,classic,f6c33f22-d650-4935-a928-fb693a828b5f,False,[],False
db02e1ea-acc1-4f45-8e3c-d37468b0b5a6,Menahan St & Wyckoff Ave,4890.11,-73.91422,40.70113,71.0,20,"{'android': 'https://bkn.lft.to/lastmile_qr_scan', 'ios': 'https://bkn.lft.to/lastmile_qr_scan'}","['KEY', 'CREDITCARD']",True,classic,db02e1ea-acc1-4f45-8e3c-d37468b0b5a6,False,[],False
66dc0c53-0aca-11e7-82f6-3863bb44ef7c,Carlton Ave & Park Ave,4732.04,-73.97355569,40.69580705,71.0,23,"{'android': 'https://bkn.lft.to/lastmile_qr_scan', 'ios': 'https://bkn.lft.to/lastmile_qr_scan'}","['KEY', 'CREDITCARD']",True,classic,66dc0c53-0aca-11e7-82f6-3863bb44ef7c,False,[],False
66de2131-0aca-11e7-82f6-3863bb44ef7c,5 Ave & E 103 St,7511.19,-73.95249933,40.7922553,71.0,39,"{'android': 'https://bkn.lft.to/lastmile_qr_scan', 'ios': 'https://bkn.lft.to/lastmile_qr_scan'}","['KEY', 'CREDITCARD']",True,classic,66de2131-0aca-11e7-82f6-3863bb44ef7c,False,[],False
1862787990429630662,Giles Pl & Fort Independence St,8786.01,-73.89862,40.87869,71.0,19,"{'android': 'https://bkn.lft.to/lastmile_qr_scan', 'ios': 'https://bkn.lft.to/lastmile_qr_scan'}","['KEY', 'CREDITCARD']",True,classic,1862787990429630662,False,[],False
27c71510-d515-4add-b660-6efd6f225cd1,Sterling Pl & 5 Ave,4208.01,-73.97855266928671,40.678970070475735,71.0,27,"{'android': 'https://bkn.lft.to/lastmile_qr_scan', 'ios': 'https://bkn.lft.to/lastmile_qr_scan'}","['KEY', 'CREDITCARD']",True,classic,27c71510-d515-4add-b660-6efd6f225cd1,False,[],False
2206776530802483646,Austin St & 66 Ave,5600.01,-73.85787,40.72499,71.0,12,"{'android': 'https://bkn.lft.to/lastmile_qr_scan', 'ios': 'https://bkn.lft.to/lastmile_qr_scan'}","['KEY', 'CREDITCARD']",False,classic,2206776530802483646,False,[],False
66db3cab-0aca-11e7-82f6-3863bb44ef7c,Bank St & Washington St,5964.01,-74.00859207,40.7361967,71.0,31,"{'android': 'https://bkn.lft.to/lastmile_qr_scan', 'ios': 'https://bkn.lft.to/lastmile_qr_scan'}","['KEY', 'CREDITCARD']",True,classic,66db3cab-0aca-11e7-82f6-3863bb44ef7c,False,[],False
acfeadeb-73bb-4ec3-b809-78675b01af74,Crown St & Rogers Ave,3768.02,-73.95346,40.66639,71.0,21,"{'android': 'https://bkn.lft.to/lastmile_qr_scan', 'ios': 'https://bkn.lft.to/lastmile_qr_scan'}","['KEY', 'CREDITCARD']",True,classic,acfeadeb-73bb-4ec3-b809-78675b01af74,False,[],False
66dde9af-0aca-11e7-82f6-3863bb44ef7c,6 Ave & 9 St,3803.09,-73.98377641,40.668127,71.0,27,"{'android': 'https://bkn.lft.to/lastmile_qr_scan', 'ios': 'https://bkn.lft.to/lastmile_qr_scan'}","['KEY', 'CREDITCARD']",True,classic,66dde9af-0aca-11e7-82f6-3863bb44ef7c,False,[],False
af626e61-9f83-4602-a9b1-038b1c1430e6,Metropolitan Ave & Flushing Ave,5225.04,-73.91572,40.71334,71.0,19,"{'android': 'https://bkn.lft.to/lastmile_qr_scan', 'ios': 'https://bkn.lft.to/lastmile_qr_scan'}","['KEY', 'CREDITCARD']",True,classic,af626e61-9f83-4602-a9b1-038b1c1430e6,False,[],False
2e74ea1d-02a0-47bf-9665-dce2d65de8d7,W 17 St & 7 Ave,6107.08,-73.99852573871613,40.74056423633952,71.0,47,"{'android': 'https://bkn.lft.to/lastmile_qr_scan', 'ios': 'https://bkn.lft.to/lastmile_qr_scan'}","['KEY', 'CREDITCARD']",True,classic,2e74ea1d-02a0-47bf-9665-dce2d65de8d7,False,[],False
2039088532741595744,Front St & Pine St,4953.08,-74.00613,40.70531,71.0,53,"{'android': 'https://bkn.lft.to/lastmile_qr_scan', 'ios': 'https://bkn.lft.to/lastmile_qr_scan'}","['KEY', 'CREDITCARD']",True,classic,2039088532741595744,False,[],False
6fd84197-56e2-47df-849f-701aca0e7cc3,Sherman Ave & E 166 St,8072.06,-73.91744792461395,40.83130549267296,71.0,19,"{'android': 'https://bkn.lft.to/lastmile_qr_scan', 'ios': 'https://bkn.lft.to/lastmile_qr_scan'}","['KEY', 'CREDITCARD']",True,classic,6fd84197-56e2-47df-849f-701aca0e7cc3,False,[],False
bdefa3e3-aa5a-40eb-b7f8-542de55063e9,43 St & 50 Ave,5983.04,-73.92264068126678,40.73787237950538,71.0,19,"{'android': 'https://bkn.lft.to/lastmile_qr_scan', 'ios': 'https://bkn.lft.to/lastmile_qr_scan'}","['KEY', 'CREDITCARD']",True,classic,bdefa3e3-aa5a-40eb-b7f8-542de55063e9,False,[],False
66de6100-0aca-11e7-82f6-3863bb44ef7c,Douglass St & 3 Ave,4217.02,-73.98432695,40.6802133,71.0,35,"{'android': 'https://bkn.lft.to/lastmile_qr_scan', 'ios': 'https://bkn.lft.to/lastmile_qr_scan'}","['KEY', 'CREDITCARD']",True,classic,66de6100-0aca-11e7-82f6-3863bb44ef7c,False,[],False
40042fb4-6ddd-4f74-bb52-5af3e4e08c8d,Coffey St & Ferris St,4137.14,-74.0170168876648,40.67818387977647,71.0,24,"{'android': 'https://bkn.lft.to/lastmile_qr_scan', 'ios': 'https://bkn.lft.to/lastmile_qr_scan'}","['KEY', 'CREDITCARD']",True,classic,40042fb4-6ddd-4f74-bb52-5af3e4e08c8d,False,[],False
1945125793810207148,Pulaski St & Throop Ave,4625.01,-73.943149,40.693115,71.0,19,"{'android': 'https://bkn.lft.to/lastmile_qr_scan', 'ios': 'https://bkn.lft.to/lastmile_qr_scan'}","['KEY', 'CREDITCARD']",True,classic,1945125793810207148,False,[],False
66db8c10-0aca-11e7-82f6-3863bb44ef7c,E 19 St & 3 Ave,5938.01,-73.98473765,40.73624527,71.0,35,"{'android': 'https://bkn.lft.to/lastmile_qr_scan', 'ios': 'https://bkn.lft.to/lastmile_qr_scan'}","['KEY', 'CREDITCARD']",True,classic,66db8c10-0aca-11e7-82f6-3863bb44ef7c,False,[],False
904930bd-2671-4695-9c1a-8a894b041129,6 Ave & W 45 St,6593.15,-73.982631,40.756951,71.0,66,"{'android': 'https://bkn.lft.to/lastmile_qr_scan', 'ios': 'https://bkn.lft.to/lastmile_qr_scan'}","['KEY', 'CREDITCARD']",True,classic,904930bd-2671-4695-9c1a-8a894b041129,False,[],False
66dd4051-0aca-11e7-82f6-3863bb44ef7c,5 Ave & E 63 St,6904.06,-73.971518,40.766368,71.0,51,"{'android': 'https://bkn.lft.to/lastmile_qr_scan', 'ios': 'https://bkn.lft.to/lastmile_qr_scan'}","['KEY', 'CREDITCARD']",True,classic,66dd4051-0aca-11e7-82f6-3863bb44ef7c,False,[],False
cdb6e2aa-4da3-4ed7-9b13-ce626addf6b0,2 Ave & E 29 St,6122.09,-73.97809267044067,40.74172351097472,71.0,57,"{'android': 'https://bkn.lft.to/lastmile_qr_scan', 'ios': 'https://bkn.lft.to/lastmile_qr_scan'}","['KEY', 'CREDITCARD']",True,classic,cdb6e2aa-4da3-4ed7-9b13-ce626addf6b0,False,[],False
22ac9559-d7f1-4dcd-ae3e-f6caf586a455,42 Pl & Northern Blvd,6520.07,-73.920603,40.753091,71.0,25,"{'android': 'https://bkn.lft.to/lastmile_qr_scan', 'ios': 'https://bkn.lft.to/lastmile_qr_scan'}","['KEY', 'CREDITCARD']",True,classic,22ac9559-d7f1-4dcd-ae3e-f6caf586a455,False,[],False
42bf7170-61ab-44a0-aafe-1b89d7271718,Prospect Park SW & 10 Ave,3611.02,-73.977504,40.659945,71.0,30,"{'android': 'https://bkn.lft.to/lastmile_qr_scan', 'ios': 'https://bkn.lft.to/lastmile_qr_scan'}","['KEY', 'CREDITCARD']",True,classic,42bf7170-61ab-44a0-aafe-1b89d7271718,False,[],False
2250950190425309624,Sutter Ave & Jerome St,3956.05,-73.88626,40.67081,71.0,14,"{'android': 'https://bkn.lft.to/lastmile_qr_scan', 'ios': 'https://bkn.lft.to/lastmile_qr_scan'}","['KEY', 'CREDITCARD']",False,classic,2250950190425309624,False,[],False
b9970fb5-176c-4a66-8772-6d76c4b6245a,Southern Blvd & E 175 St,8196.02,-73.886445,40.839335,71.0,19,"{'android': 'https://bkn.lft.to/lastmile_qr_scan', 'ios': 'https://bkn.lft.to/lastmile_qr_scan'}","['KEY', 'CREDITCARD']",True,classic,b9970fb5-176c-4a66-8772-6d76c4b6245a,False,[],False
1861682960046954694,Bailey Ave & W 234 St,8831.03,-73.90076,40.88066,71.0,25,"{'android': 'https://bkn.lft.to/lastmile_qr_scan', 'ios': 'https://bkn.lft.to/lastmile_qr_scan'}","['KEY', 'CREDITCARD']",True,classic,1861682960046954694,False,[],False
1817432606668538118,E 34 St & Church Ave,3318.05,-73.94577,40.65116,71.0,25,"{'android': 'https://bkn.lft.to/lastmile_qr_scan', 'ios': 'https://bkn.lft.to/lastmile_qr_scan'}","['KEY', 'CREDITCARD']",True,classic,1817432606668538118,False,[],False
2171904301452603832,Hull Ave & E Gun Hill Rd,8805.08,-73.87349,40.87902,71.0,18,"{'android': 'https://bkn.lft.to/lastmile_qr_scan', 'ios': 'https://bkn.lft.to/lastmile_qr_scan'}","['KEY', 'CREDITCARD']",False,classic,2171904301452603832,False,[],False
30985a9c-afe4-4b98-a72c-2c72bb35603e,Greene Ave & Grandview Ave,5106.04,-73.907856,40.709697,71.0,17,"{'android': 'https://bkn.lft.to/lastmile_qr_scan', 'ios': 'https://bkn.lft.to/lastmile_qr_scan'}","['KEY', 'CREDITCARD']",True,classic,30985a9c-afe4-4b98-a72c-2c72bb35603e,False,[],False
1857217122161783302,111 St & 49 Ave,6287.02,-73.85272,40.74612,71.0,30,"{'android': 'https://bkn.lft.to/lastmile_qr_scan', 'ios': 'https://bkn.lft.to/lastmile_qr_scan'}","['KEY', 'CREDITCARD']",True,classic,1857217122161783302,False,[],False
2c2cdc55-52a3-4140-b4d3-8409a98f130f,Evergreen Ave & Noll St,4873.08,-73.93318,40.70106,71.0,25,"{'android': 'https://bkn.lft.to/lastmile_qr_scan', 'ios': 'https://bkn.lft.to/lastmile_qr_scan'}","['KEY', 'CREDITCARD']",True,classic,2c2cdc55-52a3-4140-b4d3-8409a98f130f,False,[],False
66dc7b10-0aca-11e7-82f6-3863bb44ef7c,W 51 St & 6 Ave,6740.10,-73.98042047,40.7606597,71.0,81,"{'android': 'https://bkn.lft.to/lastmile_qr_scan', 'ios': 'https://bkn.lft.to/lastmile_qr_scan'}","['KEY', 'CREDITCARD']",True,classic,66dc7b10-0aca-11e7-82f6-3863bb44ef7c,False,[],False
1822663143025657920,Beverley Rd & Nostrand Ave,3132.09,-73.9488,40.64507,71.0,25,"{'android': 'https://bkn.lft.to/lastmile_qr_scan', 'ios': 'https://bkn.lft.to/lastmile_qr_scan'}","['KEY', 'CREDITCARD']",True,classic,1822663143025657920,False,[],False
7e7d974c-a6ec-4d9a-b4ed-01a4d2056d8b,39 Ave & 54 St,6392.02,-73.90899,40.74891,71.0,19,"{'android': 'https://bkn.lft.to/lastmile_qr_scan', 'ios': 'https://bkn.lft.to/lastmile_qr_scan'}","['KEY', 'CREDITCARD']",True,classic,7e7d974c-a6ec-4d9a-b4ed-01a4d2056d8b,False,[],False
66de5a47-0aca-11e7-82f6-3863bb44ef7c,Bergen St & Flatbush Ave,4281.08,-73.97567331790923,40.680944723477296,71.0,33,"{'android': 'https://bkn.lft.to/lastmile_qr_scan', 'ios': 'https://bkn.lft.to/lastmile_qr_scan'}","['KEY', 'CREDITCARD']",True,classic,66de5a47-0aca-11e7-82f6-3863bb44ef7c,False,[],False
66db30e0-0aca-11e7-82f6-3863bb44ef7c,E 40 St & 5 Ave,6474.11,-73.9816324043,40.752062307,71.0,93,"{'android': 'https://bkn.lft.to/lastmile_qr_scan', 'ios': 'https://bkn.lft.to/lastmile_qr_scan'}","['KEY', 'CREDITCARD']",True,classic,66db30e0-0aca-11e7-82f6-3863bb44ef7c,False,[],False
66dde079-0aca-11e7-82f6-3863bb44ef7c,W 89 St & Columbus Ave,7432.09,-73.97041561,40.7882213,71.0,48,"{'android': 'https://bkn.lft.to/lastmile_qr_scan', 'ios': 'https://bkn.lft.to/lastmile_qr_scan'}","['KEY', 'CREDITCARD']",True,classic,66dde079-0aca-11e7-82f6-3863bb44ef7c,False,[],False
66dbf667-0aca-11e7-82f6-3863bb44ef7c,Pearl St & Hanover Square,4993.02,-74.00926027,40.7047177,71.0,68,"{'android': 'https://bkn.lft.to/lastmile_qr_scan', 'ios': 'https://bkn.lft.to/lastmile_qr_scan'}","['KEY', 'CREDITCARD']",True,classic,66dbf667-0aca-11e7-82f6-3863bb44ef7c,False,[],False
66db9845-0aca-11e7-82f6-3863bb44ef7c,Sullivan St & Washington Sq,5721.01,-73.99906065,40.73047747,71.0,57,"{'android': 'https://bkn.lft.to/lastmile_qr_scan', 'ios': 'https://bkn.lft.to/lastmile_qr_scan'}","['KEY', 'CREDITCARD']",True,classic,66db9845-0aca-11e7-82f6-3863bb44ef7c,False,[],False
c702c094-b08f-449d-a41d-b3724f147491,Pacific St & Nostrand Ave,4140.03,-73.94963,40.6776,71.0,22,"{'android': 'https://bkn.lft.to/lastmile_qr_scan', 'ios': 'https://bkn.lft.to/lastmile_qr_scan'}","['KEY', 'CREDITCARD']",True,classic,c702c094-b08f-449d-a41d-b3724f147491,False,[],False
05969d95-8a64-4007-abf1-afb847f2d426,E 163 St & Union Ave,7970.05,-73.901824,40.822545,71.0,24,"{'android': 'https://bkn.lft.to/lastmile_qr_scan', 'ios': 'https://bkn.lft.to/lastmile_qr_scan'}","['KEY', 'CREDITCARD']",True,classic,05969d95-8a64-4007-abf1-afb847f2d426,False,[],False
5b0b689f-9bd2-4743-b4cc-d4629a9a709b,52 St & 1 Ave,3253.01,-74.020105,40.649292,71.0,22,"{'android': 'https://bkn.lft.to/lastmile_qr_scan', 'ios': 'https://bkn.lft.to/lastmile_qr_scan'}","['KEY', 'CREDITCARD']",True,classic,5b0b689f-9bd2-4743-b4cc-d4629a9a709b,False,[],False
c83e1ef5-776e-417e-8ee2-d08ca121f884,Underhill Ave & Lincoln Pl,4042.08,-73.9671457,40.6740123,71.0,27,"{'android': 'https://bkn.lft.to/lastmile_qr_scan', 'ios': 'https://bkn.lft.to/lastmile_qr_scan'}","['KEY', 'CREDITCARD']",True,classic,c83e1ef5-776e-417e-8ee2-d08ca121f884,False,[],False
daaa3ac1-594c-48d2-9431-a8ced305ed5a,69 St & 43 Ave,6108.03,-73.89564,40.74179,71.0,19,"{'android': 'https://bkn.lft.to/lastmile_qr_scan', 'ios': 'https://bkn.lft.to/lastmile_qr_scan'}","['KEY', 'CREDITCARD']",True,classic,daaa3ac1-594c-48d2-9431-a8ced305ed5a,False,[],False
2241933651126795842,Greenwich St & Christopher St,5847.10,-74.00767,40.7326,71.0,74,"{'android': 'https://bkn.lft.to/lastmile_qr_scan', 'ios': 'https://bkn.lft.to/lastmile_qr_scan'}","['KEY', 'CREDITCARD']",True,classic,2241933651126795842,False,[],False
e6a32ec8-fc8b-4ed6-93a2-3ace3921b89d,50 St & Northern Blvd,6511.03,-73.912402,40.753441,71.0,27,"{'android': 'https://bkn.lft.to/lastmile_qr_scan', 'ios': 'https://bkn.lft.to/lastmile_qr_scan'}","['KEY', 'CREDITCARD']",True,classic,e6a32ec8-fc8b-4ed6-93a2-3ace3921b89d,False,[],False
d5788cfa-817e-4b65-b43f-edda222a3c3c,35 St & 34 Ave,6679.11,-73.9242751,40.7580583,71.0,25,"{'android': 'https://bkn.lft.to/lastmile_qr_scan', 'ios': 'https://bkn.lft.to/lastmile_qr_scan'}","['KEY', 'CREDITCARD']",True,classic,d5788cfa-817e-4b65-b43f-edda222a3c3c,False,[],False
30d6520e-b612-4240-a9ff-eec12b02b263,W 218 St & Indian Rd,8732.04,-73.91837194561958,40.873054589370895,71.0,21,"{'android': 'https://bkn.lft.to/lastmile_qr_scan', 'ios': 'https://bkn.lft.to/lastmile_qr_scan'}","['KEY', 'CREDITCARD']",True,classic,30d6520e-b612-4240-a9ff-eec12b02b263,False,[],False
2241268475567505728,W 19 St & 11 Ave,6233.11,-74.00784343705081,40.74598211712387,71.0,61,"{'android': 'https://bkn.lft.to/lastmile_qr_scan', 'ios': 'https://bkn.lft.to/lastmile_qr_scan'}","['KEY', 'CREDITCARD']",True,classic,2241268475567505728,False,[],False
66de1580-0aca-11e7-82f6-3863bb44ef7c,Grand Army Plaza & Plaza St West,4010.15,-73.97087984,40.6729679,71.0,39,"{'android': 'https://bkn.lft.to/lastmile_qr_scan', 'ios': 'https://bkn.lft.to/lastmile_qr_scan'}","['KEY', 'CREDITCARD']",True,classic,66de1580-0aca-11e7-82f6-3863bb44ef7c,False,[],False
897e8739-ee1d-4b2e-b151-ad7e64e87697,Lenox Ave & W 115 St,7627.10,-73.9500739,40.8011939,71.0,31,"{'android': 'https://bkn.lft.to/lastmile_qr_scan', 'ios': 'https://bkn.lft.to/lastmile_qr_scan'}","['KEY', 'CREDITCARD']",True,classic,897e8739-ee1d-4b2e-b151-ad7e64e87697,False,[],False
36ddce8f-bd83-4a05-b601-b526fb4d8628,Buffalo Ave & St John's Pl,3885.06,-73.92538,40.67015,71.0,21,"{'android': 'https://bkn.lft.to/lastmile_qr_scan', 'ios': 'https://bkn.lft.to/lastmile_qr_scan'}","['KEY', 'CREDITCARD']",True,classic,36ddce8f-bd83-4a05-b601-b526fb4d8628,False,[],False
a11a0000-19cf-4053-b3a1-3a5886d7446c,Flatbush Ave & Ocean Ave,3704.04,-73.963014,40.663657,71.0,41,"{'android': 'https://bkn.lft.to/lastmile_qr_scan', 'ios': 'https://bkn.lft.to/lastmile_qr_scan'}","['KEY', 'CREDITCARD']",True,classic,a11a0000-19cf-4053-b3a1-3a5886d7446c,False,[],False
eef98eb6-f550-49f9-a910-4d2863e6a591,Buchanan Pl & Grand Ave,8535.01,-73.90626,40.85834,71.0,21,"{'android': 'https://bkn.lft.to/lastmile_qr_scan', 'ios': 'https://bkn.lft.to/lastmile_qr_scan'}","['KEY', 'CREDITCARD']",True,classic,eef98eb6-f550-49f9-a910-4d2863e6a591,False,[],False
66dcbb2c-0aca-11e7-82f6-3863bb44ef7c,Albany Ave & Fulton St,4237.02,-73.938475,40.6800105,71.0,27,"{'android': 'https://bkn.lft.to/lastmile_qr_scan', 'ios': 'https://bkn.lft.to/lastmile_qr_scan'}","['KEY', 'CREDITCARD']",True,classic,66dcbb2c-0aca-11e7-82f6-3863bb44ef7c,False,[],False
2053867202510006310,E New York Ave & Utica Ave,3671.01,-73.931755,40.662686,71.0,22,"{'android': 'https://bkn.lft.to/lastmile_qr_scan', 'ios': 'https://bkn.lft.to/lastmile_qr_scan'}","['KEY', 'CREDITCARD']",True,classic,2053867202510006310,False,[],False
067d5007-bda5-4697-b0a2-ccc2837f295c,24 St & 38 Ave,6581.14,-73.936515,40.756351,71.0,19,"{'android': 'https://bkn.lft.to/lastmile_qr_scan', 'ios': 'https://bkn.lft.to/lastmile_qr_scan'}","['KEY', 'CREDITCARD']",True,classic,067d5007-bda5-4697-b0a2-ccc2837f295c,False,[],False
66de1af4-0aca-11e7-82f6-3863bb44ef7c,W 106 St & Amsterdam Ave,7634.01,-73.9664492472,40.8008363,71.0,35,"{'android': 'https://bkn.lft.to/lastmile_qr_scan', 'ios': 'https://bkn.lft.to/lastmile_qr_scan'}","['KEY', 'CREDITCARD']",True,classic,66de1af4-0aca-11e7-82f6-3863bb44ef7c,False,[],False
66de2625-0aca-11e7-82f6-3863bb44ef7c,Central Park North & Adam Clayton Powell Blvd,7617.07,-73.955613,40.799484,71.0,36,"{'android': 'https://bkn.lft.to/lastmile_qr_scan', 'ios': 'https://bkn.lft.to/lastmile_qr_scan'}","['KEY', 'CREDITCARD']",True,classic,66de2625-0aca-11e7-82f6-3863bb44ef7c,False,[],False
10c13fe2-34cb-4aff-bea1-4f5ce877769b,E 142 St & 3 Ave,7781.10,-73.923697,40.812735,71.0,19,"{'android': 'https://bkn.lft.to/lastmile_qr_scan', 'ios': 'https://bkn.lft.to/lastmile_qr_scan'}","['KEY', 'CREDITCARD']",True,classic,10c13fe2-34cb-4aff-bea1-4f5ce877769b,False,[],False
1828969417249358046,100 St & Northern Blvd,6618.02,-73.86843,40.75748,71.0,22,"{'android': 'https://bkn.lft.to/lastmile_qr_scan', 'ios': 'https://bkn.lft.to/lastmile_qr_scan'}","['KEY', 'CREDITCARD']",True,classic,1828969417249358046,False,[],False
09b00240-4c2a-4900-9d09-f13344461c02,31 Pl & Hunters Point Ave,6033.01,-73.93537044525146,40.74021356884924,71.0,19,"{'android': 'https://bkn.lft.to/lastmile_qr_scan', 'ios': 'https://bkn.lft.to/lastmile_qr_scan'}","['KEY', 'CREDITCARD']",True,classic,09b00240-4c2a-4900-9d09-f13344461c02,False,[],False
66de2201-0aca-11e7-82f6-3863bb44ef7c,E 82 St & East End Ave,7049.04,-73.9468208,40.7724607,71.0,33,"{'android': 'https://bkn.lft.to/lastmile_qr_scan', 'ios': 'https://bkn.lft.to/lastmile_qr_scan'}","['KEY', 'CREDITCARD']",True,classic,66de2201-0aca-11e7-82f6-3863bb44ef7c,False,[],False
20f3a578-4dfa-45ca-a917-b394d77ee08e,Greene Ave & Myrtle Ave,4784.02,-73.918877,40.698568,71.0,30,"{'android': 'https://bkn.lft.to/lastmile_qr_scan', 'ios': 'https://bkn.lft.to/lastmile_qr_scan'}","['KEY', 'CREDITCARD']",True,classic,20f3a578-4dfa-45ca-a917-b394d77ee08e,False,[],False
66dbf73d-0aca-11e7-82f6-3863bb44ef7c,Barclay St & Church St,5216.04,-74.01020234,40.71291224,71.0,37,"{'android': 'https://bkn.lft.to/lastmile_qr_scan', 'ios': 'https://bkn.lft.to/lastmile_qr_scan'}","['KEY', 'CREDITCARD']",True,classic,66dbf73d-0aca-11e7-82f6-3863bb44ef7c,False,[],False
d319629d-63cf-4765-9f69-5569f35d6469,60 Pl & Flushing Ave,5431.01,-73.90556,40.71988,71.0,19,"{'android': 'https://bkn.lft.to/lastmile_qr_scan', 'ios': 'https://bkn.lft.to/lastmile_qr_scan'}","['KEY', 'CREDITCARD']",True,classic,d319629d-63cf-4765-9f69-5569f35d6469,False,[],False
2206780420991859398,Queens Blvd N & 72 Rd,5434.07,-73.84044,40.7202,71.0,16,"{'android': 'https://bkn.lft.to/lastmile_qr_scan', 'ios': 'https://bkn.lft.to/lastmile_qr_scan'}","['KEY', 'CREDITCARD']",False,classic,2206780420991859398,False,[],False
66dd9213-0aca-11e7-82f6-3863bb44ef7c,W 82 St & Central Park W,7304.08,-73.97137,40.78275,71.0,45,"{'android': 'https://bkn.lft.to/lastmile_qr_scan', 'ios': 'https://bkn.lft.to/lastmile_qr_scan'}","['KEY', 'CREDITCARD']",True,classic,66dd9213-0aca-11e7-82f6-3863bb44ef7c,False,[],False
66db6e49-0aca-11e7-82f6-3863bb44ef7c,E 58 St & 3 Ave,6762.02,-73.96724467,40.76095756,71.0,49,"{'android': 'https://bkn.lft.to/lastmile_qr_scan', 'ios': 'https://bkn.lft.to/lastmile_qr_scan'}","['KEY', 'CREDITCARD']",True,classic,66db6e49-0aca-11e7-82f6-3863bb44ef7c,False,[],False
1836581628905160976,Elmhurst Ave & Roosevelt Ave,6314.02,-73.87619,40.74864,71.0,22,"{'android': 'https://bkn.lft.to/lastmile_qr_scan', 'ios': 'https://bkn.lft.to/lastmile_qr_scan'}","['KEY', 'CREDITCARD']",True,classic,1836581628905160976,False,[],False
16cbe771-8fca-4437-b9d2-374e00da6c3a,37 Ave & 63 St,6340.09,-73.89981,40.74893,71.0,23,"{'android': 'https://bkn.lft.to/lastmile_qr_scan', 'ios': 'https://bkn.lft.to/lastmile_qr_scan'}","['KEY', 'CREDITCARD']",True,classic,16cbe771-8fca-4437-b9d2-374e00da6c3a,False,[],False
1929513834381415014,Riverside Dr E & W 155 St,8142.03,-73.94834974194816,40.834097985815255,71.0,23,"{'android': 'https://bkn.lft.to/lastmile_qr_scan', 'ios': 'https://bkn.lft.to/lastmile_qr_scan'}","['KEY', 'CREDITCARD']",True,classic,1929513834381415014,False,[],False
21361381-fd4a-44a4-bfa7-61f075192ce9,Cedar St & Myrtle Ave,4751.01,-73.926241,40.697842,71.0,27,"{'android': 'https://bkn.lft.to/lastmile_qr_scan', 'ios': 'https://bkn.lft.to/lastmile_qr_scan'}","['KEY', 'CREDITCARD']",True,classic,21361381-fd4a-44a4-bfa7-61f075192ce9,False,[],False
65e7908a-a73e-4f8e-9967-0d0677f62bc4,Knickerbocker Ave & Moffat St,4582.08,-73.903737,40.690434,71.0,24,"{'android': 'https://bkn.lft.to/lastmile_qr_scan', 'ios': 'https://bkn.lft.to/lastmile_qr_scan'}","['KEY', 'CREDITCARD']",True,classic,65e7908a-a73e-4f8e-9967-0d0677f62bc4,False,[],False
8cb0375d-bcb2-4c90-9773-41c3c8fdf8d8,Grand St & Samuel Dickstein Plaza,5335.07,-73.98417055606842,40.71511871996496,71.0,81,"{'android': 'https://bkn.lft.to/lastmile_qr_scan', 'ios': 'https://bkn.lft.to/lastmile_qr_scan'}","['KEY', 'CREDITCARD']",True,classic,8cb0375d-bcb2-4c90-9773-41c3c8fdf8d8,False,[],False
26568d39-db49-4354-a5c1-c81a3c856285,Lincoln Ave & E 134 St,7712.06,-73.928803,40.808484,71.0,17,"{'android': 'https://bkn.lft.to/lastmile_qr_scan', 'ios': 'https://bkn.lft.to/lastmile_qr_scan'}","['KEY', 'CREDITCARD']",True,classic,26568d39-db49-4354-a5c1-c81a3c856285,False,[],False
fdf21800-6106-4739-b7d5-b379b19e5732,Van Sinderen Ave & Atlantic Ave,4087.01,-73.90351,40.67621,71.0,22,"{'android': 'https://bkn.lft.to/lastmile_qr_scan', 'ios': 'https://bkn.lft.to/lastmile_qr_scan'}","['KEY', 'CREDITCARD']",True,classic,fdf21800-6106-4739-b7d5-b379b19e5732,False,[],False
91ca68bd-5ac1-470b-a26d-1ec98ea9cca4,Crescent St & 34 Ave,6759.15,-73.930562,40.76108,71.0,27,"{'android': 'https://bkn.lft.to/lastmile_qr_scan', 'ios': 'https://bkn.lft.to/lastmile_qr_scan'}","['KEY', 'CREDITCARD']",True,classic,91ca68bd-5ac1-470b-a26d-1ec98ea9cca4,False,[],False
058ee86d-ce2a-4597-99f7-f78f082b33e3,St Nicholas Ave & W 157 St,8085.09,-73.94102,40.832314,71.0,20,"{'android': 'https://bkn.lft.to/lastmile_qr_scan', 'ios': 'https://bkn.lft.to/lastmile_qr_scan'}","['KEY', 'CREDITCARD']",True,classic,058ee86d-ce2a-4597-99f7-f78f082b33e3,False,[],False
ad037fe2-4a28-4b55-863c-229aada0b43a,12 Ave & 36 St,3056.05,-73.986418,40.643546,71.0,21,"{'android': 'https://bkn.lft.to/lastmile_qr_scan', 'ios': 'https://bkn.lft.to/lastmile_qr_scan'}","['KEY', 'CREDITCARD']",True,classic,ad037fe2-4a28-4b55-863c-229aada0b43a,False,[],False
3bfc859b-5c5f-43bc-b2e7-b64ed8ea9ede,24 St & 41 Ave,6505.01,-73.9397405,40.7527085,,19,"{'android': 'https://bkn.lft.to/lastmile_qr_scan', 'ios': 'https://bkn.lft.to/lastmile_qr_scan'}","['KEY', 'CREDITCARD']",True,classic,3bfc859b-5c5f-43bc-b2e7-b64ed8ea9ede,False,[],False
aba6e644-3ac8-4cdc-9bc6-763e9d82dee9,Empire Blvd & New York Ave,3728.04,-73.94769,40.66403,71.0,23,"{'android': 'https://bkn.lft.to/lastmile_qr_scan', 'ios': 'https://bkn.lft.to/lastmile_qr_scan'}","['KEY', 'CREDITCARD']",True,classic,aba6e644-3ac8-4cdc-9bc6-763e9d82dee9,False,[],False
66de1448-0aca-11e7-82f6-3863bb44ef7c,Berkeley Pl & 7 Ave,4051.01,-73.97523209452629,40.675146838709786,71.0,29,"{'android': 'https://bkn.lft.to/lastmile_qr_scan', 'ios': 'https://bkn.lft.to/lastmile_qr_scan'}","['KEY', 'CREDITCARD']",True,classic,66de1448-0aca-11e7-82f6-3863bb44ef7c,False,[],False
74e104fb-1ddc-4f3e-a60b-220b6c4f300b,Madison St & Cypress Ave,4807.02,-73.90742,40.70068,71.0,17,"{'android': 'https://bkn.lft.to/lastmile_qr_scan', 'ios': 'https://bkn.lft.to/lastmile_qr_scan'}","['KEY', 'CREDITCARD']",True,classic,74e104fb-1ddc-4f3e-a60b-220b6c4f300b,False,[],False
95a52ce4-3597-47d1-8d6f-427cb3b8ca6a,W 165 St & Fort Washington Ave,8226.05,-73.942939,40.84004,71.0,27,"{'android': 'https://bkn.lft.to/lastmile_qr_scan', 'ios': 'https://bkn.lft.to/lastmile_qr_scan'}","['KEY', 'CREDITCARD']",True,classic,95a52ce4-3597-47d1-8d6f-427cb3b8ca6a,False,[],False
de449a58-0edf-4d36-91b4-4b313576e945,E 138 St & Willow Ave,7654.04,-73.911545,40.804168,71.0,18,"{'android': 'https://bkn.lft.to/lastmile_qr_scan', 'ios': 'https://bkn.lft.to/lastmile_qr_scan'}","['KEY', 'CREDITCARD']",True,classic,de449a58-0edf-4d36-91b4-4b313576e945,False,[],False
2177016650782707004,Broadway & Lakeview Pl,9029.01,-73.89697,40.89818,71.0,16,"{'android': 'https://bkn.lft.to/lastmile_qr_scan', 'ios': 'https://bkn.lft.to/lastmile_qr_scan'}","['KEY', 'CREDITCARD']",False,classic,2177016650782707004,False,[],False
0f51cb84-e386-44ac-947f-a969f7617d17,W 111 St & 5 Ave,7587.16,-73.9489397406578,40.79752078124756,71.0,24,"{'android': 'https://bkn.lft.to/lastmile_qr_scan', 'ios': 'https://bkn.lft.to/lastmile_qr_scan'}","['KEY', 'CREDITCARD']",True,classic,0f51cb84-e386-44ac-947f-a969f7617d17,False,[],False
8c700e85-cfdb-4eef-ba49-53bd69c004ed,Stockholm St & Wilson Ave,4824.03,-73.923044,40.699304,71.0,23,"{'android': 'https://bkn.lft.to/lastmile_qr_scan', 'ios': 'https://bkn.lft.to/lastmile_qr_scan'}","['KEY', 'CREDITCARD']",True,classic,8c700e85-cfdb-4eef-ba49-53bd69c004ed,False,[],False
97bcf094-ad77-4743-9c94-832c7300c090,E 128 St & 3 Ave,7696.07,-73.934077,40.805631,71.0,19,"{'android': 'https://bkn.lft.to/lastmile_qr_scan', 'ios': 'https://bkn.lft.to/lastmile_qr_scan'}","['KEY', 'CREDITCARD']",True,classic,97bcf094-ad77-4743-9c94-832c7300c090,False,[],False
876683ce-9bce-4fad-8d1c-6b331fa07b5c,Gramercy Park N & Gramercy Park E,6013.12,-73.98509,40.73795,71.0,47,"{'android': 'https://bkn.lft.to/lastmile_qr_scan', 'ios': 'https://bkn.lft.to/lastmile_qr_scan'}","['KEY', 'CREDITCARD']",True,classic,876683ce-9bce-4fad-8d1c-6b331fa07b5c,False,[],False
98af0e1d-ea33-4c6e-95fe-97846e81081e,76 St & 21 Ave,7032.02,-73.893675,40.77028,71.0,21,"{'android': 'https://bkn.lft.to/lastmile_qr_scan', 'ios': 'https://bkn.lft.to/lastmile_qr_scan'}","['KEY', 'CREDITCARD']",True,classic,98af0e1d-ea33-4c6e-95fe-97846e81081e,False,[],False
1851955603137491568,N Portland Ave & Flushing Ave,4771.07,-73.97663,40.697926,71.0,33,"{'android': 'https://bkn.lft.to/lastmile_qr_scan', 'ios': 'https://bkn.lft.to/lastmile_qr_scan'}","['KEY', 'CREDITCARD']",True,classic,1851955603137491568,False,[],False
9157a3bc-43fa-4221-8bb8-17273fc09540,Ditmars Blvd & 79 St,6994.06,-73.890745,40.768728,71.0,25,"{'android': 'https://bkn.lft.to/lastmile_qr_scan', 'ios': 'https://bkn.lft.to/lastmile_qr_scan'}","['KEY', 'CREDITCARD']",True,classic,9157a3bc-43fa-4221-8bb8-17273fc09540,False,[],False
8df41833-c7bf-4171-bdab-58d64f6ade54,E 3 St & Church Ave,3046.03,-73.977433,40.643817,71.0,21,"{'android': 'https://bkn.lft.to/lastmile_qr_scan', 'ios': 'https://bkn.lft.to/lastmile_qr_scan'}","['KEY', 'CREDITCARD']",True,classic,8df41833-c7bf-4171-bdab-58d64f6ade54,False,[],False
1860187692409078310,Crotona Pkwy & Elsmere Pl,8252.03,-73.8855,40.84188,71.0,25,"{'android': 'https://bkn.lft.to/lastmile_qr_scan', 'ios': 'https://bkn.lft.to/lastmile_qr_scan'}","['KEY', 'CREDITCARD']",True,classic,1860187692409078310,False,[],False
2a47ef14-1cbe-4ec6-841d-cc277627fe20,Fulton St & Waverly Ave,4345.11,-73.96599590778351,40.68323865460341,71.0,31,"{'android': 'https://bkn.lft.to/lastmile_qr_scan', 'ios': 'https://bkn.lft.to/lastmile_qr_scan'}","['KEY', 'CREDITCARD']",True,classic,2a47ef14-1cbe-4ec6-841d-cc277627fe20,False,[],False
653ba606-f397-41e6-adc4-f775bf2d0c9f,Herkimer St & New York Ave,4172.04,-73.94709,40.67955,71.0,25,"{'android': 'https://bkn.lft.to/lastmile_qr_scan', 'ios': 'https://bkn.lft.to/lastmile_qr_scan'}","['KEY', 'CREDITCARD']",True,classic,653ba606-f397-41e6-adc4-f775bf2d0c9f,False,[],False
cd4b8e12-b2c7-479b-900d-59cf7d8c4276,Stewart Ave & Johnson Ave,5123.07,-73.92587,40.70869,71.0,17,"{'android': 'https://bkn.lft.to/lastmile_qr_scan', 'ios': 'https://bkn.lft.to/lastmile_qr_scan'}","['KEY', 'CREDITCARD']",True,classic,cd4b8e12-b2c7-479b-900d-59cf7d8c4276,False,[],False
3bf91ca1-14fd-4e51-858e-36a203f1af2a,Grove St & Fresh Pond Rd,5168.04,-73.89955,40.71032,71.0,19,"{'android': 'https://bkn.lft.to/lastmile_qr_scan', 'ios': 'https://bkn.lft.to/lastmile_qr_scan'}","['KEY', 'CREDITCARD']",True,classic,3bf91ca1-14fd-4e51-858e-36a203f1af2a,False,[],False
2208187693892730258,8 Ave & W 55 St,6884.06,-73.983846,40.765591,71.0,71,"{'android': 'https://bkn.lft.to/lastmile_qr_scan', 'ios': 'https://bkn.lft.to/lastmile_qr_scan'}","['KEY', 'CREDITCARD']",True,classic,2208187693892730258,False,[],False
66dbe250-0aca-11e7-82f6-3863bb44ef7c,Willoughby Ave & Walworth St,4634.02,-73.95381995,40.69331716,71.0,19,"{'android': 'https://bkn.lft.to/lastmile_qr_scan', 'ios': 'https://bkn.lft.to/lastmile_qr_scan'}","['KEY', 'CREDITCARD']",True,classic,66dbe250-0aca-11e7-82f6-3863bb44ef7c,False,[],False
2177017859487560566,Riverdale Ave & W 263 St,9095.02,-73.90272,40.91239,71.0,18,"{'android': 'https://bkn.lft.to/lastmile_qr_scan', 'ios': 'https://bkn.lft.to/lastmile_qr_scan'}","['KEY', 'CREDITCARD']",False,classic,2177017859487560566,False,[],False
66dea4bf-0aca-11e7-82f6-3863bb44ef7c,Bayard St & Leonard St,5442.05,-73.94885390996933,40.71915571696044,71.0,43,"{'android': 'https://bkn.lft.to/lastmile_qr_scan', 'ios': 'https://bkn.lft.to/lastmile_qr_scan'}","['KEY', 'CREDITCARD']",True,classic,66dea4bf-0aca-11e7-82f6-3863bb44ef7c,False,[],False
18d980e5-ba08-4bc3-832e-03eb71865768,Riverside Dr & Broadway,8616.06,-73.92791,40.865364,71.0,24,"{'android': 'https://bkn.lft.to/lastmile_qr_scan', 'ios': 'https://bkn.lft.to/lastmile_qr_scan'}","['KEY', 'CREDITCARD']",True,classic,18d980e5-ba08-4bc3-832e-03eb71865768,False,[],False
66db316a-0aca-11e7-82f6-3863bb44ef7c,Henry St & Atlantic Ave,4531.05,-73.99612349,40.69089272,71.0,23,"{'android': 'https://bkn.lft.to/lastmile_qr_scan', 'ios': 'https://bkn.lft.to/lastmile_qr_scan'}","['KEY', 'CREDITCARD']",True,classic,66db316a-0aca-11e7-82f6-3863bb44ef7c,False,[],False
9341ee1c-d456-4858-a451-70cbbd73d084,Bushwick Ave & Furman Ave,4317.05,-73.90623,40.68281,71.0,30,"{'android': 'https://bkn.lft.to/lastmile_qr_scan', 'ios': 'https://bkn.lft.to/lastmile_qr_scan'}","['KEY', 'CREDITCARD']",True,classic,9341ee1c-d456-4858-a451-70cbbd73d084,False,[],False
403c310e-26d5-4db5-9928-13c38b25053d,7 Ave & 22 St,3515.01,-73.989605,40.658029,71.0,25,"{'android': 'https://bkn.lft.to/lastmile_qr_scan', 'ios': 'https://bkn.lft.to/lastmile_qr_scan'}","['KEY', 'CREDITCARD']",True,classic,403c310e-26d5-4db5-9928-13c38b25053d,False,[],False
1861681435029604706,W 230 St & Marble Hill Ave,8806.01,-73.90796,40.87807,71.0,23,"{'android': 'https://bkn.lft.to/lastmile_qr_scan', 'ios': 'https://bkn.lft.to/lastmile_qr_scan'}","['KEY', 'CREDITCARD']",True,classic,1861681435029604706,False,[],False
a6287af0-9a9e-4708-b61f-8e758be4b914,31 Ave & Crescent St,6893.10,-73.9265474,40.7658346,71.0,21,"{'android': 'https://bkn.lft.to/lastmile_qr_scan', 'ios': 'https://bkn.lft.to/lastmile_qr_scan'}","['KEY', 'CREDITCARD']",True,classic,a6287af0-9a9e-4708-b61f-8e758be4b914,False,[],False
2235294598225548332,Mother Gaston Blvd & Lott Ave,3533.02,-73.90412,40.65838,71.0,15,"{'android': 'https://bkn.lft.to/lastmile_qr_scan', 'ios': 'https://bkn.lft.to/lastmile_qr_scan'}","['KEY', 'CREDITCARD']",False,classic,2235294598225548332,False,[],False
1848241332086049696,Case St & 94 St,6273.03,-73.87193,40.74619,71.0,21,"{'android': 'https://bkn.lft.to/lastmile_qr_scan', 'ios': 'https://bkn.lft.to/lastmile_qr_scan'}","['KEY', 'CREDITCARD']",True,classic,1848241332086049696,False,[],False
1d977221-b2b5-4fa2-bba0-b00136834fb3,River Ave & McClellan St,8111.07,-73.92243,40.83406,71.0,21,"{'android': 'https://bkn.lft.to/lastmile_qr_scan', 'ios': 'https://bkn.lft.to/lastmile_qr_scan'}","['KEY', 'CREDITCARD']",True,classic,1d977221-b2b5-4fa2-bba0-b00136834fb3,False,[],False
50e05a9f-dce6-4315-a10d-1fa786fc18ee,Central Park W & W 97 St,7538.18,-73.96417066463071,40.79249519495111,71.0,53,"{'android': 'https://bkn.lft.to/lastmile_qr_scan', 'ios': 'https://bkn.lft.to/lastmile_qr_scan'}","['KEY', 'CREDITCARD']",True,classic,50e05a9f-dce6-4315-a10d-1fa786fc18ee,False,[],False
6bc5598a-9eb8-44d2-adc0-d93b93af1924,Broadway & W 220 St,8715.01,-73.912807,40.872412,71.0,19,"{'android': 'https://bkn.lft.to/lastmile_qr_scan', 'ios': 'https://bkn.lft.to/lastmile_qr_scan'}","['KEY', 'CREDITCARD']",True,classic,6bc5598a-9eb8-44d2-adc0-d93b93af1924,False,[],False
66dc8c90-0aca-11e7-82f6-3863bb44ef7c,E 23 St & 1 Ave,5929.01,-73.97809472,40.736502,71.0,27,"{'android': 'https://bkn.lft.to/lastmile_qr_scan', 'ios': 'https://bkn.lft.to/lastmile_qr_scan'}","['KEY', 'CREDITCARD']",True,classic,66dc8c90-0aca-11e7-82f6-3863bb44ef7c,False,[],False
1c82b223-42ba-4d15-8e8a-bd8ae2a57cde,24 St & 5 Ave,3555.04,-73.995068,40.659555,71.0,19,"{'android': 'https://bkn.lft.to/lastmile_qr_scan', 'ios': 'https://bkn.lft.to/lastmile_qr_scan'}","['KEY', 'CREDITCARD']",True,classic,1c82b223-42ba-4d15-8e8a-bd8ae2a57cde,False,[],False
6f484a9d-c535-451e-a18f-f3afdc0a27af,Gold St & Frankfort St,5137.12,-74.00354147,40.71069995,71.0,40,"{'android': 'https://bkn.lft.to/lastmile_qr_scan', 'ios': 'https://bkn.lft.to/lastmile_qr_scan'}","['KEY', 'CREDITCARD']",True,classic,6f484a9d-c535-451e-a18f-f3afdc0a27af,False,[],False
cb04be8e-8edc-4c9d-bfc0-76f94e3a3d9b,Main St & Plymouth St,4936.21,-73.99073392152786,40.70378167354831,71.0,45,"{'android': 'https://bkn.lft.to/lastmile_qr_scan', 'ios': 'https://bkn.lft.to/lastmile_qr_scan'}","['KEY', 'CREDITCARD']",True,classic,cb04be8e-8edc-4c9d-bfc0-76f94e3a3d9b,False,[],False
1828968199249922252,86 St & 35 Ave,6475.07,-73.88093,40.7523,71.0,21,"{'android': 'https://bkn.lft.to/lastmile_qr_scan', 'ios': 'https://bkn.lft.to/lastmile_qr_scan'}","['KEY', 'CREDITCARD']",True,classic,1828968199249922252,False,[],False
66db4158-0aca-11e7-82f6-3863bb44ef7c,Mott St & Prince St,5561.04,-73.99480012,40.72317958,71.0,39,"{'android': 'https://bkn.lft.to/lastmile_qr_scan', 'ios': 'https://bkn.lft.to/lastmile_qr_scan'}","['KEY', 'CREDITCARD']",True,classic,66db4158-0aca-11e7-82f6-3863bb44ef7c,False,[],False
344064f8-e82f-40fb-b235-aff506b77ae5,Morgan Ave & Lombardy St,5503.01,-73.93889,40.72226,71.0,30,"{'android': 'https://bkn.lft.to/lastmile_qr_scan', 'ios': 'https://bkn.lft.to/lastmile_qr_scan'}","['KEY', 'CREDITCARD']",True,classic,344064f8-e82f-40fb-b235-aff506b77ae5,False,[],False
1877651952425321214,Bronx Park S & Bryant Ave,8284.01,-73.87796,40.84437,71.0,19,"{'android': 'https://bkn.lft.to/lastmile_qr_scan', 'ios': 'https://bkn.lft.to/lastmile_qr_scan'}","['KEY', 'CREDITCARD']",True,classic,1877651952425321214,False,[],False
66ddb7bf-0aca-11e7-82f6-3863bb44ef7c,Montague St & Clinton St,4677.06,-73.9923272,40.6942715,71.0,49,"{'android': 'https://bkn.lft.to/lastmile_qr_scan', 'ios': 'https://bkn.lft.to/lastmile_qr_scan'}","['KEY', 'CREDITCARD']",True,classic,66ddb7bf-0aca-11e7-82f6-3863bb44ef7c,False,[],False
308e055a-b8aa-447d-8803-8677c88af0ba,New York Ave & Hawthorne St,3504.02,-73.94735,40.65794,71.0,20,"{'android': 'https://bkn.lft.to/lastmile_qr_scan', 'ios': 'https://bkn.lft.to/lastmile_qr_scan'}","['KEY', 'CREDITCARD']",True,classic,308e055a-b8aa-447d-8803-8677c88af0ba,False,[],False
2235287898076566470,E 52 St & Winthrop St,3558.01,-73.92919,40.65831,71.0,12,"{'android': 'https://bkn.lft.to/lastmile_qr_scan', 'ios': 'https://bkn.lft.to/lastmile_qr_scan'}","['KEY', 'CREDITCARD']",False,classic,2235287898076566470,False,[],False
6db97fde-68ae-4d2b-b121-b7c17838bbe7,Grand Ave & W 181 St,8500.01,-73.907302,40.856302,71.0,19,"{'android': 'https://bkn.lft.to/lastmile_qr_scan', 'ios': 'https://bkn.lft.to/lastmile_qr_scan'}","['KEY', 'CREDITCARD']",True,classic,6db97fde-68ae-4d2b-b121-b7c17838bbe7,False,[],False
b1f67e5c-7c26-4bf3-a90e-1500a3160d60,Myrtle Ave & Grove St,4816.05,-73.91516,40.69905,71.0,23,"{'android': 'https://bkn.lft.to/lastmile_qr_scan', 'ios': 'https://bkn.lft.to/lastmile_qr_scan'}","['KEY', 'CREDITCARD']",True,classic,b1f67e5c-7c26-4bf3-a90e-1500a3160d60,False,[],False
9e9acfaf-0bbf-4bc2-a825-b2befb6bee55,8 Ave & W 27 St,6297.07,-73.996637,40.747968,71.0,33,"{'android': 'https://bkn.lft.to/lastmile_qr_scan', 'ios': 'https://bkn.lft.to/lastmile_qr_scan'}","['KEY', 'CREDITCARD']",True,classic,9e9acfaf-0bbf-4bc2-a825-b2befb6bee55,False,[],False
1828968691399885056,87 St & 30 Ave,6780.06,-73.88167,40.76156,71.0,21,"{'android': 'https://bkn.lft.to/lastmile_qr_scan', 'ios': 'https://bkn.lft.to/lastmile_qr_scan'}","['KEY', 'CREDITCARD']",True,classic,1828968691399885056,False,[],False
490ca6cc-c2a2-4838-acf0-4704ed60dc51,W 47 St & 9 Ave,6786.02,-73.99007007479668,40.76153045158114,71.0,54,"{'android': 'https://bkn.lft.to/lastmile_qr_scan', 'ios': 'https://bkn.lft.to/lastmile_qr_scan'}","['KEY', 'CREDITCARD']",True,classic,490ca6cc-c2a2-4838-acf0-4704ed60dc51,False,[],False
1817627670084542818,Rogers Ave & Lenox Rd,3400.04,-73.95270188179111,40.65378286163502,71.0,23,"{'android': 'https://bkn.lft.to/lastmile_qr_scan', 'ios': 'https://bkn.lft.to/lastmile_qr_scan'}","['KEY', 'CREDITCARD']",True,classic,1817627670084542818,False,[],False
b3a9057e-7ff6-4117-b96e-e71c173cf1e9,Brook Ave & E 148 St,7816.14,-73.915368,40.814383,71.0,20,"{'android': 'https://bkn.lft.to/lastmile_qr_scan', 'ios': 'https://bkn.lft.to/lastmile_qr_scan'}","['KEY', 'CREDITCARD']",True,classic,b3a9057e-7ff6-4117-b96e-e71c173cf1e9,False,[],False
b5010362-af16-4357-8fb7-5958576954c0,Parade Pl & Crooke Ave,3376.02,-73.965248,40.651847,71.0,30,"{'android': 'https://bkn.lft.to/lastmile_qr_scan', 'ios': 'https://bkn.lft.to/lastmile_qr_scan'}","['KEY', 'CREDITCARD']",True,classic,b5010362-af16-4357-8fb7-5958576954c0,False,[],False
01a1343d-9c7b-4a83-8a5a-a600187f19c4,Riverside Dr & W 138 St,7942.21,-73.955857,40.823168,71.0,30,"{'android': 'https://bkn.lft.to/lastmile_qr_scan', 'ios': 'https://bkn.lft.to/lastmile_qr_scan'}","['KEY', 'CREDITCARD']",True,classic,01a1343d-9c7b-4a83-8a5a-a600187f19c4,False,[],False
1431ec5c-242d-401b-b672-dbf95155999b,Townsend Ave & E 175 St,8323.05,-73.911359,40.84741,71.0,19,"{'android': 'https://bkn.lft.to/lastmile_qr_scan', 'ios': 'https://bkn.lft.to/lastmile_qr_scan'}","['KEY', 'CREDITCARD']",True,classic,1431ec5c-242d-401b-b672-dbf95155999b,False,[],False
8a24490d-d5c5-4bac-9e36-56967834fc10,Featherbed Ln & Nelson Ave,8327.15,-73.919637,40.846011,71.0,22,"{'android': 'https://bkn.lft.to/lastmile_qr_scan', 'ios': 'https://bkn.lft.to/lastmile_qr_scan'}","['KEY', 'CREDITCARD']",True,classic,8a24490d-d5c5-4bac-9e36-56967834fc10,False,[],False
c1c33a35-751f-4dd6-baef-82db46f7ab46,Henry St & Middagh St,4861.05,-73.991581,40.7003,71.0,34,"{'android': 'https://bkn.lft.to/lastmile_qr_scan', 'ios': 'https://bkn.lft.to/lastmile_qr_scan'}","['KEY', 'CREDITCARD']",True,classic,c1c33a35-751f-4dd6-baef-82db46f7ab46,False,[],False
05c5e17c-7aa9-49b7-9da3-9db4858ec1fc,W 35 St & 9 Ave,6569.09,-73.9960889518261,40.75414519263519,71.0,32,"{'android': 'https://bkn.lft.to/lastmile_qr_scan', 'ios': 'https://bkn.lft.to/lastmile_qr_scan'}","['KEY', 'CREDITCARD']",False,classic,05c5e17c-7aa9-49b7-9da3-9db4858ec1fc,False,[],False
1786698815186893280,Broadway & Kent Ave,5134.09,-73.968329,40.710888,71.0,35,"{'android': 'https://bkn.lft.to/lastmile_qr_scan', 'ios': 'https://bkn.lft.to/lastmile_qr_scan'}","['KEY', 'CREDITCARD']",True,classic,1786698815186893280,False,[],False
c7be2714-14db-421f-a19e-f6a7bf6e8d26,25 Ave & 41 St,6943.07,-73.910963,40.767666,71.0,23,"{'android': 'https://bkn.lft.to/lastmile_qr_scan', 'ios': 'https://bkn.lft.to/lastmile_qr_scan'}","['KEY', 'CREDITCARD']",True,classic,c7be2714-14db-421f-a19e-f6a7bf6e8d26,False,[],False
c9c09ed0-0a52-4d6a-a999-b0848874e51f,Fort Washington Ave & W 183 St,8399.06,-73.937854,40.852252,71.0,30,"{'android': 'https://bkn.lft.to/lastmile_qr_scan', 'ios': 'https://bkn.lft.to/lastmile_qr_scan'}","['KEY', 'CREDITCARD']",True,classic,c9c09ed0-0a52-4d6a-a999-b0848874e51f,False,[],False
66de871c-0aca-11e7-82f6-3863bb44ef7c,Riverside Dr & W 91 St,7524.16,-73.97700369358063,40.79313480986663,71.0,59,"{'android': 'https://bkn.lft.to/lastmile_qr_scan', 'ios': 'https://bkn.lft.to/lastmile_qr_scan'}","['KEY', 'CREDITCARD']",True,classic,66de871c-0aca-11e7-82f6-3863bb44ef7c,False,[],False
1869754004195029842,E 182 St & Belmont Ave,8410.10,-73.88793,40.85089,71.0,22,"{'android': 'https://bkn.lft.to/lastmile_qr_scan', 'ios': 'https://bkn.lft.to/lastmile_qr_scan'}","['KEY', 'CREDITCARD']",True,classic,1869754004195029842,False,[],False
1828967717120678322,81 St & 34 Ave,6561.01,-73.88604,40.75374,71.0,25,"{'android': 'https://bkn.lft.to/lastmile_qr_scan', 'ios': 'https://bkn.lft.to/lastmile_qr_scan'}","['KEY', 'CREDITCARD']",True,classic,1828967717120678322,False,[],False
1838617691511229014,81 St & 35 Ave,6442.08,-73.88568,40.75179,71.0,25,"{'android': 'https://bkn.lft.to/lastmile_qr_scan', 'ios': 'https://bkn.lft.to/lastmile_qr_scan'}","['KEY', 'CREDITCARD']",True,classic,1838617691511229014,False,[],False
4780d9d1-b886-4e72-9d18-cb152f73e10a,5 Ave & W 139 St,7851.04,-73.935856,40.815484,71.0,20,"{'android': 'https://bkn.lft.to/lastmile_qr_scan', 'ios': 'https://bkn.lft.to/lastmile_qr_scan'}","['KEY', 'CREDITCARD']",True,classic,4780d9d1-b886-4e72-9d18-cb152f73e10a,False,[],False
66db3a1e-0aca-11e7-82f6-3863bb44ef7c,Great Jones St,5636.11,-73.99379025,40.72743423,71.0,23,"{'android': 'https://bkn.lft.to/lastmile_qr_scan', 'ios': 'https://bkn.lft.to/lastmile_qr_scan'}","['KEY', 'CREDITCARD']",True,classic,66db3a1e-0aca-11e7-82f6-3863bb44ef7c,False,[],False
66de1295-0aca-11e7-82f6-3863bb44ef7c,Pioneer St & Richards St,4128.08,-74.0094613,40.6777748,71.0,23,"{'android': 'https://bkn.lft.to/lastmile_qr_scan', 'ios': 'https://bkn.lft.to/lastmile_qr_scan'}","['KEY', 'CREDITCARD']",True,classic,66de1295-0aca-11e7-82f6-3863bb44ef7c,False,[],False
1e590819-53fd-415c-bc28-aed605ad3bcb,Skillman Ave & 43 Ave,6300.04,-73.93215849995613,40.74653761978055,71.0,19,"{'android': 'https://bkn.lft.to/lastmile_qr_scan', 'ios': 'https://bkn.lft.to/lastmile_qr_scan'}","['KEY', 'CREDITCARD']",True,classic,1e590819-53fd-415c-bc28-aed605ad3bcb,False,[],False
17aeb1e3-fd18-4cf9-9473-17dfa5b0a312,Union St & Bedford Ave,3879.04,-73.9554162,40.6691783,71.0,24,"{'android': 'https://bkn.lft.to/lastmile_qr_scan', 'ios': 'https://bkn.lft.to/lastmile_qr_scan'}","['KEY', 'CREDITCARD']",True,classic,17aeb1e3-fd18-4cf9-9473-17dfa5b0a312,False,[],False
16280b32-7e5b-4a18-930b-212eac10faaa,Old Broadway & W 133 St,7881.09,-73.955277,40.818212,71.0,20,"{'android': 'https://bkn.lft.to/lastmile_qr_scan', 'ios': 'https://bkn.lft.to/lastmile_qr_scan'}","['KEY', 'CREDITCARD']",True,classic,16280b32-7e5b-4a18-930b-212eac10faaa,False,[],False
78ec2f0d-c309-46d4-8808-7eb1a0674e38,Concourse Village East & E 158 St,8000.02,-73.919379,40.823732,71.0,31,"{'android': 'https://bkn.lft.to/lastmile_qr_scan', 'ios': 'https://bkn.lft.to/lastmile_qr_scan'}","['KEY', 'CREDITCARD']",True,classic,78ec2f0d-c309-46d4-8808-7eb1a0674e38,False,[],False
2a9e2320-083d-4044-aedf-0c15ecfefe61,Van Buren St & Broadway,4568.01,-73.92617,40.692,71.0,24,"{'android': 'https://bkn.lft.to/lastmile_qr_scan', 'ios': 'https://bkn.lft.to/lastmile_qr_scan'}","['KEY', 'CREDITCARD']",True,classic,2a9e2320-083d-4044-aedf-0c15ecfefe61,False,[],False
1879859065051787718,Fresh Pond Rd & Eliot Ave,5280.03,-73.90097,40.71442,71.0,20,"{'android': 'https://bkn.lft.to/lastmile_qr_scan', 'ios': 'https://bkn.lft.to/lastmile_qr_scan'}","['KEY', 'CREDITCARD']",True,classic,1879859065051787718,False,[],False
29b21bd8-2459-4727-b1f0-d73592db3321,Beaver St & Fayette St,4840.06,-73.93921,40.70099,71.0,30,"{'android': 'https://bkn.lft.to/lastmile_qr_scan', 'ios': 'https://bkn.lft.to/lastmile_qr_scan'}","['KEY', 'CREDITCARD']",True,classic,29b21bd8-2459-4727-b1f0-d73592db3321,False,[],False
1900647078394106472,McKeever Pl & Sullivan Pl,3776.10,-73.95921791486467,40.66432331577469,71.0,19,"{'android': 'https://bkn.lft.to/lastmile_qr_scan', 'ios': 'https://bkn.lft.to/lastmile_qr_scan'}","['KEY', 'CREDITCARD']",True,classic,1900647078394106472,False,[],False
ecb2eebe-67c0-43b8-baae-71abb1a0ec6a,W 135 St & Lenox Terrace Pl,7832.04,-73.939336,40.813619,71.0,29,"{'android': 'https://bkn.lft.to/lastmile_qr_scan', 'ios': 'https://bkn.lft.to/lastmile_qr_scan'}","['KEY', 'CREDITCARD']",True,classic,ecb2eebe-67c0-43b8-baae-71abb1a0ec6a,False,[],False
46a1ff6c-6131-414a-9ef6-65a8db7d305f,7 Ave & 40 St,3266.01,-74.000057,40.648169,71.0,24,"{'android': 'https://bkn.lft.to/lastmile_qr_scan', 'ios': 'https://bkn.lft.to/lastmile_qr_scan'}","['KEY', 'CREDITCARD']",True,classic,46a1ff6c-6131-414a-9ef6-65a8db7d305f,False,[],False
dfe2c398-ff5c-4a8d-83c8-fa18801540d8,Plaza Dr & W 170 St,8213.01,-73.917946,40.840484,71.0,30,"{'android': 'https://bkn.lft.to/lastmile_qr_scan', 'ios': 'https://bkn.lft.to/lastmile_qr_scan'}","['KEY', 'CREDITCARD']",True,classic,dfe2c398-ff5c-4a8d-83c8-fa18801540d8,False,[],False
6661108f-28eb-4671-ad0c-36a311d325aa,Rogers Pl & E 165 St,7987.14,-73.8974027708582,40.82388366441761,71.0,19,"{'android': 'https://bkn.lft.to/lastmile_qr_scan', 'ios': 'https://bkn.lft.to/lastmile_qr_scan'}","['KEY', 'CREDITCARD']",True,classic,6661108f-28eb-4671-ad0c-36a311d325aa,False,[],False
1882736039096477712,44 Dr & 21 St,6319.03,-73.946705,40.748036,71.0,39,"{'android': 'https://bkn.lft.to/lastmile_qr_scan', 'ios': 'https://bkn.lft.to/lastmile_qr_scan'}","['KEY', 'CREDITCARD']",True,classic,1882736039096477712,False,[],False
a04bf523-3c76-4fad-88bf-e99037f9b796,23 Ave & 27 St,7178.02,-73.9153175,40.776165,71.0,21,"{'android': 'https://bkn.lft.to/lastmile_qr_scan', 'ios': 'https://bkn.lft.to/lastmile_qr_scan'}","['KEY', 'CREDITCARD']",True,classic,a04bf523-3c76-4fad-88bf-e99037f9b796,False,[],False
2235291073270819780,Riverdale Ave & E 98 St,3583.04,-73.91685,40.65984,71.0,16,"{'android': 'https://bkn.lft.to/lastmile_qr_scan', 'ios': 'https://bkn.lft.to/lastmile_qr_scan'}","['KEY', 'CREDITCARD']",False,classic,2235291073270819780,False,[],False
8ce7325e-d5c7-46f9-9b73-95356e48c3eb,Longwood Ave & Southern Blvd,7849.10,-73.896447,40.816343,71.0,24,"{'android': 'https://bkn.lft.to/lastmile_qr_scan', 'ios': 'https://bkn.lft.to/lastmile_qr_scan'}","['KEY', 'CREDITCARD']",True,classic,8ce7325e-d5c7-46f9-9b73-95356e48c3eb,False,[],False
bfea6c5b-2e1a-42c5-8199-2ded6042d57b,Frederick Douglass Blvd & W 129 St,7795.09,-73.9492286,40.8125511,71.0,27,"{'android': 'https://bkn.lft.to/lastmile_qr_scan', 'ios': 'https://bkn.lft.to/lastmile_qr_scan'}","['KEY', 'CREDITCARD']",True,classic,bfea6c5b-2e1a-42c5-8199-2ded6042d57b,False,[],False
0096fecb-3a56-4585-9204-aa9554f7bc49,E 5 St & Ave A,5626.06,-73.98430064320564,40.72479007746337,71.0,48,"{'android': 'https://bkn.lft.to/lastmile_qr_scan', 'ios': 'https://bkn.lft.to/lastmile_qr_scan'}","['KEY', 'CREDITCARD']",True,classic,0096fecb-3a56-4585-9204-aa9554f7bc49,False,[],False
eb6c2359-4825-4bf4-8f2d-8b6dd2bf4212,E 7 St & Ave C,5545.01,-73.97901266813278,40.72412944090093,71.0,38,"{'android': 'https://bkn.lft.to/lastmile_qr_scan', 'ios': 'https://bkn.lft.to/lastmile_qr_scan'}","['KEY', 'CREDITCARD']",True,classic,eb6c2359-4825-4bf4-8f2d-8b6dd2bf4212,False,[],False
66dcf897-0aca-11e7-82f6-3863bb44ef7c,Graham Ave & Conselyea St,5291.05,-73.944507,40.715143,71.0,30,"{'android': 'https://bkn.lft.to/lastmile_qr_scan', 'ios': 'https://bkn.lft.to/lastmile_qr_scan'}","['KEY', 'CREDITCARD']",True,classic,66dcf897-0aca-11e7-82f6-3863bb44ef7c,False,[],False
1947313784686131504,Icahn Stadium Plaza,7514.06,-73.92396,40.79322,71.0,19,"{'android': 'https://bkn.lft.to/lastmile_qr_scan', 'ios': 'https://bkn.lft.to/lastmile_qr_scan'}","['KEY', 'CREDITCARD']",True,classic,1947313784686131504,False,[],False
aa8270ec-4441-47d2-854b-5852e65fae66,Macombs Rd & Featherbed Ln,8307.05,-73.91722,40.84552,71.0,19,"{'android': 'https://bkn.lft.to/lastmile_qr_scan', 'ios': 'https://bkn.lft.to/lastmile_qr_scan'}","['KEY', 'CREDITCARD']",True,classic,aa8270ec-4441-47d2-854b-5852e65fae66,False,[],False
1791472201147965920,W 54 St & 6 Ave,6771.13,-73.977242,40.761865,71.0,63,"{'android': 'https://bkn.lft.to/lastmile_qr_scan', 'ios': 'https://bkn.lft.to/lastmile_qr_scan'}","['KEY', 'CREDITCARD']",True,classic,1791472201147965920,False,[],False
66dc86d9-0aca-11e7-82f6-3863bb44ef7c,Forsyth St & Broome St,5453.05,-73.99266288,40.71893904,71.0,66,"{'android': 'https://bkn.lft.to/lastmile_qr_scan', 'ios': 'https://bkn.lft.to/lastmile_qr_scan'}","['KEY', 'CREDITCARD']",True,classic,66dc86d9-0aca-11e7-82f6-3863bb44ef7c,False,[],False
39112ced-337f-4b71-9df6-291cd4265cc9,Winthrop St & Nostrand Ave,3544.02,-73.95005,40.65707,71.0,24,"{'android': 'https://bkn.lft.to/lastmile_qr_scan', 'ios': 'https://bkn.lft.to/lastmile_qr_scan'}","['KEY', 'CREDITCARD']",True,classic,39112ced-337f-4b71-9df6-291cd4265cc9,False,[],False
66dd470b-0aca-11e7-82f6-3863bb44ef7c,E 81 St & York Ave,7084.12,-73.94989233,40.7728384,71.0,47,"{'android': 'https://bkn.lft.to/lastmile_qr_scan', 'ios': 'https://bkn.lft.to/lastmile_qr_scan'}","['KEY', 'CREDITCARD']",True,classic,66dd470b-0aca-11e7-82f6-3863bb44ef7c,False,[],False
1ddadf67-ae08-4e86-bdda-236629b9eabd,Brooklyn Ave & Prospect Pl,4057.04,-73.94447,40.67412,71.0,25,"{'android': 'https://bkn.lft.to/lastmile_qr_scan', 'ios': 'https://bkn.lft.to/lastmile_qr_scan'}","['KEY', 'CREDITCARD']",True,classic,1ddadf67-ae08-4e86-bdda-236629b9eabd,False,[],False
016ee47a-4871-4209-91cb-bf3ceeddc991,St Felix Ave & 61 St,4719.04,-73.8936,40.69715,71.0,19,"{'android': 'https://bkn.lft.to/lastmile_qr_scan', 'ios': 'https://bkn.lft.to/lastmile_qr_scan'}","['KEY', 'CREDITCARD']",True,classic,016ee47a-4871-4209-91cb-bf3ceeddc991,False,[],False
1882735162923150168,46 Rd & 11 St,6245.08,-73.950752,40.745805,71.0,25,"{'android': 'https://bkn.lft.to/lastmile_qr_scan', 'ios': 'https://bkn.lft.to/lastmile_qr_scan'}","['KEY', 'CREDITCARD']",True,classic,1882735162923150168,False,[],False
66dc0d3a-0aca-11e7-82f6-3863bb44ef7c,Clermont Ave & Park Ave,4692.01,-73.97129668,40.69573398,71.0,19,"{'android': 'https://bkn.lft.to/lastmile_qr_scan', 'ios': 'https://bkn.lft.to/lastmile_qr_scan'}","['KEY', 'CREDITCARD']",True,classic,66dc0d3a-0aca-11e7-82f6-3863bb44ef7c,False,[],False
19002a4c-3229-450b-ad69-76948696e60d,E 167 St & Franklin Ave,8048.01,-73.90521,40.82895,71.0,20,"{'android': 'https://bkn.lft.to/lastmile_qr_scan', 'ios': 'https://bkn.lft.to/lastmile_qr_scan'}","['KEY', 'CREDITCARD']",True,classic,19002a4c-3229-450b-ad69-76948696e60d,False,[],False
66de56e5-0aca-11e7-82f6-3863bb44ef7c,Bond St & Bergen St,4404.10,-73.98620772,40.6849668,71.0,27,"{'android': 'https://bkn.lft.to/lastmile_qr_scan', 'ios': 'https://bkn.lft.to/lastmile_qr_scan'}","['KEY', 'CREDITCARD']",True,classic,66de56e5-0aca-11e7-82f6-3863bb44ef7c,False,[],False
66dd2556-0aca-11e7-82f6-3863bb44ef7c,46 Ave & 5 St,6286.02,-73.95451,40.74731,71.0,43,"{'android': 'https://bkn.lft.to/lastmile_qr_scan', 'ios': 'https://bkn.lft.to/lastmile_qr_scan'}","['KEY', 'CREDITCARD']",True,classic,66dd2556-0aca-11e7-82f6-3863bb44ef7c,False,[],False
1b28836b-29fd-47a7-9a98-44cd792918fb,Driggs Ave & N 9 St,5411.08,-73.95520135760307,40.71816969454208,71.0,51,"{'android': 'https://bkn.lft.to/lastmile_qr_scan', 'ios': 'https://bkn.lft.to/lastmile_qr_scan'}","['KEY', 'CREDITCARD']",True,classic,1b28836b-29fd-47a7-9a98-44cd792918fb,False,[],False
3bdd81c8-3112-45e6-ae72-11a3f4fa5921,Lincoln Pl & Nostrand Ave,3952.07,-73.9507,40.67077,71.0,25,"{'android': 'https://bkn.lft.to/lastmile_qr_scan', 'ios': 'https://bkn.lft.to/lastmile_qr_scan'}","['KEY', 'CREDITCARD']",True,classic,3bdd81c8-3112-45e6-ae72-11a3f4fa5921,False,[],False
66dbe3a2-0aca-11e7-82f6-3863bb44ef7c,John St & William St,5065.04,-74.00722156,40.70862144,71.0,63,"{'android': 'https://bkn.lft.to/lastmile_qr_scan', 'ios': 'https://bkn.lft.to/lastmile_qr_scan'}","['KEY', 'CREDITCARD']",True,classic,66dbe3a2-0aca-11e7-82f6-3863bb44ef7c,False,[],False
66dd42eb-0aca-11e7-82f6-3863bb44ef7c,1 Ave & E 68 St,6822.09,-73.95818491,40.76500525,71.0,63,"{'android': 'https://bkn.lft.to/lastmile_qr_scan', 'ios': 'https://bkn.lft.to/lastmile_qr_scan'}","['KEY', 'CREDITCARD']",True,classic,66dd42eb-0aca-11e7-82f6-3863bb44ef7c,False,"[{'id': '66dd42eb-0aca-11e7-82f6-3863bb44ef7c', 'service_type': 'ATTENDED_SERVICE', 'docks_availability': 'UNLIMITED', 'bikes_availability': 'UNLIMITED', 'off_dock_bikes_count': 116, 'off_dock_remaining_bike_capacity': 4294967292, 'name': 'Valet Service', 'description': ''}]",False
4cd5a87d-7618-4a15-892d-8cf29eec865c,Tyler Ave & Maurice Ave,5881.01,-73.90128,40.73394,71.0,19,"{'android': 'https://bkn.lft.to/lastmile_qr_scan', 'ios': 'https://bkn.lft.to/lastmile_qr_scan'}","['KEY', 'CREDITCARD']",True,classic,4cd5a87d-7618-4a15-892d-8cf29eec865c,False,[],False
0e82ab9f-8c93-4302-b9df-342f8135a05c,W 204 St & Nagle Ave,8579.03,-73.920827,40.863211,71.0,20,"{'android': 'https://bkn.lft.to/lastmile_qr_scan', 'ios': 'https://bkn.lft.to/lastmile_qr_scan'}","['KEY', 'CREDITCARD']",True,classic,0e82ab9f-8c93-4302-b9df-342f8135a05c,False,[],False
3c21925c-d68e-497c-b501-982d3eb3e852,W 204 St & Vermilyea Ave,8632.07,-73.922648,40.866141,71.0,22,"{'android': 'https://bkn.lft.to/lastmile_qr_scan', 'ios': 'https://bkn.lft.to/lastmile_qr_scan'}","['KEY', 'CREDITCARD']",True,classic,3c21925c-d68e-497c-b501-982d3eb3e852,False,[],False
66dbc982-0aca-11e7-82f6-3863bb44ef7c,E 47 St & Park Ave,6584.12,-73.97498696,40.75510267,71.0,81,"{'android': 'https://bkn.lft.to/lastmile_qr_scan', 'ios': 'https://bkn.lft.to/lastmile_qr_scan'}","['KEY', 'CREDITCARD']",True,classic,66dbc982-0aca-11e7-82f6-3863bb44ef7c,False,"[{'id': '66dbc982-0aca-11e7-82f6-3863bb44ef7c', 'service_type': 'ATTENDED_SERVICE', 'docks_availability': 'UNLIMITED', 'bikes_availability': 'UNLIMITED', 'off_dock_bikes_count': 121, 'off_dock_remaining_bike_capacity': 4294967295, 'name': 'Valet Service', 'description': ''}]",False
89171660-8cef-443f-8f75-67503532d1ce,E 161 St & Park Ave,7979.17,-73.916407,40.824811,71.0,21,"{'android': 'https://bkn.lft.to/lastmile_qr_scan', 'ios': 'https://bkn.lft.to/lastmile_qr_scan'}","['KEY', 'CREDITCARD']",True,classic,89171660-8cef-443f-8f75-67503532d1ce,False,[],False
66de47bf-0aca-11e7-82f6-3863bb44ef7c,Commerce St & Van Brunt St,4243.01,-74.00860912,40.6812117,71.0,19,"{'android': 'https://bkn.lft.to/lastmile_qr_scan', 'ios': 'https://bkn.lft.to/lastmile_qr_scan'}","['KEY', 'CREDITCARD']",True,classic,66de47bf-0aca-11e7-82f6-3863bb44ef7c,False,[],False
2250953519844421810,New Lots Ave & Ashford St,3804.01,-73.88341,40.66602,71.0,16,"{'android': 'https://bkn.lft.to/lastmile_qr_scan', 'ios': 'https://bkn.lft.to/lastmile_qr_scan'}","['KEY', 'CREDITCARD']",False,classic,2250953519844421810,False,[],False
833bc8bc-3c32-4481-9c14-9a88aa7accec,W 36 St & 9 Ave,6569.07,-73.99516761302948,40.75462324029105,71.0,43,"{'android': 'https://bkn.lft.to/lastmile_qr_scan', 'ios': 'https://bkn.lft.to/lastmile_qr_scan'}","['KEY', 'CREDITCARD']",True,classic,833bc8bc-3c32-4481-9c14-9a88aa7accec,False,[],False
72196024-6f2b-45cb-9764-609911c7dc0b,Broadway & W 61 St,7014.12,-73.9819684624672,40.77003010255044,71.0,52,"{'android': 'https://bkn.lft.to/lastmile_qr_scan', 'ios': 'https://bkn.lft.to/lastmile_qr_scan'}","['KEY', 'CREDITCARD']",True,classic,72196024-6f2b-45cb-9764-609911c7dc0b,False,[],False
84b30f68-5404-453a-ae86-a2baff03a2c9,Bainbridge Ave & Bedford Park Blvd,8682.06,-73.88565,40.87002,71.0,19,"{'android': 'https://bkn.lft.to/lastmile_qr_scan', 'ios': 'https://bkn.lft.to/lastmile_qr_scan'}","['KEY', 'CREDITCARD']",True,classic,84b30f68-5404-453a-ae86-a2baff03a2c9,False,[],False
5d049d4b-0736-4323-834a-1b2454bd6551,54 St & 37 Ave,6468.01,-73.90799,40.75098,71.0,25,"{'android': 'https://bkn.lft.to/lastmile_qr_scan', 'ios': 'https://bkn.lft.to/lastmile_qr_scan'}","['KEY', 'CREDITCARD']",True,classic,5d049d4b-0736-4323-834a-1b2454bd6551,False,[],False
faf021ad-9de5-44bd-b7f5-48127e8d5fea,Metropolitan Ave & Vandervoort Ave,5241.02,-73.93323,40.71429,71.0,24,"{'android': 'https://bkn.lft.to/lastmile_qr_scan', 'ios': 'https://bkn.lft.to/lastmile_qr_scan'}","['KEY', 'CREDITCARD']",True,classic,faf021ad-9de5-44bd-b7f5-48127e8d5fea,False,[],False
aa120a3a-9f2b-4dfc-a88b-384bbb66838a,4 Ave & 17 St,3739.06,-73.993037,40.665507,71.0,23,"{'android': 'https://bkn.lft.to/lastmile_qr_scan', 'ios': 'https://bkn.lft.to/lastmile_qr_scan'}","['KEY', 'CREDITCARD']",True,classic,aa120a3a-9f2b-4dfc-a88b-384bbb66838a,False,[],False
2123940513700131194,4 Ave & 81 St,2453.05,-74.02707,40.62643,71.0,18,"{'android': 'https://bkn.lft.to/lastmile_qr_scan', 'ios': 'https://bkn.lft.to/lastmile_qr_scan'}","['KEY', 'CREDITCARD']",False,classic,2123940513700131194,False,[],False
2250949889777598900,Sutter Ave & Sheffield Ave,3891.02,-73.89608,40.66916,71.0,12,"{'android': 'https://bkn.lft.to/lastmile_qr_scan', 'ios': 'https://bkn.lft.to/lastmile_qr_scan'}","['KEY', 'CREDITCARD']",False,classic,2250949889777598900,False,[],False
2126274178538511162,Ridge Blvd & 89 St,2345.04,-74.03477,40.62194,71.0,12,"{'android': 'https://bkn.lft.to/lastmile_qr_scan', 'ios': 'https://bkn.lft.to/lastmile_qr_scan'}","['KEY', 'CREDITCARD']",False,classic,2126274178538511162,False,[],False
66dd1ad8-0aca-11e7-82f6-3863bb44ef7c,N 15 St & Wythe Ave,5520.09,-73.955736,40.724055,71.0,54,"{'android': 'https://bkn.lft.to/lastmile_qr_scan', 'ios': 'https://bkn.lft.to/lastmile_qr_scan'}","['KEY', 'CREDITCARD']",True,classic,66dd1ad8-0aca-11e7-82f6-3863bb44ef7c,False,[],False
66db3f01-0aca-11e7-82f6-3863bb44ef7c,Willoughby Ave & Hall St,4611.03,-73.96536851,40.69196035,71.0,51,"{'android': 'https://bkn.lft.to/lastmile_qr_scan', 'ios': 'https://bkn.lft.to/lastmile_qr_scan'}","['KEY', 'CREDITCARD']",True,classic,66db3f01-0aca-11e7-82f6-3863bb44ef7c,False,[],False
38975061-0d90-43a3-87c1-8905b374d5d9,Lexington Ave & E 128 St,7716.19,-73.936085,40.806414,71.0,24,"{'android': 'https://bkn.lft.to/lastmile_qr_scan', 'ios': 'https://bkn.lft.to/lastmile_qr_scan'}","['KEY', 'CREDITCARD']",True,classic,38975061-0d90-43a3-87c1-8905b374d5d9,False,[],False
1835249964093653018,100 St & Humphreys St,6905.02,-73.87012,40.76574,71.0,23,"{'android': 'https://bkn.lft.to/lastmile_qr_scan', 'ios': 'https://bkn.lft.to/lastmile_qr_scan'}","['KEY', 'CREDITCARD']",True,classic,1835249964093653018,False,[],False
e15a5c77-70b0-4b9d-9eae-f10ddda7d994,Jerome Ave & E Mosholu Pkwy S,8795.01,-73.88534,40.87935,71.0,23,"{'android': 'https://bkn.lft.to/lastmile_qr_scan', 'ios': 'https://bkn.lft.to/lastmile_qr_scan'}","['KEY', 'CREDITCARD']",True,classic,e15a5c77-70b0-4b9d-9eae-f10ddda7d994,False,[],False
2235288376268302064,Rockaway Pkwy & Rutland Rd,3774.06,-73.92376,40.66455,71.0,20,"{'android': 'https://bkn.lft.to/lastmile_qr_scan', 'ios': 'https://bkn.lft.to/lastmile_qr_scan'}","['KEY', 'CREDITCARD']",False,classic,2235288376268302064,False,[],False
66dc36c3-0aca-11e7-82f6-3863bb44ef7c,W 20 St & 8 Ave,6224.05,-74.00004031,40.74345335,71.0,84,"{'android': 'https://bkn.lft.to/lastmile_qr_scan', 'ios': 'https://bkn.lft.to/lastmile_qr_scan'}","['KEY', 'CREDITCARD']",True,classic,66dc36c3-0aca-11e7-82f6-3863bb44ef7c,False,[],False
c0b541ae-9e66-4739-babb-483180747dc2,48 Ave & 37 St,6067.01,-73.92886072397232,40.74034668087185,71.0,19,"{'android': 'https://bkn.lft.to/lastmile_qr_scan', 'ios': 'https://bkn.lft.to/lastmile_qr_scan'}","['KEY', 'CREDITCARD']",True,classic,c0b541ae-9e66-4739-babb-483180747dc2,False,[],False
88c1303b-3349-4591-bf08-c7e40cf3537a,Hudson Blvd W & W 36 St,6611.07,-73.99971440439913,40.75676475086503,71.0,47,"{'android': 'https://bkn.lft.to/lastmile_qr_scan', 'ios': 'https://bkn.lft.to/lastmile_qr_scan'}","['KEY', 'CREDITCARD']",True,classic,88c1303b-3349-4591-bf08-c7e40cf3537a,False,[],False
66dd4981-0aca-11e7-82f6-3863bb44ef7c,East End Ave & E 86 St,7113.08,-73.94446054,40.77518615,71.0,27,"{'android': 'https://bkn.lft.to/lastmile_qr_scan', 'ios': 'https://bkn.lft.to/lastmile_qr_scan'}","['KEY', 'CREDITCARD']",True,classic,66dd4981-0aca-11e7-82f6-3863bb44ef7c,False,[],False
d56a8542-048a-4aca-ac7f-f27a9e6c908b,Newtown Ave & 23 St,7026.08,-73.9246145,40.7713615,71.0,27,"{'android': 'https://bkn.lft.to/lastmile_qr_scan', 'ios': 'https://bkn.lft.to/lastmile_qr_scan'}","['KEY', 'CREDITCARD']",True,classic,d56a8542-048a-4aca-ac7f-f27a9e6c908b,False,[],False
08b9c491-a589-4e75-996c-2455c26fb356,Audubon Ave & W 179 St,8316.02,-73.933291,40.847305,71.0,21,"{'android': 'https://bkn.lft.to/lastmile_qr_scan', 'ios': 'https://bkn.lft.to/lastmile_qr_scan'}","['KEY', 'CREDITCARD']",True,classic,08b9c491-a589-4e75-996c-2455c26fb356,False,[],False
1906248765431831024,82 St & Broadway,6132.01,-73.88296,40.74281,71.0,30,"{'android': 'https://bkn.lft.to/lastmile_qr_scan', 'ios': 'https://bkn.lft.to/lastmile_qr_scan'}","['KEY', 'CREDITCARD']",True,classic,1906248765431831024,False,[],False
b6a4770e-9077-4a0e-a0fb-b45b1d457559,Thompson St & Bleecker St,5721.07,-73.99968780577183,40.72840059450829,71.0,61,"{'android': 'https://bkn.lft.to/lastmile_qr_scan', 'ios': 'https://bkn.lft.to/lastmile_qr_scan'}","['KEY', 'CREDITCARD']",True,classic,b6a4770e-9077-4a0e-a0fb-b45b1d457559,False,[],False
0183d7d4-9e11-4429-94db-666a31239871,W 155 St & Frederick Douglass Blvd,8065.13,-73.936996,40.82923,71.0,31,"{'android': 'https://bkn.lft.to/lastmile_qr_scan', 'ios': 'https://bkn.lft.to/lastmile_qr_scan'}","['KEY', 'CREDITCARD']",True,classic,0183d7d4-9e11-4429-94db-666a31239871,False,[],False
2206778041579977376,110 St & 68 Ave,5701.01,-73.84429,40.72774,71.0,12,"{'android': 'https://bkn.lft.to/lastmile_qr_scan', 'ios': 'https://bkn.lft.to/lastmile_qr_scan'}","['KEY', 'CREDITCARD']",False,classic,2206778041579977376,False,[],False
533f25a0-514f-456f-9d87-5fdcb4ee42f4,Summerfield St & Cypress Ave,4727.06,-73.90056,40.69662,71.0,19,"{'android': 'https://bkn.lft.to/lastmile_qr_scan', 'ios': 'https://bkn.lft.to/lastmile_qr_scan'}","['KEY', 'CREDITCARD']",True,classic,533f25a0-514f-456f-9d87-5fdcb4ee42f4,False,[],False
b3c8aaaf-6e1c-4f56-9391-b79e883b8009,51 St & Hobart St,6662.09,-73.90769943594933,40.75767234025041,71.0,22,"{'android': 'https://bkn.lft.to/lastmile_qr_scan', 'ios': 'https://bkn.lft.to/lastmile_qr_scan'}","['KEY', 'CREDITCARD']",True,classic,b3c8aaaf-6e1c-4f56-9391-b79e883b8009,False,[],False
2176372377229409502,Broadway & W 36 St,6441.11,-73.98772201748262,40.751226078126,71.0,60,"{'android': 'https://bkn.lft.to/lastmile_qr_scan', 'ios': 'https://bkn.lft.to/lastmile_qr_scan'}","['KEY', 'CREDITCARD']",True,classic,2176372377229409502,False,[],False
17c45d34-0d8d-46ba-9078-e9a2a7c5867c,Grand Concourse & E 167 St,8126.07,-73.917641,40.834263,71.0,30,"{'android': 'https://bkn.lft.to/lastmile_qr_scan', 'ios': 'https://bkn.lft.to/lastmile_qr_scan'}","['KEY', 'CREDITCARD']",True,classic,17c45d34-0d8d-46ba-9078-e9a2a7c5867c,False,[],False
3134bce7-0bb9-4a45-9c87-60a8cb681d72,Central Ave & Woodbine St,4632.10,-73.91605,40.69296,71.0,18,"{'android': 'https://bkn.lft.to/lastmile_qr_scan', 'ios': 'https://bkn.lft.to/lastmile_qr_scan'}","['KEY', 'CREDITCARD']",True,classic,3134bce7-0bb9-4a45-9c87-60a8cb681d72,False,[],False
78e93937-53d1-4c9b-99ad-0460f908ed2d,Pierrepont St & Monroe Pl,4718.08,-73.99344027042389,40.69535693320225,71.0,24,"{'android': 'https://bkn.lft.to/lastmile_qr_scan', 'ios': 'https://bkn.lft.to/lastmile_qr_scan'}","['KEY', 'CREDITCARD']",True,classic,78e93937-53d1-4c9b-99ad-0460f908ed2d,False,[],False
9789dc0f-1eb6-4830-bda9-1ce5f1413e19,6 Ave & 55 St,3000.08,-74.010996,40.640831,71.0,19,"{'android': 'https://bkn.lft.to/lastmile_qr_scan', 'ios': 'https://bkn.lft.to/lastmile_qr_scan'}","['KEY', 'CREDITCARD']",True,classic,9789dc0f-1eb6-4830-bda9-1ce5f1413e19,False,[],False
ab79da3d-f92a-42de-a76d-e05b5d7e724c,Broadway & W 153 St,8089.05,-73.946665,40.831327,71.0,20,"{'android': 'https://bkn.lft.to/lastmile_qr_scan', 'ios': 'https://bkn.lft.to/lastmile_qr_scan'}","['KEY', 'CREDITCARD']",True,classic,ab79da3d-f92a-42de-a76d-e05b5d7e724c,False,[],False
60a061d5-d984-4573-af3c-2054f4f59e94,Ditmars Blvd & 48 St,6935.01,-73.901001,40.769219,71.0,19,"{'android': 'https://bkn.lft.to/lastmile_qr_scan', 'ios': 'https://bkn.lft.to/lastmile_qr_scan'}","['KEY', 'CREDITCARD']",True,classic,60a061d5-d984-4573-af3c-2054f4f59e94,False,[],False
062f0ac2-b3b6-4c15-b470-92ce9b592635,Bergen Ave & E 152 St,7858.02,-73.914737,40.817166,71.0,21,"{'android': 'https://bkn.lft.to/lastmile_qr_scan', 'ios': 'https://bkn.lft.to/lastmile_qr_scan'}","['KEY', 'CREDITCARD']",True,classic,062f0ac2-b3b6-4c15-b470-92ce9b592635,False,[],False
2229057967489558016,Bruckner Blvd & Faile St,7944.12,-73.889992,40.820992,71.0,24,"{'android': 'https://bkn.lft.to/lastmile_qr_scan', 'ios': 'https://bkn.lft.to/lastmile_qr_scan'}","['KEY', 'CREDITCARD']",True,classic,2229057967489558016,False,[],False
672d71ab-2c23-4bd2-9ed2-34e54aa4b5b5,Decatur Ave & E 197 St,8597.01,-73.88807,40.86557,71.0,19,"{'android': 'https://bkn.lft.to/lastmile_qr_scan', 'ios': 'https://bkn.lft.to/lastmile_qr_scan'}","['KEY', 'CREDITCARD']",True,classic,672d71ab-2c23-4bd2-9ed2-34e54aa4b5b5,False,[],False
bf093f72-1d8d-44ae-91b5-e36958a27976,Page Pl & Grand Ave,5409.02,-73.91818,40.71798,71.0,21,"{'android': 'https://bkn.lft.to/lastmile_qr_scan', 'ios': 'https://bkn.lft.to/lastmile_qr_scan'}","['KEY', 'CREDITCARD']",True,classic,bf093f72-1d8d-44ae-91b5-e36958a27976,False,[],False
66dbce8a-0aca-11e7-82f6-3863bb44ef7c,Carmine St & 6 Ave,5763.03,-74.00214988,40.73038599,71.0,63,"{'android': 'https://bkn.lft.to/lastmile_qr_scan', 'ios': 'https://bkn.lft.to/lastmile_qr_scan'}","['KEY', 'CREDITCARD']",True,classic,66dbce8a-0aca-11e7-82f6-3863bb44ef7c,False,[],False
66dc4bd9-0aca-11e7-82f6-3863bb44ef7c,Broadway & W 29 St,6289.06,-73.98855723,40.7462009,71.0,101,"{'android': 'https://bkn.lft.to/lastmile_qr_scan', 'ios': 'https://bkn.lft.to/lastmile_qr_scan'}","['KEY', 'CREDITCARD']",True,classic,66dc4bd9-0aca-11e7-82f6-3863bb44ef7c,False,[],False
66dd4841-0aca-11e7-82f6-3863bb44ef7c,E 77 St & 3 Ave,7092.06,-73.95856158,40.77314236,71.0,46,"{'android': 'https://bkn.lft.to/lastmile_qr_scan', 'ios': 'https://bkn.lft.to/lastmile_qr_scan'}","['KEY', 'CREDITCARD']",True,classic,66dd4841-0aca-11e7-82f6-3863bb44ef7c,False,[],False
fbb2d76c-1d47-4fb1-9c07-622fcace38a5,E 167 St & Clay Ave,8088.01,-73.91125,40.83094,71.0,30,"{'android': 'https://bkn.lft.to/lastmile_qr_scan', 'ios': 'https://bkn.lft.to/lastmile_qr_scan'}","['KEY', 'CREDITCARD']",True,classic,fbb2d76c-1d47-4fb1-9c07-622fcace38a5,False,[],False
1794096976946852066,W 27 St & 6 Ave,6215.07,-73.99062,40.74526,71.0,66,"{'android': 'https://bkn.lft.to/lastmile_qr_scan', 'ios': 'https://bkn.lft.to/lastmile_qr_scan'}","['KEY', 'CREDITCARD']",True,classic,1794096976946852066,False,[],False
6c3b486e-603c-4158-91ac-adc06ac01535,Myrtle Ave & Linden St,4816.02,-73.91337,40.69943,71.0,25,"{'android': 'https://bkn.lft.to/lastmile_qr_scan', 'ios': 'https://bkn.lft.to/lastmile_qr_scan'}","['KEY', 'CREDITCARD']",True,classic,6c3b486e-603c-4158-91ac-adc06ac01535,False,[],False
66dd427e-0aca-11e7-82f6-3863bb44ef7c,1 Ave & E 78 St,7020.09,-73.9535166,40.77140426,71.0,57,"{'android': 'https://bkn.lft.to/lastmile_qr_scan', 'ios': 'https://bkn.lft.to/lastmile_qr_scan'}","['KEY', 'CREDITCARD']",True,classic,66dd427e-0aca-11e7-82f6-3863bb44ef7c,False,[],False
c5861c24-5ac1-41df-82f1-31748d03e868,W 30 St & 8 Ave,6373.07,-73.99506707345266,40.74964702898657,71.0,66,"{'android': 'https://bkn.lft.to/lastmile_qr_scan', 'ios': 'https://bkn.lft.to/lastmile_qr_scan'}","['KEY', 'CREDITCARD']",True,classic,c5861c24-5ac1-41df-82f1-31748d03e868,False,[],False
2133952475068346460,Kent Ave & N 3 St,5348.06,-73.96427449047715,40.71797940978296,71.0,55,"{'android': 'https://bkn.lft.to/lastmile_qr_scan', 'ios': 'https://bkn.lft.to/lastmile_qr_scan'}","['KEY', 'CREDITCARD']",True,classic,2133952475068346460,False,[],False
1786698158713921798,S 2 St & Kent Ave,5276.04,-73.966612,40.714731,71.0,47,"{'android': 'https://bkn.lft.to/lastmile_qr_scan', 'ios': 'https://bkn.lft.to/lastmile_qr_scan'}","['KEY', 'CREDITCARD']",True,classic,1786698158713921798,False,[],False
66dde2d9-0aca-11e7-82f6-3863bb44ef7c,E 88 St & 1 Ave,7235.13,-73.9488134,40.778301,71.0,39,"{'android': 'https://bkn.lft.to/lastmile_qr_scan', 'ios': 'https://bkn.lft.to/lastmile_qr_scan'}","['KEY', 'CREDITCARD']",True,classic,66dde2d9-0aca-11e7-82f6-3863bb44ef7c,False,[],False
2126621026154598618,Colonial Rd & 71 St,2754.05,-74.03202,40.63537,71.0,14,"{'android': 'https://bkn.lft.to/lastmile_qr_scan', 'ios': 'https://bkn.lft.to/lastmile_qr_scan'}","['KEY', 'CREDITCARD']",False,classic,2126621026154598618,False,[],False
6fcad2af-c3e2-47a4-8942-023ae4047e67,Ditmars Blvd & 76 St,6927.03,-73.893531,40.768442,71.0,19,"{'android': 'https://bkn.lft.to/lastmile_qr_scan', 'ios': 'https://bkn.lft.to/lastmile_qr_scan'}","['KEY', 'CREDITCARD']",True,classic,6fcad2af-c3e2-47a4-8942-023ae4047e67,False,[],False
9505c2b7-0c3a-4791-8471-d2092a86291f,Front St & Jay St,4895.03,-73.986842,40.702461,71.0,24,"{'android': 'https://bkn.lft.to/lastmile_qr_scan', 'ios': 'https://bkn.lft.to/lastmile_qr_scan'}","['KEY', 'CREDITCARD']",True,classic,9505c2b7-0c3a-4791-8471-d2092a86291f,False,[],False
2176731427905421244,W 231 St & Tibbett Ave,8806.10,-73.90837,40.88071,71.0,15,"{'android': 'https://bkn.lft.to/lastmile_qr_scan', 'ios': 'https://bkn.lft.to/lastmile_qr_scan'}","['KEY', 'CREDITCARD']",False,classic,2176731427905421244,False,[],False
66db8fde-0aca-11e7-82f6-3863bb44ef7c,Watts St & Greenwich St,5578.02,-74.00965965,40.72405549,71.0,54,"{'android': 'https://bkn.lft.to/lastmile_qr_scan', 'ios': 'https://bkn.lft.to/lastmile_qr_scan'}","['KEY', 'CREDITCARD']",True,classic,66db8fde-0aca-11e7-82f6-3863bb44ef7c,False,[],False
2177015913867375458,Independence Ave & W 240 St,8946.06,-73.91284,40.89069,71.0,12,"{'android': 'https://bkn.lft.to/lastmile_qr_scan', 'ios': 'https://bkn.lft.to/lastmile_qr_scan'}","['KEY', 'CREDITCARD']",False,classic,2177015913867375458,False,[],False
348c5e65-cbc3-4da6-9856-fc253a0ba546,E 13 St & 2 Ave,5820.08,-73.9853024482727,40.73153937464073,71.0,54,"{'android': 'https://bkn.lft.to/lastmile_qr_scan', 'ios': 'https://bkn.lft.to/lastmile_qr_scan'}","['KEY', 'CREDITCARD']",True,classic,348c5e65-cbc3-4da6-9856-fc253a0ba546,False,[],False
7d455e9a-20b4-4b03-8248-0d982fdfa21b,W 168 St & Fort Washington Ave,8226.07,-73.9422395825386,40.84210236102173,71.0,48,"{'android': 'https://bkn.lft.to/lastmile_qr_scan', 'ios': 'https://bkn.lft.to/lastmile_qr_scan'}","['KEY', 'CREDITCARD']",True,classic,7d455e9a-20b4-4b03-8248-0d982fdfa21b,False,[],False
1835246815877178358,30 Ave & 96 St,6772.11,-73.87308,40.76086,71.0,21,"{'android': 'https://bkn.lft.to/lastmile_qr_scan', 'ios': 'https://bkn.lft.to/lastmile_qr_scan'}","['KEY', 'CREDITCARD']",True,classic,1835246815877178358,False,[],False
968d40e0-2a5b-4f6c-a161-fad1631b609b,60 Pl & 67 Ave,4985.09,-73.89965,40.70497,71.0,15,"{'android': 'https://bkn.lft.to/lastmile_qr_scan', 'ios': 'https://bkn.lft.to/lastmile_qr_scan'}","['KEY', 'CREDITCARD']",True,classic,968d40e0-2a5b-4f6c-a161-fad1631b609b,False,[],False
e51c8b72-460f-41c2-a5ca-de85d3f46a30,W 30 St & 10 Ave,6459.07,-74.002353,40.752694,71.0,56,"{'android': 'https://bkn.lft.to/lastmile_qr_scan', 'ios': 'https://bkn.lft.to/lastmile_qr_scan'}","['KEY', 'CREDITCARD']",True,classic,e51c8b72-460f-41c2-a5ca-de85d3f46a30,False,[],False
1884599469785421928,3 Ave & E 82 St,7154.10,-73.9563752,40.775744,71.0,43,"{'android': 'https://bkn.lft.to/lastmile_qr_scan', 'ios': 'https://bkn.lft.to/lastmile_qr_scan'}","['KEY', 'CREDITCARD']",True,classic,1884599469785421928,False,[],False
66dcf394-0aca-11e7-82f6-3863bb44ef7c,Bushwick Ave & Powers St,5250.05,-73.94100005,40.71247661,71.0,32,"{'android': 'https://bkn.lft.to/lastmile_qr_scan', 'ios': 'https://bkn.lft.to/lastmile_qr_scan'}","['KEY', 'CREDITCARD']",True,classic,66dcf394-0aca-11e7-82f6-3863bb44ef7c,False,[],False
66dd25e0-0aca-11e7-82f6-3863bb44ef7c,45 Rd & 11 St,6319.01,-73.94977234,40.74708586,71.0,23,"{'android': 'https://bkn.lft.to/lastmile_qr_scan', 'ios': 'https://bkn.lft.to/lastmile_qr_scan'}","['KEY', 'CREDITCARD']",True,classic,66dd25e0-0aca-11e7-82f6-3863bb44ef7c,False,[],False
fbee1143-e93f-418d-b6bc-8fde4a9a8746,E Houston St & Columbia St,5436.11,-73.97871628403664,40.71978635452822,71.0,51,"{'android': 'https://bkn.lft.to/lastmile_qr_scan', 'ios': 'https://bkn.lft.to/lastmile_qr_scan'}","['KEY', 'CREDITCARD']",True,classic,fbee1143-e93f-418d-b6bc-8fde4a9a8746,False,[],False
1860189426558126796,E 182 St & Park Ave,8451.07,-73.89507,40.85455,71.0,23,"{'android': 'https://bkn.lft.to/lastmile_qr_scan', 'ios': 'https://bkn.lft.to/lastmile_qr_scan'}","['KEY', 'CREDITCARD']",True,classic,1860189426558126796,False,[],False
66dcca76-0aca-11e7-82f6-3863bb44ef7c,Nostrand Ave & Myrtle Ave,4707.04,-73.95238108,40.69527008,71.0,23,"{'android': 'https://bkn.lft.to/lastmile_qr_scan', 'ios': 'https://bkn.lft.to/lastmile_qr_scan'}","['KEY', 'CREDITCARD']",False,classic,66dcca76-0aca-11e7-82f6-3863bb44ef7c,False,[],False
1835250318514342456,Ditmars Blvd & 31 Dr,6793.01,-73.86035,40.76138,71.0,27,"{'android': 'https://bkn.lft.to/lastmile_qr_scan', 'ios': 'https://bkn.lft.to/lastmile_qr_scan'}","['KEY', 'CREDITCARD']",True,classic,1835250318514342456,False,[],False
2177017636303913026,Broadway & W 261 St,9089.01,-73.89652,40.90951,71.0,12,"{'android': 'https://bkn.lft.to/lastmile_qr_scan', 'ios': 'https://bkn.lft.to/lastmile_qr_scan'}","['KEY', 'CREDITCARD']",False,classic,2177017636303913026,False,[],False
1ec7ef9f-ab60-4a64-821d-883ba547273a,E 132 St & Madison Ave,7748.02,-73.937195,40.810224,71.0,19,"{'android': 'https://bkn.lft.to/lastmile_qr_scan', 'ios': 'https://bkn.lft.to/lastmile_qr_scan'}","['KEY', 'CREDITCARD']",True,classic,1ec7ef9f-ab60-4a64-821d-883ba547273a,False,[],False
8f9ce302-2a6d-443c-8fe0-625b20021ea2,Brevoort Pl & Bedford Ave,4181.10,-73.95362,40.68012,71.0,24,"{'android': 'https://bkn.lft.to/lastmile_qr_scan', 'ios': 'https://bkn.lft.to/lastmile_qr_scan'}","['KEY', 'CREDITCARD']",True,classic,8f9ce302-2a6d-443c-8fe0-625b20021ea2,False,[],False
66de07ec-0aca-11e7-82f6-3863bb44ef7c,3 Ave & 14 St,3850.03,-73.99333264,40.6685455,71.0,25,"{'android': 'https://bkn.lft.to/lastmile_qr_scan', 'ios': 'https://bkn.lft.to/lastmile_qr_scan'}","['KEY', 'CREDITCARD']",True,classic,66de07ec-0aca-11e7-82f6-3863bb44ef7c,False,[],False
1978170169761096104,108 St & 52 Ave,6138.07,-73.85466891367044,40.74310053056842,71.0,35,"{'android': 'https://bkn.lft.to/lastmile_qr_scan', 'ios': 'https://bkn.lft.to/lastmile_qr_scan'}","['KEY', 'CREDITCARD']",True,classic,1978170169761096104,False,[],False
1875413335585534272,E 178 St & Monterey Ave,8351.06,-73.89464,40.84749,71.0,21,"{'android': 'https://bkn.lft.to/lastmile_qr_scan', 'ios': 'https://bkn.lft.to/lastmile_qr_scan'}","['KEY', 'CREDITCARD']",True,classic,1875413335585534272,False,[],False
1861680103893703034,Sedgwick Ave & W 195 St,8692.04,-73.90287,40.87049,71.0,21,"{'android': 'https://bkn.lft.to/lastmile_qr_scan', 'ios': 'https://bkn.lft.to/lastmile_qr_scan'}","['KEY', 'CREDITCARD']",True,classic,1861680103893703034,False,[],False
66dbc6ae-0aca-11e7-82f6-3863bb44ef7c,Emerson Pl & Myrtle Ave,4683.02,-73.96223558,40.69363137,71.0,63,"{'android': 'https://bkn.lft.to/lastmile_qr_scan', 'ios': 'https://bkn.lft.to/lastmile_qr_scan'}","['KEY', 'CREDITCARD']",True,classic,66dbc6ae-0aca-11e7-82f6-3863bb44ef7c,False,[],False
1828966882896859944,77 St & 24 Ave,6825.03,-73.89156,40.76428,71.0,19,"{'android': 'https://bkn.lft.to/lastmile_qr_scan', 'ios': 'https://bkn.lft.to/lastmile_qr_scan'}","['KEY', 'CREDITCARD']",True,classic,1828966882896859944,False,[],False
a1cf7115-8e38-4300-aac8-3a2fddca0e23,Prospect Park SW & Vanderbilt St,3457.03,-73.973217,40.65482,71.0,37,"{'android': 'https://bkn.lft.to/lastmile_qr_scan', 'ios': 'https://bkn.lft.to/lastmile_qr_scan'}","['KEY', 'CREDITCARD']",True,classic,a1cf7115-8e38-4300-aac8-3a2fddca0e23,False,[],False
c1144380-c1ac-4315-9b1a-4b4e870ac688,Hancock St & Malcolm X Blvd,4342.04,-73.9293,40.68487,71.0,19,"{'android': 'https://bkn.lft.to/lastmile_qr_scan', 'ios': 'https://bkn.lft.to/lastmile_qr_scan'}","['KEY', 'CREDITCARD']",True,classic,c1144380-c1ac-4315-9b1a-4b4e870ac688,False,[],False
2b848257-dc2e-4dd0-b840-d5e046972789,W Tremont Ave & Matthewson Rd,8428.04,-73.920765,40.853827,71.0,19,"{'android': 'https://bkn.lft.to/lastmile_qr_scan', 'ios': 'https://bkn.lft.to/lastmile_qr_scan'}","['KEY', 'CREDITCARD']",True,classic,2b848257-dc2e-4dd0-b840-d5e046972789,False,[],False
9459fca8-b044-4ed1-8f2c-c5db11ba868f,Botanical Sq & Webster Ave,8646.02,-73.88145,40.86814,71.0,32,"{'android': 'https://bkn.lft.to/lastmile_qr_scan', 'ios': 'https://bkn.lft.to/lastmile_qr_scan'}","['KEY', 'CREDITCARD']",True,classic,9459fca8-b044-4ed1-8f2c-c5db11ba868f,False,[],False
2250948126513942572,Fulton St & Van Siclen Ave,4111.04,-73.89159,40.67811,71.0,16,"{'android': 'https://bkn.lft.to/lastmile_qr_scan', 'ios': 'https://bkn.lft.to/lastmile_qr_scan'}","['KEY', 'CREDITCARD']",False,classic,2250948126513942572,False,[],False
1838070703178521596,107 St & 32 Ave,6724.01,-73.86224,40.75996,71.0,19,"{'android': 'https://bkn.lft.to/lastmile_qr_scan', 'ios': 'https://bkn.lft.to/lastmile_qr_scan'}","['KEY', 'CREDITCARD']",True,classic,1838070703178521596,False,[],False
66db3d2a-0aca-11e7-82f6-3863bb44ef7c,Willoughby St & Fleet St,4628.05,-73.9813018,40.69196566,71.0,62,"{'android': 'https://bkn.lft.to/lastmile_qr_scan', 'ios': 'https://bkn.lft.to/lastmile_qr_scan'}","['KEY', 'CREDITCARD']",True,classic,66db3d2a-0aca-11e7-82f6-3863bb44ef7c,False,[],False
66dc3a1a-0aca-11e7-82f6-3863bb44ef7c,E 32 St & Park Ave,6280.12,-73.98194829,40.7457121,71.0,55,"{'android': 'https://bkn.lft.to/lastmile_qr_scan', 'ios': 'https://bkn.lft.to/lastmile_qr_scan'}","['KEY', 'CREDITCARD']",True,classic,66dc3a1a-0aca-11e7-82f6-3863bb44ef7c,False,[],False
6853d09a-cbd8-4378-bc23-02e8bba0b4da,University Ave & Macombs Rd,8344.09,-73.9161206,40.8496401,71.0,23,"{'android': 'https://bkn.lft.to/lastmile_qr_scan', 'ios': 'https://bkn.lft.to/lastmile_qr_scan'}","['KEY', 'CREDITCARD']",True,classic,6853d09a-cbd8-4378-bc23-02e8bba0b4da,False,[],False
8603535e-0d7a-4c5b-ae77-27b9f5770bfa,71 Ave & Myrtle Ave,4871.02,-73.89907,40.70067,71.0,27,"{'android': 'https://bkn.lft.to/lastmile_qr_scan', 'ios': 'https://bkn.lft.to/lastmile_qr_scan'}","['KEY', 'CREDITCARD']",True,classic,8603535e-0d7a-4c5b-ae77-27b9f5770bfa,False,[],False
2126224759932600578,70 St & Ridge Blvd,2843.13,-74.02908,40.63596,71.0,12,"{'android': 'https://bkn.lft.to/lastmile_qr_scan', 'ios': 'https://bkn.lft.to/lastmile_qr_scan'}","['KEY', 'CREDITCARD']",False,classic,2126224759932600578,False,[],False
1814900353536621062,Parkside Ave & Ocean Ave,3448.02,-73.96217,40.65485,71.0,31,"{'android': 'https://bkn.lft.to/lastmile_qr_scan', 'ios': 'https://bkn.lft.to/lastmile_qr_scan'}","['KEY', 'CREDITCARD']",True,classic,1814900353536621062,False,[],False
e24cb64d-10c2-48db-9440-59e63c0f1c95,Ralph Ave & Fulton St,4220.02,-73.92192,40.67922,71.0,25,"{'android': 'https://bkn.lft.to/lastmile_qr_scan', 'ios': 'https://bkn.lft.to/lastmile_qr_scan'}","['KEY', 'CREDITCARD']",True,classic,e24cb64d-10c2-48db-9440-59e63c0f1c95,False,[],False
9bd28b11-cf11-4938-abb2-dfa5ec800e32,Broadway & 12 St,6901.01,-73.9347774,40.7668,71.0,31,"{'android': 'https://bkn.lft.to/lastmile_qr_scan', 'ios': 'https://bkn.lft.to/lastmile_qr_scan'}","['KEY', 'CREDITCARD']",True,classic,9bd28b11-cf11-4938-abb2-dfa5ec800e32,False,[],False
6a671276-d345-4a4c-a7df-98f5dbb19e4c,43 St & 37 Ave,6401.01,-73.919998,40.750181,71.0,21,"{'android': 'https://bkn.lft.to/lastmile_qr_scan', 'ios': 'https://bkn.lft.to/lastmile_qr_scan'}","['KEY', 'CREDITCARD']",True,classic,6a671276-d345-4a4c-a7df-98f5dbb19e4c,False,[],False
0f9423bd-98dd-4919-b6e3-28880ff7ecca,Woodside Ave & 69 St,6183.03,-73.89584,40.7428,71.0,19,"{'android': 'https://bkn.lft.to/lastmile_qr_scan', 'ios': 'https://bkn.lft.to/lastmile_qr_scan'}","['KEY', 'CREDITCARD']",True,classic,0f9423bd-98dd-4919-b6e3-28880ff7ecca,False,[],False
66dcec6b-0aca-11e7-82f6-3863bb44ef7c,Scholes St & Manhattan Ave,5108.01,-73.9448625,40.70870368,71.0,36,"{'android': 'https://bkn.lft.to/lastmile_qr_scan', 'ios': 'https://bkn.lft.to/lastmile_qr_scan'}","['KEY', 'CREDITCARD']",False,classic,66dcec6b-0aca-11e7-82f6-3863bb44ef7c,False,[],False
18267c09-1916-48d8-951c-caf88c89edd1,3 Ave & E 172 St,8205.05,-73.900277,40.839586,71.0,19,"{'android': 'https://bkn.lft.to/lastmile_qr_scan', 'ios': 'https://bkn.lft.to/lastmile_qr_scan'}","['KEY', 'CREDITCARD']",True,classic,18267c09-1916-48d8-951c-caf88c89edd1,False,[],False
febf420f-bbec-4044-a3af-69959e018ccb,Amory Ct & Metropolitan Ave,5217.03,-73.90968,40.71301,71.0,21,"{'android': 'https://bkn.lft.to/lastmile_qr_scan', 'ios': 'https://bkn.lft.to/lastmile_qr_scan'}","['KEY', 'CREDITCARD']",True,classic,febf420f-bbec-4044-a3af-69959e018ccb,False,[],False
1820420129807491554,Tilden Ave & Lott St,3214.04,-73.95401,40.64661,71.0,19,"{'android': 'https://bkn.lft.to/lastmile_qr_scan', 'ios': 'https://bkn.lft.to/lastmile_qr_scan'}","['KEY', 'CREDITCARD']",True,classic,1820420129807491554,False,[],False
c0df5c09-2c07-4689-9fe8-36ed81301d7d,Audubon Ave & Fort George Ave,8491.07,-73.92717361450195,40.85715781391904,71.0,23,"{'android': 'https://bkn.lft.to/lastmile_qr_scan', 'ios': 'https://bkn.lft.to/lastmile_qr_scan'}","['KEY', 'CREDITCARD']",True,classic,c0df5c09-2c07-4689-9fe8-36ed81301d7d,False,[],False
160e21da-6dd2-47ff-8385-e13c8cdce4fa,57 St & 1 Ave,3178.02,-74.023087,40.646377,71.0,27,"{'android': 'https://bkn.lft.to/lastmile_qr_scan', 'ios': 'https://bkn.lft.to/lastmile_qr_scan'}","['KEY', 'CREDITCARD']",True,classic,160e21da-6dd2-47ff-8385-e13c8cdce4fa,False,[],False
66dd4de9-0aca-11e7-82f6-3863bb44ef7c,Amsterdam Ave & W 73 St,7260.09,-73.98093044757842,40.77966809007312,71.0,54,"{'android': 'https://bkn.lft.to/lastmile_qr_scan', 'ios': 'https://bkn.lft.to/lastmile_qr_scan'}","['KEY', 'CREDITCARD']",True,classic,66dd4de9-0aca-11e7-82f6-3863bb44ef7c,False,[],False
1828968611856235508,31 Ave & 86 St,6709.05,-73.88219,40.75958,71.0,15,"{'android': 'https://bkn.lft.to/lastmile_qr_scan', 'ios': 'https://bkn.lft.to/lastmile_qr_scan'}","['KEY', 'CREDITCARD']",True,classic,1828968611856235508,False,[],False
2206771320470308682,62 Ave & 102 St,5945.03,-73.8564,40.73568,71.0,16,"{'android': 'https://bkn.lft.to/lastmile_qr_scan', 'ios': 'https://bkn.lft.to/lastmile_qr_scan'}","['KEY', 'CREDITCARD']",False,classic,2206771320470308682,False,[],False
77a498ea-5693-46cc-a4b1-6e428f574797,E 149 St & Park Ave,7884.04,-73.925294,40.818154,71.0,27,"{'android': 'https://bkn.lft.to/lastmile_qr_scan', 'ios': 'https://bkn.lft.to/lastmile_qr_scan'}","['KEY', 'CREDITCARD']",True,classic,77a498ea-5693-46cc-a4b1-6e428f574797,False,[],False
1786696251091417274,Eagle St & Manhattan Ave,5902.07,-73.954926,40.735217,71.0,35,"{'android': 'https://bkn.lft.to/lastmile_qr_scan', 'ios': 'https://bkn.lft.to/lastmile_qr_scan'}","['KEY', 'CREDITCARD']",True,classic,1786696251091417274,False,[],False
09a0c507-7cda-4f3f-9988-78de0baa28e4,Grand Concourse & E 156 St,7984.04,-73.924689,40.823429,71.0,21,"{'android': 'https://bkn.lft.to/lastmile_qr_scan', 'ios': 'https://bkn.lft.to/lastmile_qr_scan'}","['KEY', 'CREDITCARD']",True,classic,09a0c507-7cda-4f3f-9988-78de0baa28e4,False,[],False
1834145064843958330,34 Ave & 71 St,6493.03,-73.89538,40.75257,71.0,22,"{'android': 'https://bkn.lft.to/lastmile_qr_scan', 'ios': 'https://bkn.lft.to/lastmile_qr_scan'}","['KEY', 'CREDITCARD']",True,classic,1834145064843958330,False,[],False
1931758629658304788,E 179 St & Southern Blvd,8288.11,-73.88507,40.84467,71.0,25,"{'android': 'https://bkn.lft.to/lastmile_qr_scan', 'ios': 'https://bkn.lft.to/lastmile_qr_scan'}","['KEY', 'CREDITCARD']",True,classic,1931758629658304788,False,[],False
ed1199e4-d9a6-4d9e-8c81-62bcd7510a11,67 Ave & Fresh Pond Rd,5057.07,-73.89676,40.70575,71.0,30,"{'android': 'https://bkn.lft.to/lastmile_qr_scan', 'ios': 'https://bkn.lft.to/lastmile_qr_scan'}","['KEY', 'CREDITCARD']",True,classic,ed1199e4-d9a6-4d9e-8c81-62bcd7510a11,False,[],False
66db237e-0aca-11e7-82f6-3863bb44ef7c,W 52 St & 11 Ave,6926.01,-73.99392888,40.76727216,71.0,55,"{'android': 'https://bkn.lft.to/lastmile_qr_scan', 'ios': 'https://bkn.lft.to/lastmile_qr_scan'}","['KEY', 'CREDITCARD']",True,classic,66db237e-0aca-11e7-82f6-3863bb44ef7c,False,[],False
aa8fc8b7-b66c-41d9-9885-30b8af599378,E 10 St & 2 Ave,5746.02,-73.9865979552269,40.72970805644994,71.0,41,"{'android': 'https://bkn.lft.to/lastmile_qr_scan', 'ios': 'https://bkn.lft.to/lastmile_qr_scan'}","['KEY', 'CREDITCARD']",True,classic,aa8fc8b7-b66c-41d9-9885-30b8af599378,False,[],False
1828968994833044184,91 St & 31 Ave,6741.03,-73.87774,40.76022,71.0,21,"{'android': 'https://bkn.lft.to/lastmile_qr_scan', 'ios': 'https://bkn.lft.to/lastmile_qr_scan'}","['KEY', 'CREDITCARD']",True,classic,1828968994833044184,False,[],False
66de06ef-0aca-11e7-82f6-3863bb44ef7c,12 St & 4 Ave,3882.01,-73.9904394,40.668603,71.0,25,"{'android': 'https://bkn.lft.to/lastmile_qr_scan', 'ios': 'https://bkn.lft.to/lastmile_qr_scan'}","['KEY', 'CREDITCARD']",True,classic,66de06ef-0aca-11e7-82f6-3863bb44ef7c,False,[],False
9e99abca-c679-4788-9a4e-39066660bd6a,Crescent St & Ditmars Blvd,7233.05,-73.9145645,40.7787185,71.0,19,"{'android': 'https://bkn.lft.to/lastmile_qr_scan', 'ios': 'https://bkn.lft.to/lastmile_qr_scan'}","['KEY', 'CREDITCARD']",True,classic,9e99abca-c679-4788-9a4e-39066660bd6a,False,[],False
943be327-0320-4ae1-8eb0-8a56f86a4fb6,Frederick Douglass Blvd & W 145 St,7954.12,-73.941928,40.823061,71.0,27,"{'android': 'https://bkn.lft.to/lastmile_qr_scan', 'ios': 'https://bkn.lft.to/lastmile_qr_scan'}","['KEY', 'CREDITCARD']",True,classic,943be327-0320-4ae1-8eb0-8a56f86a4fb6,False,[],False
1843486301383097150,41 Ave & 80 St,6249.02,-73.88539,40.74586,71.0,25,"{'android': 'https://bkn.lft.to/lastmile_qr_scan', 'ios': 'https://bkn.lft.to/lastmile_qr_scan'}","['KEY', 'CREDITCARD']",True,classic,1843486301383097150,False,[],False
5adcaaaf-5386-441d-827c-8d65c4f4405e,Amsterdam Ave & W 167 St,8206.17,-73.937044,40.839443,71.0,23,"{'android': 'https://bkn.lft.to/lastmile_qr_scan', 'ios': 'https://bkn.lft.to/lastmile_qr_scan'}","['KEY', 'CREDITCARD']",True,classic,5adcaaaf-5386-441d-827c-8d65c4f4405e,False,[],False
1815967313905864892,Rugby Rd & Albemarle Rd,3188.04,-73.96637,40.64672,71.0,19,"{'android': 'https://bkn.lft.to/lastmile_qr_scan', 'ios': 'https://bkn.lft.to/lastmile_qr_scan'}","['KEY', 'CREDITCARD']",True,classic,1815967313905864892,False,[],False
66dd49eb-0aca-11e7-82f6-3863bb44ef7c,W 63 St & Broadway,7052.01,-73.98261428,40.77163851,71.0,31,"{'android': 'https://bkn.lft.to/lastmile_qr_scan', 'ios': 'https://bkn.lft.to/lastmile_qr_scan'}","['KEY', 'CREDITCARD']",True,classic,66dd49eb-0aca-11e7-82f6-3863bb44ef7c,False,[],False
66dc28bd-0aca-11e7-82f6-3863bb44ef7c,E 56 St & 3 Ave,6691.11,-73.96759673,40.75934501,71.0,79,"{'android': 'https://bkn.lft.to/lastmile_qr_scan', 'ios': 'https://bkn.lft.to/lastmile_qr_scan'}","['KEY', 'CREDITCARD']",True,classic,66dc28bd-0aca-11e7-82f6-3863bb44ef7c,False,[],False
1846086768160082632,99 St & 58 Ave,5987.03,-73.85959,40.73761,71.0,25,"{'android': 'https://bkn.lft.to/lastmile_qr_scan', 'ios': 'https://bkn.lft.to/lastmile_qr_scan'}","['KEY', 'CREDITCARD']",True,classic,1846086768160082632,False,[],False
c04cef84-3fcd-4fd9-9e40-8e07453dbe19,Jerome Ave & E 181 St,8478.11,-73.905528,40.855653,71.0,19,"{'android': 'https://bkn.lft.to/lastmile_qr_scan', 'ios': 'https://bkn.lft.to/lastmile_qr_scan'}","['KEY', 'CREDITCARD']",True,classic,c04cef84-3fcd-4fd9-9e40-8e07453dbe19,False,[],False
66f68197-4897-4576-896a-48e0312104c5,Franklin Ave & St Marks Ave,4107.05,-73.9561677,40.6758324,71.0,29,"{'android': 'https://bkn.lft.to/lastmile_qr_scan', 'ios': 'https://bkn.lft.to/lastmile_qr_scan'}","['KEY', 'CREDITCARD']",True,classic,66f68197-4897-4576-896a-48e0312104c5,False,[],False
581d8683-c217-4f96-89cb-b5a94d780b83,W 55 St & 6 Ave,6809.09,-73.978434,40.763189,71.0,43,"{'android': 'https://bkn.lft.to/lastmile_qr_scan', 'ios': 'https://bkn.lft.to/lastmile_qr_scan'}","['KEY', 'CREDITCARD']",True,classic,581d8683-c217-4f96-89cb-b5a94d780b83,False,[],False
1828969851041055492,104 St & Northern Blvd,6651.01,-73.86454,40.75755,71.0,23,"{'android': 'https://bkn.lft.to/lastmile_qr_scan', 'ios': 'https://bkn.lft.to/lastmile_qr_scan'}","['KEY', 'CREDITCARD']",True,classic,1828969851041055492,False,[],False
66dc78c4-0aca-11e7-82f6-3863bb44ef7c,6 Ave & W 33 St,6364.07,-73.98848395,40.74901271,71.0,78,"{'android': 'https://bkn.lft.to/lastmile_qr_scan', 'ios': 'https://bkn.lft.to/lastmile_qr_scan'}","['KEY', 'CREDITCARD']",True,classic,66dc78c4-0aca-11e7-82f6-3863bb44ef7c,False,[],False
66db29e6-0aca-11e7-82f6-3863bb44ef7c,Lexington Ave & Classon Ave,4452.03,-73.95928168,40.68676793,71.0,19,"{'android': 'https://bkn.lft.to/lastmile_qr_scan', 'ios': 'https://bkn.lft.to/lastmile_qr_scan'}","['KEY', 'CREDITCARD']",True,classic,66db29e6-0aca-11e7-82f6-3863bb44ef7c,False,[],False
9dde927d-9984-4f97-bcd0-fbcb59e6ca66,57 Rd & 59 St,5510.02,-73.90854,40.72249,71.0,19,"{'android': 'https://bkn.lft.to/lastmile_qr_scan', 'ios': 'https://bkn.lft.to/lastmile_qr_scan'}","['KEY', 'CREDITCARD']",True,classic,9dde927d-9984-4f97-bcd0-fbcb59e6ca66,False,[],False
1860187301567054286,Crotona Ave & Crotona Park N,8257.03,-73.89409,40.84234,71.0,20,"{'android': 'https://bkn.lft.to/lastmile_qr_scan', 'ios': 'https://bkn.lft.to/lastmile_qr_scan'}","['KEY', 'CREDITCARD']",True,classic,1860187301567054286,False,[],False
026fd07d-d810-45dc-9237-a3d84dce4fa9,Bergen St & Mother Gaston Blvd,4055.04,-73.90852,40.67374,71.0,24,"{'android': 'https://bkn.lft.to/lastmile_qr_scan', 'ios': 'https://bkn.lft.to/lastmile_qr_scan'}","['KEY', 'CREDITCARD']",True,classic,026fd07d-d810-45dc-9237-a3d84dce4fa9,False,[],False
96cf4c1a-db2c-4d4b-af34-c31281b5904b,23 St & 31 Ave,6929.01,-73.9286595582962,40.76663971723091,71.0,19,"{'android': 'https://bkn.lft.to/lastmile_qr_scan', 'ios': 'https://bkn.lft.to/lastmile_qr_scan'}","['KEY', 'CREDITCARD']",True,classic,96cf4c1a-db2c-4d4b-af34-c31281b5904b,False,[],False
2235292910303400974,Christopher Ave & Sutter Ave,3829.05,-73.9055,40.668,71.0,18,"{'android': 'https://bkn.lft.to/lastmile_qr_scan', 'ios': 'https://bkn.lft.to/lastmile_qr_scan'}","['KEY', 'CREDITCARD']",False,classic,2235292910303400974,False,[],False
c05cd2e2-74e8-4526-a62b-d631e005fdd8,Lexington Ave & E 111 St,7567.06,-73.9441232,40.7954121,71.0,29,"{'android': 'https://bkn.lft.to/lastmile_qr_scan', 'ios': 'https://bkn.lft.to/lastmile_qr_scan'}","['KEY', 'CREDITCARD']",True,classic,c05cd2e2-74e8-4526-a62b-d631e005fdd8,False,[],False
66db3aa3-0aca-11e7-82f6-3863bb44ef7c,Cadman Plaza E & Tillary St,4677.01,-73.99014892,40.69597683,71.0,52,"{'android': 'https://bkn.lft.to/lastmile_qr_scan', 'ios': 'https://bkn.lft.to/lastmile_qr_scan'}","['KEY', 'CREDITCARD']",True,classic,66db3aa3-0aca-11e7-82f6-3863bb44ef7c,False,[],False
66dc91b5-0aca-11e7-82f6-3863bb44ef7c,Grand St & Greene St,5500.02,-74.00238141417502,40.72170005235607,71.0,28,"{'android': 'https://bkn.lft.to/lastmile_qr_scan', 'ios': 'https://bkn.lft.to/lastmile_qr_scan'}","['KEY', 'CREDITCARD']",True,classic,66dc91b5-0aca-11e7-82f6-3863bb44ef7c,False,[],False
9790606b-a00d-4d5e-b6ec-abd11c9d25b3,Charlotte St & Boston Rd,8167.04,-73.8931428,40.8358771,71.0,19,"{'android': 'https://bkn.lft.to/lastmile_qr_scan', 'ios': 'https://bkn.lft.to/lastmile_qr_scan'}","['KEY', 'CREDITCARD']",True,classic,9790606b-a00d-4d5e-b6ec-abd11c9d25b3,False,[],False
1862788101231526152,Broadway & W 234 St,8849.03,-73.90291,40.88185,71.0,30,"{'android': 'https://bkn.lft.to/lastmile_qr_scan', 'ios': 'https://bkn.lft.to/lastmile_qr_scan'}","['KEY', 'CREDITCARD']",True,classic,1862788101231526152,False,[],False
66dd40dd-0aca-11e7-82f6-3863bb44ef7c,5 Ave & E 72 St,7100.07,-73.96685276,40.77282817,71.0,33,"{'android': 'https://bkn.lft.to/lastmile_qr_scan', 'ios': 'https://bkn.lft.to/lastmile_qr_scan'}","['KEY', 'CREDITCARD']",True,classic,66dd40dd-0aca-11e7-82f6-3863bb44ef7c,False,[],False
4223f276-a4d4-45e0-b914-67f5ef1e81ba,34 St & 38 Ave,6453.02,-73.929737,40.752443,71.0,25,"{'android': 'https://bkn.lft.to/lastmile_qr_scan', 'ios': 'https://bkn.lft.to/lastmile_qr_scan'}","['KEY', 'CREDITCARD']",True,classic,4223f276-a4d4-45e0-b914-67f5ef1e81ba,False,[],False
66dba0ba-0aca-11e7-82f6-3863bb44ef7c,Columbia St & Rivington St,5365.02,-73.98016555,40.71739973,71.0,42,"{'android': 'https://bkn.lft.to/lastmile_qr_scan', 'ios': 'https://bkn.lft.to/lastmile_qr_scan'}","['KEY', 'CREDITCARD']",True,classic,66dba0ba-0aca-11e7-82f6-3863bb44ef7c,False,[],False
2235291275134282710,Herzl St & Newport St,3542.05,-73.91275,40.6587,71.0,12,"{'android': 'https://bkn.lft.to/lastmile_qr_scan', 'ios': 'https://bkn.lft.to/lastmile_qr_scan'}","['KEY', 'CREDITCARD']",False,classic,2235291275134282710,False,[],False
add829db-2feb-4e81-af61-056791a6e53b,St Johns Pl & Washington Ave,4001.09,-73.9631611,40.6737236,71.0,30,"{'android': 'https://bkn.lft.to/lastmile_qr_scan', 'ios': 'https://bkn.lft.to/lastmile_qr_scan'}","['KEY', 'CREDITCARD']",True,classic,add829db-2feb-4e81-af61-056791a6e53b,False,[],False
1869754328201607270,79 St & Woodside Ave,6174.03,-73.88622,40.74364,71.0,19,"{'android': 'https://bkn.lft.to/lastmile_qr_scan', 'ios': 'https://bkn.lft.to/lastmile_qr_scan'}","['KEY', 'CREDITCARD']",True,classic,1869754328201607270,False,[],False
2053884382031338034,E 23 St & FDR Dr,5929.07,-73.97605,40.736,71.0,45,"{'android': 'https://bkn.lft.to/lastmile_qr_scan', 'ios': 'https://bkn.lft.to/lastmile_qr_scan'}","['KEY', 'CREDITCARD']",True,classic,2053884382031338034,False,[],False
66dd1b65-0aca-11e7-82f6-3863bb44ef7c,Driggs Ave & N Henry St,5542.04,-73.94308,40.72325,71.0,57,"{'android': 'https://bkn.lft.to/lastmile_qr_scan', 'ios': 'https://bkn.lft.to/lastmile_qr_scan'}","['KEY', 'CREDITCARD']",True,classic,66dd1b65-0aca-11e7-82f6-3863bb44ef7c,False,[],False
2235293003933908382,Sutter Ave & Junius St,3860.06,-73.9024,40.66826,71.0,18,"{'android': 'https://bkn.lft.to/lastmile_qr_scan', 'ios': 'https://bkn.lft.to/lastmile_qr_scan'}","['KEY', 'CREDITCARD']",False,classic,2235293003933908382,False,[],False
66de5d57-0aca-11e7-82f6-3863bb44ef7c,7 Ave & Park Pl,4125.07,-73.97324283,40.6776147,71.0,25,"{'android': 'https://bkn.lft.to/lastmile_qr_scan', 'ios': 'https://bkn.lft.to/lastmile_qr_scan'}","['KEY', 'CREDITCARD']",True,classic,66de5d57-0aca-11e7-82f6-3863bb44ef7c,False,[],False
1846085256331594490,75 St & Roosevelt Ave,6332.09,-73.89038,40.7468,71.0,28,"{'android': 'https://bkn.lft.to/lastmile_qr_scan', 'ios': 'https://bkn.lft.to/lastmile_qr_scan'}","['KEY', 'CREDITCARD']",True,classic,1846085256331594490,False,[],False
66dcbefb-0aca-11e7-82f6-3863bb44ef7c,Cambridge Pl & Gates Ave,4377.04,-73.96304,40.68488,71.0,18,"{'android': 'https://bkn.lft.to/lastmile_qr_scan', 'ios': 'https://bkn.lft.to/lastmile_qr_scan'}","['KEY', 'CREDITCARD']",True,classic,66dcbefb-0aca-11e7-82f6-3863bb44ef7c,False,[],False
66dde559-0aca-11e7-82f6-3863bb44ef7c,E 91 St & Park Ave,7344.05,-73.955327,40.7835016,71.0,35,"{'android': 'https://bkn.lft.to/lastmile_qr_scan', 'ios': 'https://bkn.lft.to/lastmile_qr_scan'}","['KEY', 'CREDITCARD']",True,classic,66dde559-0aca-11e7-82f6-3863bb44ef7c,False,[],False
b1f3eb8c-07f9-479f-a8ab-f04e094bc7d0,Columbus Pl & Atlantic Ave,4146.02,-73.92285,40.67717,71.0,21,"{'android': 'https://bkn.lft.to/lastmile_qr_scan', 'ios': 'https://bkn.lft.to/lastmile_qr_scan'}","['KEY', 'CREDITCARD']",True,classic,b1f3eb8c-07f9-479f-a8ab-f04e094bc7d0,False,[],False
66dca6f4-0aca-11e7-82f6-3863bb44ef7c,E 60 St & York Ave,6682.08,-73.959223,40.759107,71.0,33,"{'android': 'https://bkn.lft.to/lastmile_qr_scan', 'ios': 'https://bkn.lft.to/lastmile_qr_scan'}","['KEY', 'CREDITCARD']",True,classic,66dca6f4-0aca-11e7-82f6-3863bb44ef7c,False,[],False
bd318c15-5c3d-4e72-9837-3b4bd37707e0,65 Pl & Woodside Ave,6149.02,-73.89903,40.74334,71.0,19,"{'android': 'https://bkn.lft.to/lastmile_qr_scan', 'ios': 'https://bkn.lft.to/lastmile_qr_scan'}","['KEY', 'CREDITCARD']",True,classic,bd318c15-5c3d-4e72-9837-3b4bd37707e0,False,[],False
2177017052188360762,Fieldston Rd & Mosholu Ave,9068.04,-73.90054,40.90524,71.0,13,"{'android': 'https://bkn.lft.to/lastmile_qr_scan', 'ios': 'https://bkn.lft.to/lastmile_qr_scan'}","['KEY', 'CREDITCARD']",False,classic,2177017052188360762,False,[],False
66de1f17-0aca-11e7-82f6-3863bb44ef7c,Madison Ave & E 82 St,7188.13,-73.96069399,40.7781314,71.0,34,"{'android': 'https://bkn.lft.to/lastmile_qr_scan', 'ios': 'https://bkn.lft.to/lastmile_qr_scan'}","['KEY', 'CREDITCARD']",True,classic,66de1f17-0aca-11e7-82f6-3863bb44ef7c,False,[],False
59f0cb81-e31b-4ba9-9159-3437c52f7505,Kingston Ave & Carroll St,3831.03,-73.9425,40.66688,71.0,20,"{'android': 'https://bkn.lft.to/lastmile_qr_scan', 'ios': 'https://bkn.lft.to/lastmile_qr_scan'}","['KEY', 'CREDITCARD']",True,classic,59f0cb81-e31b-4ba9-9159-3437c52f7505,False,[],False
1913995167022829826,72 St & 31 Ave,6686.07,-73.89531,40.7584,71.0,21,"{'android': 'https://bkn.lft.to/lastmile_qr_scan', 'ios': 'https://bkn.lft.to/lastmile_qr_scan'}","['KEY', 'CREDITCARD']",True,classic,1913995167022829826,False,[],False
9f702c67-b591-4492-ba90-eb3c7e793dad,University Ave & W Burnside Ave,8462.09,-73.910751,40.85501,71.0,24,"{'android': 'https://bkn.lft.to/lastmile_qr_scan', 'ios': 'https://bkn.lft.to/lastmile_qr_scan'}","['KEY', 'CREDITCARD']",True,classic,9f702c67-b591-4492-ba90-eb3c7e793dad,False,[],False
e7739b9e-7cc6-4cbb-98d3-669b8e2ae98b,57 St & 37 Ave,6426.05,-73.90513,40.75048,71.0,22,"{'android': 'https://bkn.lft.to/lastmile_qr_scan', 'ios': 'https://bkn.lft.to/lastmile_qr_scan'}","['KEY', 'CREDITCARD']",True,classic,e7739b9e-7cc6-4cbb-98d3-669b8e2ae98b,False,[],False
72796825-88b1-43a0-bb6d-2b41d337b1fc,27 St & Hunter St,6310.06,-73.941275,40.7485,71.0,33,"{'android': 'https://bkn.lft.to/lastmile_qr_scan', 'ios': 'https://bkn.lft.to/lastmile_qr_scan'}","['KEY', 'CREDITCARD']",True,classic,72796825-88b1-43a0-bb6d-2b41d337b1fc,False,[],False
412c1416-d15b-4e6a-9691-da4c3cc0d0d2,Bleecker St & Crosby St,5679.08,-73.99510189890862,40.72615604980408,71.0,63,"{'android': 'https://bkn.lft.to/lastmile_qr_scan', 'ios': 'https://bkn.lft.to/lastmile_qr_scan'}","['KEY', 'CREDITCARD']",True,classic,412c1416-d15b-4e6a-9691-da4c3cc0d0d2,False,[],False
facb0195-8daa-46e3-95e1-6f22fb678e8a,Prospect Ave & Jennings St,8099.04,-73.896853,40.831762,71.0,20,"{'android': 'https://bkn.lft.to/lastmile_qr_scan', 'ios': 'https://bkn.lft.to/lastmile_qr_scan'}","['KEY', 'CREDITCARD']",True,classic,facb0195-8daa-46e3-95e1-6f22fb678e8a,False,[],False
66de1b5b-0aca-11e7-82f6-3863bb44ef7c,Garfield Pl & 8 Ave,3978.13,-73.97484126,40.6711978,71.0,25,"{'android': 'https://bkn.lft.to/lastmile_qr_scan', 'ios': 'https://bkn.lft.to/lastmile_qr_scan'}","['KEY', 'CREDITCARD']",True,classic,66de1b5b-0aca-11e7-82f6-3863bb44ef7c,False,[],False
cd5e7c3e-c618-416a-ae99-b509bd56e1b2,48 St & Broadway,6629.06,-73.912715,40.755763,71.0,31,"{'android': 'https://bkn.lft.to/lastmile_qr_scan', 'ios': 'https://bkn.lft.to/lastmile_qr_scan'}","['KEY', 'CREDITCARD']",True,classic,cd5e7c3e-c618-416a-ae99-b509bd56e1b2,False,[],False
d873e463-2dc9-4bf8-86c7-fea8ddaa3a9f,Washington Ave & E 167 St,8068.01,-73.907618,40.829896,71.0,19,"{'android': 'https://bkn.lft.to/lastmile_qr_scan', 'ios': 'https://bkn.lft.to/lastmile_qr_scan'}","['KEY', 'CREDITCARD']",False,classic,d873e463-2dc9-4bf8-86c7-fea8ddaa3a9f,False,[],False
2206777248062022082,67 Ave & Queens Blvd S,5634.01,-73.85393,40.72672,71.0,18,"{'android': 'https://bkn.lft.to/lastmile_qr_scan', 'ios': 'https://bkn.lft.to/lastmile_qr_scan'}","['KEY', 'CREDITCARD']",False,classic,2206777248062022082,False,[],False
ff2869f0-4381-4cf3-863e-a0d776ec53b4,Old Slip & South St,4993.13,-74.007867872715,40.70336686695866,71.0,93,"{'android': 'https://bkn.lft.to/lastmile_qr_scan', 'ios': 'https://bkn.lft.to/lastmile_qr_scan'}","['KEY', 'CREDITCARD']",True,classic,ff2869f0-4381-4cf3-863e-a0d776ec53b4,False,[],False
2235292731365140254,Rockaway Ave & Blake Ave,3798.04,-73.90956,40.66581,71.0,16,"{'android': 'https://bkn.lft.to/lastmile_qr_scan', 'ios': 'https://bkn.lft.to/lastmile_qr_scan'}","['KEY', 'CREDITCARD']",False,classic,2235292731365140254,False,[],False
96a4da57-107a-43d1-8828-4749d5555461,Flatbush Ave & Eastern Pkwy,3856.03,-73.966438,40.668757,71.0,30,"{'android': 'https://bkn.lft.to/lastmile_qr_scan', 'ios': 'https://bkn.lft.to/lastmile_qr_scan'}","['KEY', 'CREDITCARD']",True,classic,96a4da57-107a-43d1-8828-4749d5555461,False,[],False
4e1a13af-1c3b-48f2-8586-5edceea97d61,Nelson Ave & 167 St,8183.08,-73.92608866095543,40.83670566862804,71.0,21,"{'android': 'https://bkn.lft.to/lastmile_qr_scan', 'ios': 'https://bkn.lft.to/lastmile_qr_scan'}","['KEY', 'CREDITCARD']",True,classic,4e1a13af-1c3b-48f2-8586-5edceea97d61,False,[],False
30a75e12-5327-48f0-8155-3925aa934054,57 St & 7 Ave,2861.02,-74.010147,40.638566,71.0,22,"{'android': 'https://bkn.lft.to/lastmile_qr_scan', 'ios': 'https://bkn.lft.to/lastmile_qr_scan'}","['KEY', 'CREDITCARD']",True,classic,30a75e12-5327-48f0-8155-3925aa934054,False,[],False
66dc73b0-0aca-11e7-82f6-3863bb44ef7c,W 47 St & 10 Ave,6824.07,-73.99301222,40.76269882,71.0,39,"{'android': 'https://bkn.lft.to/lastmile_qr_scan', 'ios': 'https://bkn.lft.to/lastmile_qr_scan'}","['KEY', 'CREDITCARD']",True,classic,66dc73b0-0aca-11e7-82f6-3863bb44ef7c,False,[],False
16e17ca1-b2dc-47d0-8c8b-199cb4736fe7,Aqueduct Ave & W 190 St,8605.06,-73.9024238,40.8649213,71.0,20,"{'android': 'https://bkn.lft.to/lastmile_qr_scan', 'ios': 'https://bkn.lft.to/lastmile_qr_scan'}","['KEY', 'CREDITCARD']",True,classic,16e17ca1-b2dc-47d0-8c8b-199cb4736fe7,False,[],False
66dc51e9-0aca-11e7-82f6-3863bb44ef7c,10 Ave & W 28 St,6459.04,-74.00176802,40.75066386,71.0,49,"{'android': 'https://bkn.lft.to/lastmile_qr_scan', 'ios': 'https://bkn.lft.to/lastmile_qr_scan'}","['KEY', 'CREDITCARD']",True,classic,66dc51e9-0aca-11e7-82f6-3863bb44ef7c,False,[],False
2250953016513790446,Livonia Ave & Williams Ave,3708.09,-73.89765,40.66428,71.0,16,"{'android': 'https://bkn.lft.to/lastmile_qr_scan', 'ios': 'https://bkn.lft.to/lastmile_qr_scan'}","['KEY', 'CREDITCARD']",False,classic,2250953016513790446,False,[],False
5f0aa684-a1c5-4119-827f-7860f1cd4ccd,Bushwick Ave & Harman St,4640.01,-73.92524,40.69356,71.0,25,"{'android': 'https://bkn.lft.to/lastmile_qr_scan', 'ios': 'https://bkn.lft.to/lastmile_qr_scan'}","['KEY', 'CREDITCARD']",True,classic,5f0aa684-a1c5-4119-827f-7860f1cd4ccd,False,[],False
35915f48-31c5-499a-b845-2ca2fb541904,Yankee Ferry Terminal,4440.02,-74.01675585121666,40.68706579875912,71.0,42,"{'android': 'https://bkn.lft.to/lastmile_qr_scan', 'ios': 'https://bkn.lft.to/lastmile_qr_scan'}","['KEY', 'CREDITCARD']",True,classic,35915f48-31c5-499a-b845-2ca2fb541904,False,[],False
1836581714456697424,93 St & Roosevelt Ave,6390.05,-73.87368,40.74888,71.0,24,"{'android': 'https://bkn.lft.to/lastmile_qr_scan', 'ios': 'https://bkn.lft.to/lastmile_qr_scan'}","['KEY', 'CREDITCARD']",True,classic,1836581714456697424,False,[],False
a381b37a-a928-4834-87ee-da9922cb3b3d,Shore Blvd & Astoria Park,7271.01,-73.923162,40.77977,71.0,33,"{'android': 'https://bkn.lft.to/lastmile_qr_scan', 'ios': 'https://bkn.lft.to/lastmile_qr_scan'}","['KEY', 'CREDITCARD']",True,classic,a381b37a-a928-4834-87ee-da9922cb3b3d,False,[],False
1823008749757202820,Clarkson Ave & Troy Ave,3454.01,-73.93647529780917,40.65630069792407,71.0,23,"{'android': 'https://bkn.lft.to/lastmile_qr_scan', 'ios': 'https://bkn.lft.to/lastmile_qr_scan'}","['KEY', 'CREDITCARD']",True,classic,1823008749757202820,False,[],False
ab40ffde-f331-4194-adab-cb8c60b63f28,W Fordham Rd & Loring Pl N,8590.01,-73.90741,40.86295,71.0,25,"{'android': 'https://bkn.lft.to/lastmile_qr_scan', 'ios': 'https://bkn.lft.to/lastmile_qr_scan'}","['KEY', 'CREDITCARD']",True,classic,ab40ffde-f331-4194-adab-cb8c60b63f28,False,[],False
d473f31f-68f2-4777-a364-ed127db04345,Moffat St & Bushwick,4357.01,-73.90925,40.68458,71.0,18,"{'android': 'https://bkn.lft.to/lastmile_qr_scan', 'ios': 'https://bkn.lft.to/lastmile_qr_scan'}","['KEY', 'CREDITCARD']",True,classic,d473f31f-68f2-4777-a364-ed127db04345,False,[],False
a4368364-fa79-493c-8478-1d3471a6077f,E 11 St & 3 Ave,5788.16,-73.98849,40.73127,71.0,80,"{'android': 'https://bkn.lft.to/lastmile_qr_scan', 'ios': 'https://bkn.lft.to/lastmile_qr_scan'}","['KEY', 'CREDITCARD']",True,classic,a4368364-fa79-493c-8478-1d3471a6077f,False,[],False
2206779820747432414,Queens Blvd N & 71 Ave,5474.06,-73.84363,40.72144,71.0,29,"{'android': 'https://bkn.lft.to/lastmile_qr_scan', 'ios': 'https://bkn.lft.to/lastmile_qr_scan'}","['KEY', 'CREDITCARD']",False,classic,2206779820747432414,False,[],False
9e3603ee-2b7d-4147-a7b5-48bbd778902c,Forsyth St & Grand St,5382.07,-73.99316132068634,40.71779817737835,71.0,63,"{'android': 'https://bkn.lft.to/lastmile_qr_scan', 'ios': 'https://bkn.lft.to/lastmile_qr_scan'}","['KEY', 'CREDITCARD']",True,classic,9e3603ee-2b7d-4147-a7b5-48bbd778902c,False,[],False
7dcc5a03-5997-4250-9207-fa8b6f027c86,Somers St & Broadway,4203.04,-73.90474,40.67945,71.0,29,"{'android': 'https://bkn.lft.to/lastmile_qr_scan', 'ios': 'https://bkn.lft.to/lastmile_qr_scan'}","['KEY', 'CREDITCARD']",True,classic,7dcc5a03-5997-4250-9207-fa8b6f027c86,False,[],False
e35494b4-5811-4d2a-87de-4430e56bce2d,Amsterdam Ave & W 189 St,8432.11,-73.92715752124786,40.85318758861975,71.0,21,"{'android': 'https://bkn.lft.to/lastmile_qr_scan', 'ios': 'https://bkn.lft.to/lastmile_qr_scan'}","['KEY', 'CREDITCARD']",True,classic,e35494b4-5811-4d2a-87de-4430e56bce2d,False,[],False
66db95e5-0aca-11e7-82f6-3863bb44ef7c,W 20 St & 7 Ave,6182.02,-73.99726235,40.74238787,71.0,44,"{'android': 'https://bkn.lft.to/lastmile_qr_scan', 'ios': 'https://bkn.lft.to/lastmile_qr_scan'}","['KEY', 'CREDITCARD']",True,classic,66db95e5-0aca-11e7-82f6-3863bb44ef7c,False,[],False
66de4c32-0aca-11e7-82f6-3863bb44ef7c,7 St & 3 Ave,3996.01,-73.98983001708984,40.67260298150126,71.0,24,"{'android': 'https://bkn.lft.to/lastmile_qr_scan', 'ios': 'https://bkn.lft.to/lastmile_qr_scan'}","['KEY', 'CREDITCARD']",True,classic,66de4c32-0aca-11e7-82f6-3863bb44ef7c,False,[],False
079b5a90-1d2b-40b2-b1e9-71c075f16b89,Chauncey St & Howard Ave,4293.05,-73.91959,40.68158,71.0,21,"{'android': 'https://bkn.lft.to/lastmile_qr_scan', 'ios': 'https://bkn.lft.to/lastmile_qr_scan'}","['KEY', 'CREDITCARD']",True,classic,079b5a90-1d2b-40b2-b1e9-71c075f16b89,False,[],False
88bf1344-354f-4699-bdbd-1c2584fc41ee,Motorgate,6814.01,-73.9477213,40.7639089,71.0,36,"{'android': 'https://bkn.lft.to/lastmile_qr_scan', 'ios': 'https://bkn.lft.to/lastmile_qr_scan'}","['KEY', 'CREDITCARD']",True,classic,88bf1344-354f-4699-bdbd-1c2584fc41ee,False,[],False
66ddeca9-0aca-11e7-82f6-3863bb44ef7c,Columbia St & Kane St,4422.05,-74.0016256,40.68763155,71.0,20,"{'android': 'https://bkn.lft.to/lastmile_qr_scan', 'ios': 'https://bkn.lft.to/lastmile_qr_scan'}","['KEY', 'CREDITCARD']",True,classic,66ddeca9-0aca-11e7-82f6-3863bb44ef7c,False,[],False
5cb3a92d-f284-477c-bf63-ea72d24e8a7d,W 225 St & Exterior St,8711.02,-73.906646,40.873265,71.0,19,"{'android': 'https://bkn.lft.to/lastmile_qr_scan', 'ios': 'https://bkn.lft.to/lastmile_qr_scan'}","['KEY', 'CREDITCARD']",True,classic,5cb3a92d-f284-477c-bf63-ea72d24e8a7d,False,[],False
7efcb97f-6c8f-4445-86a9-3f758a822f17,W 116 St & Amsterdam Ave,7692.11,-73.9607082,40.8067581,71.0,43,"{'android': 'https://bkn.lft.to/lastmile_qr_scan', 'ios': 'https://bkn.lft.to/lastmile_qr_scan'}","['KEY', 'CREDITCARD']",False,classic,7efcb97f-6c8f-4445-86a9-3f758a822f17,False,[],False
c38e2cfc-04e6-419c-8bf8-d8713ccf6ea7,Bridge St & York St,4853.06,-73.98471236228943,40.70133448066992,71.0,54,"{'android': 'https://bkn.lft.to/lastmile_qr_scan', 'ios': 'https://bkn.lft.to/lastmile_qr_scan'}","['KEY', 'CREDITCARD']",True,classic,c38e2cfc-04e6-419c-8bf8-d8713ccf6ea7,False,[],False
01f01352-50d4-484e-a611-576b18ac373a,Bergen St & 4 Ave,4322.06,-73.9798977971077,40.68256425759694,71.0,34,"{'android': 'https://bkn.lft.to/lastmile_qr_scan', 'ios': 'https://bkn.lft.to/lastmile_qr_scan'}","['KEY', 'CREDITCARD']",True,classic,01f01352-50d4-484e-a611-576b18ac373a,False,[],False
7a701539-2c10-4abe-803f-525785ebb7fb,MacDonough St & Marcy Ave,4246.02,-73.94613,40.68078,71.0,22,"{'android': 'https://bkn.lft.to/lastmile_qr_scan', 'ios': 'https://bkn.lft.to/lastmile_qr_scan'}","['KEY', 'CREDITCARD']",True,classic,7a701539-2c10-4abe-803f-525785ebb7fb,False,[],False
1789e458-c466-4d77-aba6-365f5c3823ed,Lewis Ave & Fulton St,4196.01,-73.93467,40.67972,71.0,20,"{'android': 'https://bkn.lft.to/lastmile_qr_scan', 'ios': 'https://bkn.lft.to/lastmile_qr_scan'}","['KEY', 'CREDITCARD']",True,classic,1789e458-c466-4d77-aba6-365f5c3823ed,False,[],False
66db6aae-0aca-11e7-82f6-3863bb44ef7c,E 2 St & Ave B,5515.02,-73.98368779,40.72217444,71.0,85,"{'android': 'https://bkn.lft.to/lastmile_qr_scan', 'ios': 'https://bkn.lft.to/lastmile_qr_scan'}","['KEY', 'CREDITCARD']",True,classic,66db6aae-0aca-11e7-82f6-3863bb44ef7c,False,[],False
1945126147213275898,Clifton Pl & Bedford Ave,4485.10,-73.955156,40.688655,71.0,23,"{'android': 'https://bkn.lft.to/lastmile_qr_scan', 'ios': 'https://bkn.lft.to/lastmile_qr_scan'}","['KEY', 'CREDITCARD']",True,classic,1945126147213275898,False,[],False
ab692d1f-5a4a-4fff-b929-013c3a7e8a98,51 St & Queens Blvd,6167.03,-73.91395,40.7429,71.0,20,"{'android': 'https://bkn.lft.to/lastmile_qr_scan', 'ios': 'https://bkn.lft.to/lastmile_qr_scan'}","['KEY', 'CREDITCARD']",True,classic,ab692d1f-5a4a-4fff-b929-013c3a7e8a98,False,[],False
cbcbd880-9662-4ab1-b530-781bb101ed1f,Jerome Ave & W 193 St,8619.02,-73.89794,40.86659,71.0,18,"{'android': 'https://bkn.lft.to/lastmile_qr_scan', 'ios': 'https://bkn.lft.to/lastmile_qr_scan'}","['KEY', 'CREDITCARD']",True,classic,cbcbd880-9662-4ab1-b530-781bb101ed1f,False,[],False
557f8d40-dec1-4c61-bd03-a0d1a6ea0e4b,Church Ave & McDonald Ave,3090.06,-73.979239,40.642809,71.0,29,"{'android': 'https://bkn.lft.to/lastmile_qr_scan', 'ios': 'https://bkn.lft.to/lastmile_qr_scan'}","['KEY', 'CREDITCARD']",True,classic,557f8d40-dec1-4c61-bd03-a0d1a6ea0e4b,False,[],False
66db32fb-0aca-11e7-82f6-3863bb44ef7c,E 47 St & 2 Ave,6498.10,-73.97032517,40.75323098,71.0,102,"{'android': 'https://bkn.lft.to/lastmile_qr_scan', 'ios': 'https://bkn.lft.to/lastmile_qr_scan'}","['KEY', 'CREDITCARD']",True,classic,66db32fb-0aca-11e7-82f6-3863bb44ef7c,False,[],False
66ddb595-0aca-11e7-82f6-3863bb44ef7c,Monroe St & Tompkins Ave,4434.06,-73.944694,40.686203,71.0,19,"{'android': 'https://bkn.lft.to/lastmile_qr_scan', 'ios': 'https://bkn.lft.to/lastmile_qr_scan'}","['KEY', 'CREDITCARD']",False,classic,66ddb595-0aca-11e7-82f6-3863bb44ef7c,False,[],False
2126624466406238560,96 St & Marine Ave,2200.07,-74.03568,40.61699,71.0,16,"{'android': 'https://bkn.lft.to/lastmile_qr_scan', 'ios': 'https://bkn.lft.to/lastmile_qr_scan'}","['KEY', 'CREDITCARD']",False,classic,2126624466406238560,False,[],False
138094a0-cd7d-4014-9b21-4fb2afd3980e,Adam Clayton Powell Blvd & W 118 St,7670.09,-73.951475,40.804372,71.0,27,"{'android': 'https://bkn.lft.to/lastmile_qr_scan', 'ios': 'https://bkn.lft.to/lastmile_qr_scan'}","['KEY', 'CREDITCARD']",True,classic,138094a0-cd7d-4014-9b21-4fb2afd3980e,False,[],False
66db4351-0aca-11e7-82f6-3863bb44ef7c,Lispenard St & Broadway,5391.06,-74.00247214,40.71939226,71.0,79,"{'android': 'https://bkn.lft.to/lastmile_qr_scan', 'ios': 'https://bkn.lft.to/lastmile_qr_scan'}","['KEY', 'CREDITCARD']",True,classic,66db4351-0aca-11e7-82f6-3863bb44ef7c,False,[],False
d8e8d54b-be48-41c3-a27f-dfd888d8cf01,E 39 St & 2 Ave,6345.08,-73.973827958107,40.74803319428767,71.0,40,"{'android': 'https://bkn.lft.to/lastmile_qr_scan', 'ios': 'https://bkn.lft.to/lastmile_qr_scan'}","['KEY', 'CREDITCARD']",True,classic,d8e8d54b-be48-41c3-a27f-dfd888d8cf01,False,[],False
66db6387-0aca-11e7-82f6-3863bb44ef7c,Broadway & E 14 St,5905.12,-73.99074142,40.73454567,71.0,114,"{'android': 'https://bkn.lft.to/lastmile_qr_scan', 'ios': 'https://bkn.lft.to/lastmile_qr_scan'}","['KEY', 'CREDITCARD']",False,classic,66db6387-0aca-11e7-82f6-3863bb44ef7c,False,[],False
66dc7957-0aca-11e7-82f6-3863bb44ef7c,E 25 St & 2 Ave,6046.02,-73.97973776,40.73912601,71.0,79,"{'android': 'https://bkn.lft.to/lastmile_qr_scan', 'ios': 'https://bkn.lft.to/lastmile_qr_scan'}","['KEY', 'CREDITCARD']",True,classic,66dc7957-0aca-11e7-82f6-3863bb44ef7c,False,[],False
de0c1800-f7cc-41b4-ab7a-c9d219180d06,E 39 St & Lexington Ave,6389.09,-73.97729203113158,40.7494985460252,71.0,63,"{'android': 'https://bkn.lft.to/lastmile_qr_scan', 'ios': 'https://bkn.lft.to/lastmile_qr_scan'}","['KEY', 'CREDITCARD']",True,classic,de0c1800-f7cc-41b4-ab7a-c9d219180d06,False,[],False
c2291f8e-3b07-4671-82af-2b947825de4a,State St & Smith St,4522.07,-73.9886,40.68917,71.0,66,"{'android': 'https://bkn.lft.to/lastmile_qr_scan', 'ios': 'https://bkn.lft.to/lastmile_qr_scan'}","['KEY', 'CREDITCARD']",True,classic,c2291f8e-3b07-4671-82af-2b947825de4a,False,[],False
1843486757863039016,55 Ave & 90 St,6005.04,-73.87318,40.73676,71.0,21,"{'android': 'https://bkn.lft.to/lastmile_qr_scan', 'ios': 'https://bkn.lft.to/lastmile_qr_scan'}","['KEY', 'CREDITCARD']",True,classic,1843486757863039016,False,[],False
66dd8bd9-0aca-11e7-82f6-3863bb44ef7c,47 Ave & 31 St,6151.03,-73.93561,40.743,71.0,27,"{'android': 'https://bkn.lft.to/lastmile_qr_scan', 'ios': 'https://bkn.lft.to/lastmile_qr_scan'}","['KEY', 'CREDITCARD']",True,classic,66dd8bd9-0aca-11e7-82f6-3863bb44ef7c,False,[],False
1817433126359581672,Beverley Rd & E 49 St,3187.01,-73.93067,40.64621,71.0,22,"{'android': 'https://bkn.lft.to/lastmile_qr_scan', 'ios': 'https://bkn.lft.to/lastmile_qr_scan'}","['KEY', 'CREDITCARD']",True,classic,1817433126359581672,False,[],False
49d2cd03-f508-483f-a7c9-7fd450e5e6db,21 St & 38 Ave,6656.05,-73.9391224,40.7576314,71.0,19,"{'android': 'https://bkn.lft.to/lastmile_qr_scan', 'ios': 'https://bkn.lft.to/lastmile_qr_scan'}","['KEY', 'CREDITCARD']",True,classic,49d2cd03-f508-483f-a7c9-7fd450e5e6db,False,[],False
1d8e51b0-8131-4c1f-93fb-f04952c157c0,W 146 St & Broadway,8018.09,-73.949738,40.826969,71.0,30,"{'android': 'https://bkn.lft.to/lastmile_qr_scan', 'ios': 'https://bkn.lft.to/lastmile_qr_scan'}","['KEY', 'CREDITCARD']",True,classic,1d8e51b0-8131-4c1f-93fb-f04952c157c0,False,[],False
2206770641351326294,62 Dr & 97 Pl,5836.09,-73.86065,40.73282,71.0,18,"{'android': 'https://bkn.lft.to/lastmile_qr_scan', 'ios': 'https://bkn.lft.to/lastmile_qr_scan'}","['KEY', 'CREDITCARD']",False,classic,2206770641351326294,False,[],False
2239346024496294782,Murray St & West St (NW Corner),5329.09,-74.014077,40.715438,71.0,74,"{'android': 'https://bkn.lft.to/lastmile_qr_scan', 'ios': 'https://bkn.lft.to/lastmile_qr_scan'}","['KEY', 'CREDITCARD']",True,classic,2239346024496294782,False,[],False
66de20c8-0aca-11e7-82f6-3863bb44ef7c,West End Ave & W 107 St,7650.05,-73.9681805305,40.8021174,71.0,31,"{'android': 'https://bkn.lft.to/lastmile_qr_scan', 'ios': 'https://bkn.lft.to/lastmile_qr_scan'}","['KEY', 'CREDITCARD']",True,classic,66de20c8-0aca-11e7-82f6-3863bb44ef7c,False,[],False
99d149f9-ad40-461e-beea-fcbf086f9b5a,E 11 St & Ave B,5659.11,-73.97950418293476,40.72746420692392,71.0,66,"{'android': 'https://bkn.lft.to/lastmile_qr_scan', 'ios': 'https://bkn.lft.to/lastmile_qr_scan'}","['KEY', 'CREDITCARD']",True,classic,99d149f9-ad40-461e-beea-fcbf086f9b5a,False,[],False
66dbe4db-0aca-11e7-82f6-3863bb44ef7c,W 31 St & 7 Ave,6331.01,-73.9916,40.749156,71.0,84,"{'android': 'https://bkn.lft.to/lastmile_qr_scan', 'ios': 'https://bkn.lft.to/lastmile_qr_scan'}","['KEY', 'CREDITCARD']",True,classic,66dbe4db-0aca-11e7-82f6-3863bb44ef7c,False,[],False
66de27da-0aca-11e7-82f6-3863bb44ef7c,E 76 St & Park Ave,7128.08,-73.96222088,40.773763,71.0,28,"{'android': 'https://bkn.lft.to/lastmile_qr_scan', 'ios': 'https://bkn.lft.to/lastmile_qr_scan'}","['KEY', 'CREDITCARD']",True,classic,66de27da-0aca-11e7-82f6-3863bb44ef7c,False,[],False
d55dd622-0ced-4e4d-9ea5-2ef2cb6481a9,South St & Pike St,5159.07,-73.99161100387573,40.70991806921533,71.0,35,"{'android': 'https://bkn.lft.to/lastmile_qr_scan', 'ios': 'https://bkn.lft.to/lastmile_qr_scan'}","['KEY', 'CREDITCARD']",True,classic,d55dd622-0ced-4e4d-9ea5-2ef2cb6481a9,False,[],False
918af7b2-e05c-477a-a8c0-7dcff984c566,5 St & Market St,4843.01,-73.97440128028393,40.6999974843885,71.0,39,"{'android': 'https://bkn.lft.to/lastmile_qr_scan', 'ios': 'https://bkn.lft.to/lastmile_qr_scan'}","['KEY', 'CREDITCARD']",True,classic,918af7b2-e05c-477a-a8c0-7dcff984c566,False,[],False
66dcbdc2-0aca-11e7-82f6-3863bb44ef7c,Halsey St & Tompkins Ave,4319.07,-73.944118,40.6823687,71.0,21,"{'android': 'https://bkn.lft.to/lastmile_qr_scan', 'ios': 'https://bkn.lft.to/lastmile_qr_scan'}","['KEY', 'CREDITCARD']",True,classic,66dcbdc2-0aca-11e7-82f6-3863bb44ef7c,False,[],False
4753c1ba-a86e-431e-94fb-06403cdee4d7,Vernon Blvd & 47 Rd,6212.08,-73.9534573,40.7449067,71.0,31,"{'android': 'https://bkn.lft.to/lastmile_qr_scan', 'ios': 'https://bkn.lft.to/lastmile_qr_scan'}","['KEY', 'CREDITCARD']",True,classic,4753c1ba-a86e-431e-94fb-06403cdee4d7,False,[],False
dcdaa64b-4d2c-4017-bfb9-da25924f851d,Steinway St & 21 Ave,7137.04,-73.903787,40.774798,71.0,15,"{'android': 'https://bkn.lft.to/lastmile_qr_scan', 'ios': 'https://bkn.lft.to/lastmile_qr_scan'}","['KEY', 'CREDITCARD']",True,classic,dcdaa64b-4d2c-4017-bfb9-da25924f851d,False,[],False
66de1a8a-0aca-11e7-82f6-3863bb44ef7c,Amsterdam Ave & W 66 St,7149.05,-73.98470567,40.7746671,71.0,28,"{'android': 'https://bkn.lft.to/lastmile_qr_scan', 'ios': 'https://bkn.lft.to/lastmile_qr_scan'}","['KEY', 'CREDITCARD']",False,classic,66de1a8a-0aca-11e7-82f6-3863bb44ef7c,False,[],False
66db6cd4-0aca-11e7-82f6-3863bb44ef7c,Ave D & E 3 St,5436.09,-73.97793172,40.72082834,71.0,55,"{'android': 'https://bkn.lft.to/lastmile_qr_scan', 'ios': 'https://bkn.lft.to/lastmile_qr_scan'}","['KEY', 'CREDITCARD']",True,classic,66db6cd4-0aca-11e7-82f6-3863bb44ef7c,False,[],False
531e6d94-5f4c-4ef0-9c83-47191be9d8f9,Tinton Ave & E 165 St,7991.01,-73.90242,40.824796,71.0,19,"{'android': 'https://bkn.lft.to/lastmile_qr_scan', 'ios': 'https://bkn.lft.to/lastmile_qr_scan'}","['KEY', 'CREDITCARD']",True,classic,531e6d94-5f4c-4ef0-9c83-47191be9d8f9,False,[],False
1846449740982645546,Brooklyn Ave & Lefferts Ave,3688.06,-73.945565,40.662564,71.0,20,"{'android': 'https://bkn.lft.to/lastmile_qr_scan', 'ios': 'https://bkn.lft.to/lastmile_qr_scan'}","['KEY', 'CREDITCARD']",True,classic,1846449740982645546,False,[],False
66dded11-0aca-11e7-82f6-3863bb44ef7c,1 Ave & E 94 St,7286.05,-73.94594,40.7817212,71.0,39,"{'android': 'https://bkn.lft.to/lastmile_qr_scan', 'ios': 'https://bkn.lft.to/lastmile_qr_scan'}","['KEY', 'CREDITCARD']",True,classic,66dded11-0aca-11e7-82f6-3863bb44ef7c,False,[],False
2126225134412534550,4 Ave & 87 St,2303.05,-74.02863,40.62184,71.0,20,"{'android': 'https://bkn.lft.to/lastmile_qr_scan', 'ios': 'https://bkn.lft.to/lastmile_qr_scan'}","['KEY', 'CREDITCARD']",False,classic,2126225134412534550,False,[],False
1975518396279321266,E 17 St & Broadway,5980.10,-73.990134,40.737006,71.0,78,"{'android': 'https://bkn.lft.to/lastmile_qr_scan', 'ios': 'https://bkn.lft.to/lastmile_qr_scan'}","['KEY', 'CREDITCARD']",True,classic,1975518396279321266,False,[],False
cae4f2f4-9642-474c-95cc-6cc07592f120,31 St & Newtown Ave,6923.20,-73.9209334552288,40.7675487799971,71.0,37,"{'android': 'https://bkn.lft.to/lastmile_qr_scan', 'ios': 'https://bkn.lft.to/lastmile_qr_scan'}","['KEY', 'CREDITCARD']",False,classic,cae4f2f4-9642-474c-95cc-6cc07592f120,False,[],False
66dcc65c-0aca-11e7-82f6-3863bb44ef7c,Pulaski St & Marcus Garvey Blvd,4656.03,-73.939877,40.6933982,71.0,19,"{'android': 'https://bkn.lft.to/lastmile_qr_scan', 'ios': 'https://bkn.lft.to/lastmile_qr_scan'}","['KEY', 'CREDITCARD']",True,classic,66dcc65c-0aca-11e7-82f6-3863bb44ef7c,False,[],False
0579ff13-5d5b-4cbd-bc6e-3e9396591aef,Sumpter St & Fulton St,4187.04,-73.92588,40.67923,71.0,19,"{'android': 'https://bkn.lft.to/lastmile_qr_scan', 'ios': 'https://bkn.lft.to/lastmile_qr_scan'}","['KEY', 'CREDITCARD']",True,classic,0579ff13-5d5b-4cbd-bc6e-3e9396591aef,False,[],False
2121033124458338894,Cortelyou Rd & E 8 St,2947.05,-73.97063,40.63874,71.0,16,"{'android': 'https://bkn.lft.to/lastmile_qr_scan', 'ios': 'https://bkn.lft.to/lastmile_qr_scan'}","['KEY', 'CREDITCARD']",False,classic,2121033124458338894,False,[],False
2c366f4b-8319-41bf-ab8e-2fba3a952feb,W 42 St & 6 Ave,6517.08,-73.98455,40.75492,71.0,54,"{'android': 'https://bkn.lft.to/lastmile_qr_scan', 'ios': 'https://bkn.lft.to/lastmile_qr_scan'}","['KEY', 'CREDITCARD']",False,classic,2c366f4b-8319-41bf-ab8e-2fba3a952feb,False,[],False
2206780234736615936,Austin St & 70 Rd,5443.02,-73.84576,40.72047,71.0,23,"{'android': 'https://bkn.lft.to/lastmile_qr_scan', 'ios': 'https://bkn.lft.to/lastmile_qr_scan'}","['KEY', 'CREDITCARD']",False,classic,2206780234736615936,False,[],False
1597ea95-0b6b-425a-8d13-ed86ee0754b5,Lexington Ave & Stuyvesant Ave,4500.07,-73.93353,40.68973,71.0,20,"{'android': 'https://bkn.lft.to/lastmile_qr_scan', 'ios': 'https://bkn.lft.to/lastmile_qr_scan'}","['KEY', 'CREDITCARD']",True,classic,1597ea95-0b6b-425a-8d13-ed86ee0754b5,False,[],False
2250949099553479792,Cleveland St & Liberty Ave,4102.03,-73.88484,40.67625,71.0,12,"{'android': 'https://bkn.lft.to/lastmile_qr_scan', 'ios': 'https://bkn.lft.to/lastmile_qr_scan'}","['KEY', 'CREDITCARD']",False,classic,2250949099553479792,False,[],False
66dccd65-0aca-11e7-82f6-3863bb44ef7c,Broadway & Whipple St,4883.03,-73.9437303,40.7016657,71.0,27,"{'android': 'https://bkn.lft.to/lastmile_qr_scan', 'ios': 'https://bkn.lft.to/lastmile_qr_scan'}","['KEY', 'CREDITCARD']",True,classic,66dccd65-0aca-11e7-82f6-3863bb44ef7c,False,[],False
1817432787057164808,Cortelyou Rd & Stratford Rd,2898.01,-73.96807,40.63966,71.0,21,"{'android': 'https://bkn.lft.to/lastmile_qr_scan', 'ios': 'https://bkn.lft.to/lastmile_qr_scan'}","['KEY', 'CREDITCARD']",True,classic,1817432787057164808,False,[],False
dd8627c8-4190-4a30-8758-e77a7b010437,St Nicholas Ave & W 126 St,7756.10,-73.9518776,40.8114323,71.0,50,"{'android': 'https://bkn.lft.to/lastmile_qr_scan', 'ios': 'https://bkn.lft.to/lastmile_qr_scan'}","['KEY', 'CREDITCARD']",False,classic,dd8627c8-4190-4a30-8758-e77a7b010437,False,[],False
66dd52c8-0aca-11e7-82f6-3863bb44ef7c,W 70 St & Amsterdam Ave,7207.08,-73.98288594,40.77748046,71.0,43,"{'android': 'https://bkn.lft.to/lastmile_qr_scan', 'ios': 'https://bkn.lft.to/lastmile_qr_scan'}","['KEY', 'CREDITCARD']",True,classic,66dd52c8-0aca-11e7-82f6-3863bb44ef7c,False,[],False
1960020540642077008,Division St & Bowery,5311.08,-73.99673,40.71419,71.0,74,"{'android': 'https://bkn.lft.to/lastmile_qr_scan', 'ios': 'https://bkn.lft.to/lastmile_qr_scan'}","['KEY', 'CREDITCARD']",True,classic,1960020540642077008,False,[],False
66dbef85-0aca-11e7-82f6-3863bb44ef7c,Lafayette Ave & St James Pl,4494.04,-73.9647628,40.68851534,71.0,39,"{'android': 'https://bkn.lft.to/lastmile_qr_scan', 'ios': 'https://bkn.lft.to/lastmile_qr_scan'}","['KEY', 'CREDITCARD']",True,classic,66dbef85-0aca-11e7-82f6-3863bb44ef7c,False,[],False
2206776188238371350,99 St & 65 Rd,5753.02,-73.85536,40.72903,71.0,14,"{'android': 'https://bkn.lft.to/lastmile_qr_scan', 'ios': 'https://bkn.lft.to/lastmile_qr_scan'}","['KEY', 'CREDITCARD']",False,classic,2206776188238371350,False,[],False
1a92d2d3-ddf1-4f34-b28c-ce7a064b9a3e,65 Pl & Central Ave,4937.03,-73.88981,40.70264,71.0,21,"{'android': 'https://bkn.lft.to/lastmile_qr_scan', 'ios': 'https://bkn.lft.to/lastmile_qr_scan'}","['KEY', 'CREDITCARD']",True,classic,1a92d2d3-ddf1-4f34-b28c-ce7a064b9a3e,False,[],False
2171903970740122034,Jerome Ave & Bainbridge Ave,8886.05,-73.87832,40.88644,71.0,18,"{'android': 'https://bkn.lft.to/lastmile_qr_scan', 'ios': 'https://bkn.lft.to/lastmile_qr_scan'}","['KEY', 'CREDITCARD']",False,classic,2171903970740122034,False,[],False
3575749f-123a-4a80-870d-7ca7c7f9c8a9,28 Ave & 35 St,6951.03,-73.9169858,40.7671,71.0,27,"{'android': 'https://bkn.lft.to/lastmile_qr_scan', 'ios': 'https://bkn.lft.to/lastmile_qr_scan'}","['KEY', 'CREDITCARD']",True,classic,3575749f-123a-4a80-870d-7ca7c7f9c8a9,False,[],False
66dc8025-0aca-11e7-82f6-3863bb44ef7c,Park Ave & E 42 St,6432.09,-73.977706,40.751873,71.0,83,"{'android': 'https://bkn.lft.to/lastmile_qr_scan', 'ios': 'https://bkn.lft.to/lastmile_qr_scan'}","['KEY', 'CREDITCARD']",True,classic,66dc8025-0aca-11e7-82f6-3863bb44ef7c,False,[],False
2126224876714496782,Shore Rd & 74 St,2717.06,-74.03699,40.63414,71.0,12,"{'android': 'https://bkn.lft.to/lastmile_qr_scan', 'ios': 'https://bkn.lft.to/lastmile_qr_scan'}","['KEY', 'CREDITCARD']",False,classic,2126224876714496782,False,[],False
1815968345907104578,E 48 St & Tilden Ave,3229.07,-73.93182,40.64795,71.0,28,"{'android': 'https://bkn.lft.to/lastmile_qr_scan', 'ios': 'https://bkn.lft.to/lastmile_qr_scan'}","['KEY', 'CREDITCARD']",True,classic,1815968345907104578,False,[],False
b9b58379-b29a-4fa8-ba72-c647728e1686,57 Rd & 58 St,5510.05,-73.91215,40.72235,71.0,21,"{'android': 'https://bkn.lft.to/lastmile_qr_scan', 'ios': 'https://bkn.lft.to/lastmile_qr_scan'}","['KEY', 'CREDITCARD']",True,classic,b9b58379-b29a-4fa8-ba72-c647728e1686,False,[],False
99b7c9a5-9679-417f-b884-21c4b240aa99,10 Ave & W 204 St,8579.09,-73.92006,40.862638,71.0,20,"{'android': 'https://bkn.lft.to/lastmile_qr_scan', 'ios': 'https://bkn.lft.to/lastmile_qr_scan'}","['KEY', 'CREDITCARD']",True,classic,99b7c9a5-9679-417f-b884-21c4b240aa99,False,[],False
66dde7dc-0aca-11e7-82f6-3863bb44ef7c,Prospect Park West & 8 St,3722.04,-73.97637605667114,40.66514681533792,71.0,25,"{'android': 'https://bkn.lft.to/lastmile_qr_scan', 'ios': 'https://bkn.lft.to/lastmile_qr_scan'}","['KEY', 'CREDITCARD']",True,classic,66dde7dc-0aca-11e7-82f6-3863bb44ef7c,False,[],False
66dccc99-0aca-11e7-82f6-3863bb44ef7c,Union Ave & Wallabout St,4818.03,-73.95032283,40.70029511,71.0,31,"{'android': 'https://bkn.lft.to/lastmile_qr_scan', 'ios': 'https://bkn.lft.to/lastmile_qr_scan'}","['KEY', 'CREDITCARD']",True,classic,66dccc99-0aca-11e7-82f6-3863bb44ef7c,False,[],False
2250948241329614952,Barbey St & Fulton St,4185.02,-73.88899,40.6787,71.0,12,"{'android': 'https://bkn.lft.to/lastmile_qr_scan', 'ios': 'https://bkn.lft.to/lastmile_qr_scan'}","['KEY', 'CREDITCARD']",False,classic,2250948241329614952,False,[],False
a68acb0c-4244-416a-bf59-ca55d3120cdd,56 St & Arnold Ave,5289.05,-73.909,40.71484,71.0,21,"{'android': 'https://bkn.lft.to/lastmile_qr_scan', 'ios': 'https://bkn.lft.to/lastmile_qr_scan'}","['KEY', 'CREDITCARD']",True,classic,a68acb0c-4244-416a-bf59-ca55d3120cdd,False,[],False
8b830188-101e-44bf-a755-5e6c611e3edc,Lefferts Ave & Schenectady Ave,3710.07,-73.93472,40.66343,71.0,27,"{'android': 'https://bkn.lft.to/lastmile_qr_scan', 'ios': 'https://bkn.lft.to/lastmile_qr_scan'}","['KEY', 'CREDITCARD']",True,classic,8b830188-101e-44bf-a755-5e6c611e3edc,False,[],False
f3525aa7-9d69-4ea2-9278-4df92db1afa1,Prospect Ave & Vanderbilt St,3426.02,-73.976291,40.653368,71.0,22,"{'android': 'https://bkn.lft.to/lastmile_qr_scan', 'ios': 'https://bkn.lft.to/lastmile_qr_scan'}","['KEY', 'CREDITCARD']",True,classic,f3525aa7-9d69-4ea2-9278-4df92db1afa1,False,[],False
66dcf922-0aca-11e7-82f6-3863bb44ef7c,Metropolitan Ave & Meeker Ave,5300.05,-73.95234386,40.71413311,71.0,30,"{'android': 'https://bkn.lft.to/lastmile_qr_scan', 'ios': 'https://bkn.lft.to/lastmile_qr_scan'}","['KEY', 'CREDITCARD']",True,classic,66dcf922-0aca-11e7-82f6-3863bb44ef7c,False,[],False
5a5a38d1-f28d-4e51-bf85-27bb384135c7,39 St & 2 Ave,3501.01,-74.0106278658,40.6553997745,71.0,33,"{'android': 'https://bkn.lft.to/lastmile_qr_scan', 'ios': 'https://bkn.lft.to/lastmile_qr_scan'}","['KEY', 'CREDITCARD']",True,classic,5a5a38d1-f28d-4e51-bf85-27bb384135c7,False,[],False
0f6fd186-656a-41b3-ba4a-456d22da177c,Frederick Douglass Blvd & W 117 St,7688.12,-73.954692,40.805159,71.0,39,"{'android': 'https://bkn.lft.to/lastmile_qr_scan', 'ios': 'https://bkn.lft.to/lastmile_qr_scan'}","['KEY', 'CREDITCARD']",True,classic,0f6fd186-656a-41b3-ba4a-456d22da177c,False,[],False
66db3583-0aca-11e7-82f6-3863bb44ef7c,Liberty St & Broadway,5105.01,-74.01043382,40.70905623,71.0,67,"{'android': 'https://bkn.lft.to/lastmile_qr_scan', 'ios': 'https://bkn.lft.to/lastmile_qr_scan'}","['KEY', 'CREDITCARD']",True,classic,66db3583-0aca-11e7-82f6-3863bb44ef7c,False,[],False
1960021056359127624,Pleasant Ave & E 116 St,7540.05,-73.93333,40.79499,71.0,23,"{'android': 'https://bkn.lft.to/lastmile_qr_scan', 'ios': 'https://bkn.lft.to/lastmile_qr_scan'}","['KEY', 'CREDITCARD']",True,classic,1960021056359127624,False,[],False
2206780606343384712,72 Rd & 113 St,5504.05,-73.8371,40.7213,71.0,12,"{'android': 'https://bkn.lft.to/lastmile_qr_scan', 'ios': 'https://bkn.lft.to/lastmile_qr_scan'}","['KEY', 'CREDITCARD']",False,classic,2206780606343384712,False,[],False
1869754143518014264,78 St & Northern Blvd,6603.07,-73.88905,40.75499,71.0,40,"{'android': 'https://bkn.lft.to/lastmile_qr_scan', 'ios': 'https://bkn.lft.to/lastmile_qr_scan'}","['KEY', 'CREDITCARD']",True,classic,1869754143518014264,False,[],False
b5861c2d-d687-4308-bf2d-5f69fc28cc4a,Clarkson Ave & Nostrand Ave,3472.03,-73.94975,40.6555,71.0,25,"{'android': 'https://bkn.lft.to/lastmile_qr_scan', 'ios': 'https://bkn.lft.to/lastmile_qr_scan'}","['KEY', 'CREDITCARD']",True,classic,b5861c2d-d687-4308-bf2d-5f69fc28cc4a,False,[],False
92ffa9d6-8cb1-44cf-8059-391b03d58071,Grand Concourse & E 203 St,8734.04,-73.88661,40.87382,71.0,26,"{'android': 'https://bkn.lft.to/lastmile_qr_scan', 'ios': 'https://bkn.lft.to/lastmile_qr_scan'}","['KEY', 'CREDITCARD']",True,classic,92ffa9d6-8cb1-44cf-8059-391b03d58071,False,[],False
c0ce2a38-04f5-4333-8818-2a3faa84f214,Prospect Park SW & Greenwood Ave,3385.06,-73.972573,40.652563,71.0,30,"{'android': 'https://bkn.lft.to/lastmile_qr_scan', 'ios': 'https://bkn.lft.to/lastmile_qr_scan'}","['KEY', 'CREDITCARD']",True,classic,c0ce2a38-04f5-4333-8818-2a3faa84f214,False,[],False
2216026000804919888,Flushing Ave & Clermont Ave,4804.03,-73.97148517679594,40.69804052908624,71.0,23,"{'android': 'https://bkn.lft.to/lastmile_qr_scan', 'ios': 'https://bkn.lft.to/lastmile_qr_scan'}","['KEY', 'CREDITCARD']",True,classic,2216026000804919888,False,[],False
9be6c750-85b6-4e81-bace-1a8ffe941d7b,MacDougal St & Rockaway Ave,4212.01,-73.91136,40.68018,71.0,20,"{'android': 'https://bkn.lft.to/lastmile_qr_scan', 'ios': 'https://bkn.lft.to/lastmile_qr_scan'}","['KEY', 'CREDITCARD']",True,classic,9be6c750-85b6-4e81-bace-1a8ffe941d7b,False,[],False
1846085836152179090,Corona Ave & 92 St,6155.03,-73.87251,40.7424,71.0,21,"{'android': 'https://bkn.lft.to/lastmile_qr_scan', 'ios': 'https://bkn.lft.to/lastmile_qr_scan'}","['KEY', 'CREDITCARD']",True,classic,1846085836152179090,False,[],False
2177015274071900204,Johnson Ave & W 235 St,8883.07,-73.9099,40.88555,71.0,16,"{'android': 'https://bkn.lft.to/lastmile_qr_scan', 'ios': 'https://bkn.lft.to/lastmile_qr_scan'}","['KEY', 'CREDITCARD']",False,classic,2177015274071900204,False,[],False
c4377169-c19e-47e1-90a4-c4e14bb41601,Buffalo Ave & E New York Ave,3814.01,-73.92602,40.66591,71.0,24,"{'android': 'https://bkn.lft.to/lastmile_qr_scan', 'ios': 'https://bkn.lft.to/lastmile_qr_scan'}","['KEY', 'CREDITCARD']",True,classic,c4377169-c19e-47e1-90a4-c4e14bb41601,False,[],False
66dbefee-0aca-11e7-82f6-3863bb44ef7c,Pitt St & Stanton St,5406.04,-73.98178024,40.71926081,71.0,15,"{'android': 'https://bkn.lft.to/lastmile_qr_scan', 'ios': 'https://bkn.lft.to/lastmile_qr_scan'}","['KEY', 'CREDITCARD']",True,classic,66dbefee-0aca-11e7-82f6-3863bb44ef7c,False,[],False
1967778612889039234,E 61 St & Madison Ave,6801.16,-73.97037800510203,40.764752828526326,71.0,0,"{'android': 'https://bkn.lft.to/lastmile_qr_scan', 'ios': 'https://bkn.lft.to/lastmile_qr_scan'}","['KEY', 'CREDITCARD']",True,classic,1967778612889039234,False,[],False
66dea8ff-0aca-11e7-82f6-3863bb44ef7c,E 44 St & 2 Ave,6422.09,-73.97138714790344,40.75118387463277,71.0,0,"{'android': 'https://bkn.lft.to/lastmile_qr_scan', 'ios': 'https://bkn.lft.to/lastmile_qr_scan'}","['KEY', 'CREDITCARD']",True,classic,66dea8ff-0aca-11e7-82f6-3863bb44ef7c,False,[],False
1984510483573713186,1 Ave & E 42 St,6303.02,-73.970127,40.7487575,71.0,0,"{'android': 'https://bkn.lft.to/lastmile_qr_scan', 'ios': 'https://bkn.lft.to/lastmile_qr_scan'}","['KEY', 'CREDITCARD']",True,classic,1984510483573713186,False,[],False
70634bc4-4d90-42d4-8f6a-3f29fa8f7f77,E 50 St & Park Ave,6659.10,-73.974235,40.757334,71.0,0,"{'android': 'https://bkn.lft.to/lastmile_qr_scan', 'ios': 'https://bkn.lft.to/lastmile_qr_scan'}","['KEY', 'CREDITCARD']",True,classic,70634bc4-4d90-42d4-8f6a-3f29fa8f7f77,False,[],False
e36b5913-8e46-4c2a-b9be-73bdf8ee548b,2 Ave & E 72 St,6925.09,-73.95840793848038,40.7687620293096,71.0,55,"{'android': 'https://bkn.lft.to/lastmile_qr_scan', 'ios': 'https://bkn.lft.to/lastmile_qr_scan'}","['KEY', 'CREDITCARD']",True,classic,e36b5913-8e46-4c2a-b9be-73bdf8ee548b,False,[],False
7c7cb750-6613-48a4-bfae-9240968f1fad,E 26 St & 3 Ave,6089.11,-73.98160636425018,40.74069317733043,71.0,39,"{'android': 'https://bkn.lft.to/lastmile_qr_scan', 'ios': 'https://bkn.lft.to/lastmile_qr_scan'}","['KEY', 'CREDITCARD']",True,classic,7c7cb750-6613-48a4-bfae-9240968f1fad,False,[],False
66dc462a-0aca-11e7-82f6-3863bb44ef7c,W 15 St & 7 Ave,6030.06,-73.99931783,40.73935542,71.0,79,"{'android': 'https://bkn.lft.to/lastmile_qr_scan', 'ios': 'https://bkn.lft.to/lastmile_qr_scan'}","['KEY', 'CREDITCARD']",True,classic,66dc462a-0aca-11e7-82f6-3863bb44ef7c,False,[],False
2250953149657776624,Pennsylvania Ave & Livonia Ave,3780.03,-73.89385,40.66465,71.0,0,"{'android': 'https://bkn.lft.to/lastmile_qr_scan', 'ios': 'https://bkn.lft.to/lastmile_qr_scan'}","['KEY', 'CREDITCARD']",False,classic,2250953149657776624,False,[],False
14391923-6727-4359-92e9-03e0b5094753,E 77 St & 1 Ave,7020.02,-73.95356208096926,40.77095553869235,71.0,52,"{'android': 'https://bkn.lft.to/lastmile_qr_scan', 'ios': 'https://bkn.lft.to/lastmile_qr_scan'}","['KEY', 'CREDITCARD']",True,classic,14391923-6727-4359-92e9-03e0b5094753,False,[],False
1945126022626996350,DeKalb Ave & Bedford Ave,4562.02,-73.955195,40.690894,71.0,27,"{'android': 'https://bkn.lft.to/lastmile_qr_scan', 'ios': 'https://bkn.lft.to/lastmile_qr_scan'}","['KEY', 'CREDITCARD']",True,classic,1945126022626996350,False,[],False
66dd4423-0aca-11e7-82f6-3863bb44ef7c,E 81 St & Park Ave,7188.10,-73.9590097,40.77677702,71.0,46,"{'android': 'https://bkn.lft.to/lastmile_qr_scan', 'ios': 'https://bkn.lft.to/lastmile_qr_scan'}","['KEY', 'CREDITCARD']",True,classic,66dd4423-0aca-11e7-82f6-3863bb44ef7c,False,[],False
1856767203049599002,51 Ave & Alstyne Ave,6180.05,-73.85715,40.74311,71.0,21,"{'android': 'https://bkn.lft.to/lastmile_qr_scan', 'ios': 'https://bkn.lft.to/lastmile_qr_scan'}","['KEY', 'CREDITCARD']",True,classic,1856767203049599002,False,[],False
2527619f-ef89-425c-bf3b-60cc0ec519bf,W 15 St & 10 Ave,6115.09,-74.00747358798981,40.74275382865903,71.0,57,"{'android': 'https://bkn.lft.to/lastmile_qr_scan', 'ios': 'https://bkn.lft.to/lastmile_qr_scan'}","['KEY', 'CREDITCARD']",True,classic,2527619f-ef89-425c-bf3b-60cc0ec519bf,False,[],False
2263855457844687416,Main St & River Rd,6881.01,-73.945787,40.766359,71.0,0,"{'android': 'https://bkn.lft.to/lastmile_qr_scan', 'ios': 'https://bkn.lft.to/lastmile_qr_scan'}","['KEY', 'CREDITCARD']",False,classic,2263855457844687416,False,[],False
66dca5f3-0aca-11e7-82f6-3863bb44ef7c,E 43 St & 2 Ave,6422.08,-73.97121414,40.75022392,71.0,0,"{'android': 'https://bkn.lft.to/lastmile_qr_scan', 'ios': 'https://bkn.lft.to/lastmile_qr_scan'}","['KEY', 'CREDITCARD']",True,classic,66dca5f3-0aca-11e7-82f6-3863bb44ef7c,False,[],False
66dc2606-0aca-11e7-82f6-3863bb44ef7c,W 22 St & 10 Ave,6306.06,-74.00451887,40.74691959,71.0,0,"{'android': 'https://bkn.lft.to/lastmile_qr_scan', 'ios': 'https://bkn.lft.to/lastmile_qr_scan'}","['KEY', 'CREDITCARD']",True,classic,66dc2606-0aca-11e7-82f6-3863bb44ef7c,False,[],False
66dc7e75-0aca-11e7-82f6-3863bb44ef7c,E 47 St & 1 Ave,6498.09,-73.96784384,40.75206862,71.0,0,"{'android': 'https://bkn.lft.to/lastmile_qr_scan', 'ios': 'https://bkn.lft.to/lastmile_qr_scan'}","['KEY', 'CREDITCARD']",True,classic,66dc7e75-0aca-11e7-82f6-3863bb44ef7c,False,[],False
2263850070398192242,10 Ave & W 18 St,6233.10,-74.00656,40.744495,71.0,78,"{'android': 'https://bkn.lft.to/lastmile_qr_scan', 'ios': 'https://bkn.lft.to/lastmile_qr_scan'}","['KEY', 'CREDITCARD']",False,classic,2263850070398192242,False,[],False
2250954313593913860,Hinsdale St & Linden Blvd,3524.04,-73.89705,40.65791,71.0,12,"{'android': 'https://bkn.lft.to/lastmile_qr_scan', 'ios': 'https://bkn.lft.to/lastmile_qr_scan'}","['KEY', 'CREDITCARD']",False,classic,2250954313593913860,False,[],False
2163290511399492946,Narrows Ave & MacKay Pl,2803.04,-74.03449,40.63692,71.0,0,"{'android': 'https://bkn.lft.to/lastmile_qr_scan', 'ios': 'https://bkn.lft.to/lastmile_qr_scan'}","['KEY', 'CREDITCARD']",False,classic,2163290511399492946,False,[],False
2250952460135944340,Dumont Ave & New Jersey Ave,3780.06,-73.89359,40.66648,71.0,12,"{'android': 'https://bkn.lft.to/lastmile_qr_scan', 'ios': 'https://bkn.lft.to/lastmile_qr_scan'}","['KEY', 'CREDITCARD']",False,classic,2250952460135944340,False,[],False
1845676917264180046,Snyder Ave & Schenectady Ave,3300.06,-73.93296,40.65,71.0,19,"{'android': 'https://bkn.lft.to/lastmile_qr_scan', 'ios': 'https://bkn.lft.to/lastmile_qr_scan'}","['KEY', 'CREDITCARD']",True,classic,1845676917264180046,False,[],False
2252359670597794212,Clinton St & Bay St,3972.01,-74.003377,40.671778,71.0,26,"{'android': 'https://bkn.lft.to/lastmile_qr_scan', 'ios': 'https://bkn.lft.to/lastmile_qr_scan'}","['KEY', 'CREDITCARD']",True,classic,2252359670597794212,False,[],False
e25f8dee-c110-489f-a978-464ac5c84ca2,Nevins St & Schermerhorn St,4437.09,-73.98176059126854,40.68737247650719,71.0,28,"{'android': 'https://bkn.lft.to/lastmile_qr_scan', 'ios': 'https://bkn.lft.to/lastmile_qr_scan'}","['KEY', 'CREDITCARD']",True,classic,e25f8dee-c110-489f-a978-464ac5c84ca2,False,[],False
914e3e7c-87da-4f52-aa03-5449c6361fa2,30 Ave & 21 St,6996.01,-73.9286078,40.7703743,71.0,15,"{'android': 'https://bkn.lft.to/lastmile_qr_scan', 'ios': 'https://bkn.lft.to/lastmile_qr_scan'}","['KEY', 'CREDITCARD']",True,classic,914e3e7c-87da-4f52-aa03-5449c6361fa2,False,[],False
c9e76fa9-54e2-4161-9798-4787bf04217a,Patchen Ave & Bainbridge St,4261.03,-73.92565,40.68143,71.0,19,"{'android': 'https://bkn.lft.to/lastmile_qr_scan', 'ios': 'https://bkn.lft.to/lastmile_qr_scan'}","['KEY', 'CREDITCARD']",True,classic,c9e76fa9-54e2-4161-9798-4787bf04217a,False,[],False
566935d6-4d66-4b42-9822-f2a816e357b9,E 114 St & 1 Ave,7540.02,-73.9362541,40.7945663,71.0,26,"{'android': 'https://bkn.lft.to/lastmile_qr_scan', 'ios': 'https://bkn.lft.to/lastmile_qr_scan'}","['KEY', 'CREDITCARD']",True,classic,566935d6-4d66-4b42-9822-f2a816e357b9,False,[],False
8f3a6711-fd05-4ce1-acf8-9d72b4a1bf97,Menahan St & Onderdonk Ave,5034.03,-73.9096,40.70553,71.0,20,"{'android': 'https://bkn.lft.to/lastmile_qr_scan', 'ios': 'https://bkn.lft.to/lastmile_qr_scan'}","['KEY', 'CREDITCARD']",True,classic,8f3a6711-fd05-4ce1-acf8-9d72b4a1bf97,False,[],False
7c42f9fc-d280-4841-ad96-e3cc53ee3759,Willis Ave & E 143 St,7798.02,-73.92037,40.812299,71.0,23,"{'android': 'https://bkn.lft.to/lastmile_qr_scan', 'ios': 'https://bkn.lft.to/lastmile_qr_scan'}","['KEY', 'CREDITCARD']",True,classic,7c42f9fc-d280-4841-ad96-e3cc53ee3759,False,[],False
1849009794224623642,47 Ave & 104 St,6295.07,-73.85945,40.7458,71.0,20,"{'android': 'https://bkn.lft.to/lastmile_qr_scan', 'ios': 'https://bkn.lft.to/lastmile_qr_scan'}","['KEY', 'CREDITCARD']",True,classic,1849009794224623642,False,[],False
66dcecfa-0aca-11e7-82f6-3863bb44ef7c,Stagg St & Union Ave,5117.05,-73.95095259,40.70877084,71.0,33,"{'android': 'https://bkn.lft.to/lastmile_qr_scan', 'ios': 'https://bkn.lft.to/lastmile_qr_scan'}","['KEY', 'CREDITCARD']",True,classic,66dcecfa-0aca-11e7-82f6-3863bb44ef7c,False,[],False
6dec8948-44c7-4085-9682-446a891feb42,Rogers Ave & Sterling St,3696.05,-73.9538746,40.6630619,71.0,17,"{'android': 'https://bkn.lft.to/lastmile_qr_scan', 'ios': 'https://bkn.lft.to/lastmile_qr_scan'}","['KEY', 'CREDITCARD']",True,classic,6dec8948-44c7-4085-9682-446a891feb42,False,[],False
1792225684155730482,65 Ln & Metropolitan Ave,5199.01,-73.89397,40.7123,71.0,24,"{'android': 'https://bkn.lft.to/lastmile_qr_scan', 'ios': 'https://bkn.lft.to/lastmile_qr_scan'}","['KEY', 'CREDITCARD']",True,classic,1792225684155730482,False,[],False
f3eb962c-314a-4431-bac7-2eb2ffbe2fd2,College Ave & E 169 St,8141.05,-73.91196817159653,40.835122799036405,71.0,19,"{'android': 'https://bkn.lft.to/lastmile_qr_scan', 'ios': 'https://bkn.lft.to/lastmile_qr_scan'}","['KEY', 'CREDITCARD']",True,classic,f3eb962c-314a-4431-bac7-2eb2ffbe2fd2,False,[],False
3d340fc5-8c86-4d5e-974d-ae28958e61e8,W 20 St & 5 Ave,6098.02,-73.99103969335556,40.73972989238724,71.0,57,"{'android': 'https://bkn.lft.to/lastmile_qr_scan', 'ios': 'https://bkn.lft.to/lastmile_qr_scan'}","['KEY', 'CREDITCARD']",True,classic,3d340fc5-8c86-4d5e-974d-ae28958e61e8,False,[],False
7a8bf573-275f-41d5-ad8b-1ff9ee7c2dce,31 St & 21 Ave,7202.07,-73.90842,40.77813,71.0,27,"{'android': 'https://bkn.lft.to/lastmile_qr_scan', 'ios': 'https://bkn.lft.to/lastmile_qr_scan'}","['KEY', 'CREDITCARD']",True,classic,7a8bf573-275f-41d5-ad8b-1ff9ee7c2dce,False,[],False
bb58e953-4953-4fbe-9ef2-367488dfef9b,Washington Ave & E 163 St,7995.04,-73.91089,40.824,71.0,23,"{'android': 'https://bkn.lft.to/lastmile_qr_scan', 'ios': 'https://bkn.lft.to/lastmile_qr_scan'}","['KEY', 'CREDITCARD']",True,classic,bb58e953-4953-4fbe-9ef2-367488dfef9b,False,[],False
1828966747840428256,73 St & 25 Ave,6757.03,-73.895,40.76205,71.0,19,"{'android': 'https://bkn.lft.to/lastmile_qr_scan', 'ios': 'https://bkn.lft.to/lastmile_qr_scan'}","['KEY', 'CREDITCARD']",True,classic,1828966747840428256,False,[],False
1869439170989701358,Marcy Ave & Lynch St,4933.03,-73.953168,40.702753,71.0,23,"{'android': 'https://bkn.lft.to/lastmile_qr_scan', 'ios': 'https://bkn.lft.to/lastmile_qr_scan'}","['KEY', 'CREDITCARD']",True,classic,1869439170989701358,False,[],False
3c5a8531-4eec-4695-b4f8-8a1158890e78,Withers St & Kingsland Ave,5362.08,-73.94051,40.71773,71.0,18,"{'android': 'https://bkn.lft.to/lastmile_qr_scan', 'ios': 'https://bkn.lft.to/lastmile_qr_scan'}","['KEY', 'CREDITCARD']",True,classic,3c5a8531-4eec-4695-b4f8-8a1158890e78,False,[],False
d7a7789b-a052-4a69-a4ec-59436b0f8d75,West Farms Rd & Boone Ave,8076.08,-73.88630211353302,40.8301283948092,71.0,20,"{'android': 'https://bkn.lft.to/lastmile_qr_scan', 'ios': 'https://bkn.lft.to/lastmile_qr_scan'}","['KEY', 'CREDITCARD']",True,classic,d7a7789b-a052-4a69-a4ec-59436b0f8d75,False,[],False
fe6f022b-7fdb-44fe-80bb-cbfc500959bf,W 140 St & Riverside Dr,7981.27,-73.954743,40.824013,71.0,23,"{'android': 'https://bkn.lft.to/lastmile_qr_scan', 'ios': 'https://bkn.lft.to/lastmile_qr_scan'}","['KEY', 'CREDITCARD']",True,classic,fe6f022b-7fdb-44fe-80bb-cbfc500959bf,False,[],False
067b53bd-33bf-4698-8103-3931a5f32a37,39 St & 47 Ave,6143.05,-73.92662644386292,40.74215636827728,71.0,19,"{'android': 'https://bkn.lft.to/lastmile_qr_scan', 'ios': 'https://bkn.lft.to/lastmile_qr_scan'}","['KEY', 'CREDITCARD']",True,classic,067b53bd-33bf-4698-8103-3931a5f32a37,False,[],False
66dbbeda-0aca-11e7-82f6-3863bb44ef7c,Greenwich St & W Houston St,5730.08,-74.008591,40.728846,71.0,80,"{'android': 'https://bkn.lft.to/lastmile_qr_scan', 'ios': 'https://bkn.lft.to/lastmile_qr_scan'}","['KEY', 'CREDITCARD']",True,classic,66dbbeda-0aca-11e7-82f6-3863bb44ef7c,False,[],False
00d94dfc-3695-47e1-aba6-7f319dd2eb08,Bergen St & Kingston Ave,4089.01,-73.9415,40.6756,71.0,22,"{'android': 'https://bkn.lft.to/lastmile_qr_scan', 'ios': 'https://bkn.lft.to/lastmile_qr_scan'}","['KEY', 'CREDITCARD']",True,classic,00d94dfc-3695-47e1-aba6-7f319dd2eb08,False,[],False
1835246381185208614,34 Ave & Junction Blvd,6585.11,-73.87285,40.75502,71.0,23,"{'android': 'https://bkn.lft.to/lastmile_qr_scan', 'ios': 'https://bkn.lft.to/lastmile_qr_scan'}","['KEY', 'CREDITCARD']",True,classic,1835246381185208614,False,[],False
2250948490437718122,Cleveland St & Fulton St,4218.01,-73.88558,40.67956,71.0,16,"{'android': 'https://bkn.lft.to/lastmile_qr_scan', 'ios': 'https://bkn.lft.to/lastmile_qr_scan'}","['KEY', 'CREDITCARD']",False,classic,2250948490437718122,False,[],False
66db5d92-0aca-11e7-82f6-3863bb44ef7c,Washington Ave & Greene Ave,4419.03,-73.96563307,40.68650065,71.0,19,"{'android': 'https://bkn.lft.to/lastmile_qr_scan', 'ios': 'https://bkn.lft.to/lastmile_qr_scan'}","['KEY', 'CREDITCARD']",True,classic,66db5d92-0aca-11e7-82f6-3863bb44ef7c,False,[],False
c6c10756-ef41-491a-8e6c-ee0aa27b8cbe,W 159 St & Edgecombe Ave,8119.05,-73.939326,40.833303,71.0,21,"{'android': 'https://bkn.lft.to/lastmile_qr_scan', 'ios': 'https://bkn.lft.to/lastmile_qr_scan'}","['KEY', 'CREDITCARD']",True,classic,c6c10756-ef41-491a-8e6c-ee0aa27b8cbe,False,[],False
66de602e-0aca-11e7-82f6-3863bb44ef7c,Douglass St & 4 Ave,4175.14,-73.98154004,40.6792788,71.0,51,"{'android': 'https://bkn.lft.to/lastmile_qr_scan', 'ios': 'https://bkn.lft.to/lastmile_qr_scan'}","['KEY', 'CREDITCARD']",True,classic,66de602e-0aca-11e7-82f6-3863bb44ef7c,False,[],False
a5bd1f58-7df8-4df6-9636-372f1bc194be,10 Ave & W 207 St,8613.09,-73.918598,40.864632,71.0,39,"{'android': 'https://bkn.lft.to/lastmile_qr_scan', 'ios': 'https://bkn.lft.to/lastmile_qr_scan'}","['KEY', 'CREDITCARD']",True,classic,a5bd1f58-7df8-4df6-9636-372f1bc194be,False,[],False
18b19467-28ac-4496-b3e4-f6028b1c5105,Putnam Ave & Knickerbocker Ave,4663.06,-73.91164,40.69545,71.0,29,"{'android': 'https://bkn.lft.to/lastmile_qr_scan', 'ios': 'https://bkn.lft.to/lastmile_qr_scan'}","['KEY', 'CREDITCARD']",True,classic,18b19467-28ac-4496-b3e4-f6028b1c5105,False,[],False
66de0a0a-0aca-11e7-82f6-3863bb44ef7c,Degraw St & Smith St,4298.05,-73.99318208,40.6829151,71.0,27,"{'android': 'https://bkn.lft.to/lastmile_qr_scan', 'ios': 'https://bkn.lft.to/lastmile_qr_scan'}","['KEY', 'CREDITCARD']",True,classic,66de0a0a-0aca-11e7-82f6-3863bb44ef7c,False,[],False
1913990214925537808,Mets Plaza at Citi Field,6515.01,-73.84672,40.75521,71.0,37,"{'android': 'https://bkn.lft.to/lastmile_qr_scan', 'ios': 'https://bkn.lft.to/lastmile_qr_scan'}","['KEY', 'CREDITCARD']",True,classic,1913990214925537808,False,[],False
72719900-dd61-40bd-9f4a-40d70c47590c,61 St & 39 Ave,6307.07,-73.9028,40.7471,71.0,30,"{'android': 'https://bkn.lft.to/lastmile_qr_scan', 'ios': 'https://bkn.lft.to/lastmile_qr_scan'}","['KEY', 'CREDITCARD']",True,classic,72719900-dd61-40bd-9f4a-40d70c47590c,False,[],False
298d4e45-c6d2-45f1-a07a-11606026a6e4,W 147 St & Adam Clayton Powell Blvd,7971.07,-73.937413,40.82281,71.0,25,"{'android': 'https://bkn.lft.to/lastmile_qr_scan', 'ios': 'https://bkn.lft.to/lastmile_qr_scan'}","['KEY', 'CREDITCARD']",True,classic,298d4e45-c6d2-45f1-a07a-11606026a6e4,False,[],False
66de0dfd-0aca-11e7-82f6-3863bb44ef7c,E 97 St & Madison Ave,7393.09,-73.953559,40.787801,71.0,41,"{'android': 'https://bkn.lft.to/lastmile_qr_scan', 'ios': 'https://bkn.lft.to/lastmile_qr_scan'}","['KEY', 'CREDITCARD']",True,classic,66de0dfd-0aca-11e7-82f6-3863bb44ef7c,False,[],False
66dcba5e-0aca-11e7-82f6-3863bb44ef7c,Fulton St & Utica Ave,4228.02,-73.9298911,40.6794268,71.0,19,"{'android': 'https://bkn.lft.to/lastmile_qr_scan', 'ios': 'https://bkn.lft.to/lastmile_qr_scan'}","['KEY', 'CREDITCARD']",True,classic,66dcba5e-0aca-11e7-82f6-3863bb44ef7c,False,[],False
1846086027713733188,90 St & 51 Ave,6080.07,-73.87411,40.73937,71.0,19,"{'android': 'https://bkn.lft.to/lastmile_qr_scan', 'ios': 'https://bkn.lft.to/lastmile_qr_scan'}","['KEY', 'CREDITCARD']",True,classic,1846086027713733188,False,[],False
93e2e1a5-49c5-41f8-a6bf-b399b6a5140d,E 2 St & Ave A,5553.10,-73.98583620786667,40.72307749068673,71.0,68,"{'android': 'https://bkn.lft.to/lastmile_qr_scan', 'ios': 'https://bkn.lft.to/lastmile_qr_scan'}","['KEY', 'CREDITCARD']",True,classic,93e2e1a5-49c5-41f8-a6bf-b399b6a5140d,False,[],False
66dbcb2f-0aca-11e7-82f6-3863bb44ef7c,Broadway & W 37 St,6441.02,-73.98753523,40.75172632,71.0,57,"{'android': 'https://bkn.lft.to/lastmile_qr_scan', 'ios': 'https://bkn.lft.to/lastmile_qr_scan'}","['KEY', 'CREDITCARD']",True,classic,66dbcb2f-0aca-11e7-82f6-3863bb44ef7c,False,[],False
b79bb851-130f-473d-83fc-f602aa0a4ca9,Adam Clayton Powell Blvd & W 130 St,7774.02,-73.946168,40.812346,71.0,22,"{'android': 'https://bkn.lft.to/lastmile_qr_scan', 'ios': 'https://bkn.lft.to/lastmile_qr_scan'}","['KEY', 'CREDITCARD']",True,classic,b79bb851-130f-473d-83fc-f602aa0a4ca9,False,[],False
bda1fab4-5065-42df-a8ff-514e6064ab6e,Maple St & New York Ave,3617.02,-73.94795,40.66104,71.0,23,"{'android': 'https://bkn.lft.to/lastmile_qr_scan', 'ios': 'https://bkn.lft.to/lastmile_qr_scan'}","['KEY', 'CREDITCARD']",True,classic,bda1fab4-5065-42df-a8ff-514e6064ab6e,False,[],False
2206774846124309118,63 Dr & Booth St,5761.06,-73.86342,40.72857,71.0,20,"{'android': 'https://bkn.lft.to/lastmile_qr_scan', 'ios': 'https://bkn.lft.to/lastmile_qr_scan'}","['KEY', 'CREDITCARD']",False,classic,2206774846124309118,False,[],False
66ddbdb1-0aca-11e7-82f6-3863bb44ef7c,Pier 40 - Hudson River Park,5696.03,-74.01129573583603,40.7277140777778,71.0,23,"{'android': 'https://bkn.lft.to/lastmile_qr_scan', 'ios': 'https://bkn.lft.to/lastmile_qr_scan'}","['KEY', 'CREDITCARD']",True,classic,66ddbdb1-0aca-11e7-82f6-3863bb44ef7c,False,[],False
cb4926e6-0a79-4902-80ee-d365fbf42aec,Sheridan Ave & E 172 St,8229.04,-73.911479,40.840494,71.0,24,"{'android': 'https://bkn.lft.to/lastmile_qr_scan', 'ios': 'https://bkn.lft.to/lastmile_qr_scan'}","['KEY', 'CREDITCARD']",True,classic,cb4926e6-0a79-4902-80ee-d365fbf42aec,False,[],False
3edec530-4791-4872-8912-2a2397a903a4,E 6 St & 2 Ave,5669.12,-73.98840844631195,40.72737869323223,71.0,69,"{'android': 'https://bkn.lft.to/lastmile_qr_scan', 'ios': 'https://bkn.lft.to/lastmile_qr_scan'}","['KEY', 'CREDITCARD']",True,classic,3edec530-4791-4872-8912-2a2397a903a4,False,[],False
00d3e65e-b614-4408-aaa9-939ed96ce645,Perry St & Greenwich Ave,5955.12,-74.000939,40.735918,71.0,53,"{'android': 'https://bkn.lft.to/lastmile_qr_scan', 'ios': 'https://bkn.lft.to/lastmile_qr_scan'}","['KEY', 'CREDITCARD']",True,classic,00d3e65e-b614-4408-aaa9-939ed96ce645,False,[],False
1835249448692130546,102 St & 34 Ave,6576.07,-73.86621,40.75584,71.0,22,"{'android': 'https://bkn.lft.to/lastmile_qr_scan', 'ios': 'https://bkn.lft.to/lastmile_qr_scan'}","['KEY', 'CREDITCARD']",True,classic,1835249448692130546,False,[],False
fc774664-3c9b-4a8f-a79e-f6907db00a1d,Astoria Park S & Shore Blvd,7159.08,-73.927631,40.7767,71.0,33,"{'android': 'https://bkn.lft.to/lastmile_qr_scan', 'ios': 'https://bkn.lft.to/lastmile_qr_scan'}","['KEY', 'CREDITCARD']",True,classic,fc774664-3c9b-4a8f-a79e-f6907db00a1d,False,[],False
a7c09fde-76e8-4a56-b61d-8ca940432efd,Centre St & Seneca Ave,4837.03,-73.9022,40.69969,71.0,23,"{'android': 'https://bkn.lft.to/lastmile_qr_scan', 'ios': 'https://bkn.lft.to/lastmile_qr_scan'}","['KEY', 'CREDITCARD']",True,classic,a7c09fde-76e8-4a56-b61d-8ca940432efd,False,[],False
2235290353203716934,Bristol St & Pitkin Ave,3909.01,-73.91262,40.66925,71.0,16,"{'android': 'https://bkn.lft.to/lastmile_qr_scan', 'ios': 'https://bkn.lft.to/lastmile_qr_scan'}","['KEY', 'CREDITCARD']",False,classic,2235290353203716934,False,[],False
66dd9b0f-0aca-11e7-82f6-3863bb44ef7c,E 67 St & Park Ave,6932.14,-73.96592080593109,40.76780080148132,71.0,44,"{'android': 'https://bkn.lft.to/lastmile_qr_scan', 'ios': 'https://bkn.lft.to/lastmile_qr_scan'}","['KEY', 'CREDITCARD']",True,classic,66dd9b0f-0aca-11e7-82f6-3863bb44ef7c,False,[],False
1860189075388547142,Hughes Ave & Oak Tree Pl,8369.08,-73.88945,40.85079,71.0,21,"{'android': 'https://bkn.lft.to/lastmile_qr_scan', 'ios': 'https://bkn.lft.to/lastmile_qr_scan'}","['KEY', 'CREDITCARD']",True,classic,1860189075388547142,False,[],False
28a2436d-a52b-4fa4-874c-e096012a926d,9 Ave & W 219 St,8696.05,-73.911503,40.871094,71.0,19,"{'android': 'https://bkn.lft.to/lastmile_qr_scan', 'ios': 'https://bkn.lft.to/lastmile_qr_scan'}","['KEY', 'CREDITCARD']",True,classic,28a2436d-a52b-4fa4-874c-e096012a926d,False,[],False
74f913d2-6eac-49ce-bd6d-53a06fa855a6,St Johns Pl & Kingston Ave,3943.03,-73.94222,40.67113,71.0,22,"{'android': 'https://bkn.lft.to/lastmile_qr_scan', 'ios': 'https://bkn.lft.to/lastmile_qr_scan'}","['KEY', 'CREDITCARD']",True,classic,74f913d2-6eac-49ce-bd6d-53a06fa855a6,False,[],False
1846086263936934630,53 Ave & 94 St,6037.02,-73.86887,40.73921,71.0,20,"{'android': 'https://bkn.lft.to/lastmile_qr_scan', 'ios': 'https://bkn.lft.to/lastmile_qr_scan'}","['KEY', 'CREDITCARD']",True,classic,1846086263936934630,False,[],False
c829b6af-002b-4d04-af56-6924d4ad0aa2,W 190 St & St Nicholas Ave,8453.14,-73.929513,40.854788,71.0,28,"{'android': 'https://bkn.lft.to/lastmile_qr_scan', 'ios': 'https://bkn.lft.to/lastmile_qr_scan'}","['KEY', 'CREDITCARD']",True,classic,c829b6af-002b-4d04-af56-6924d4ad0aa2,False,[],False
3ac37967-e174-421a-bfeb-d02249fb1266,55 St & 7 Ave,2951.05,-74.008957,40.639673,71.0,25,"{'android': 'https://bkn.lft.to/lastmile_qr_scan', 'ios': 'https://bkn.lft.to/lastmile_qr_scan'}","['KEY', 'CREDITCARD']",True,classic,3ac37967-e174-421a-bfeb-d02249fb1266,False,[],False
bdc116cd-4d63-4693-846c-ec5073314007,W 192 St & University Ave,8639.01,-73.901942,40.866899,71.0,21,"{'android': 'https://bkn.lft.to/lastmile_qr_scan', 'ios': 'https://bkn.lft.to/lastmile_qr_scan'}","['KEY', 'CREDITCARD']",True,classic,bdc116cd-4d63-4693-846c-ec5073314007,False,[],False
5b4a4b20-539b-47c1-9228-1f1f124b3ec9,4 Ave & 26 St,3596.04,-73.998633,40.660079,71.0,24,"{'android': 'https://bkn.lft.to/lastmile_qr_scan', 'ios': 'https://bkn.lft.to/lastmile_qr_scan'}","['KEY', 'CREDITCARD']",True,classic,5b4a4b20-539b-47c1-9228-1f1f124b3ec9,False,[],False
0e405c35-322f-4705-8ea7-769eb3fd028a,Wales Ave & E 147 St,7751.05,-73.907729,40.811314,71.0,19,"{'android': 'https://bkn.lft.to/lastmile_qr_scan', 'ios': 'https://bkn.lft.to/lastmile_qr_scan'}","['KEY', 'CREDITCARD']",True,classic,0e405c35-322f-4705-8ea7-769eb3fd028a,False,[],False
d7c12bf1-1ec8-496a-beca-90ba76c53241,48 St & Barnett Ave,6358.05,-73.91540944576263,40.75001640425933,71.0,18,"{'android': 'https://bkn.lft.to/lastmile_qr_scan', 'ios': 'https://bkn.lft.to/lastmile_qr_scan'}","['KEY', 'CREDITCARD']",True,classic,d7c12bf1-1ec8-496a-beca-90ba76c53241,False,[],False
5a6218aa-c5b7-4436-93c1-dee7cb5322d9,34 Ave & 48 St,6554.05,-73.914952,40.75388,71.0,25,"{'android': 'https://bkn.lft.to/lastmile_qr_scan', 'ios': 'https://bkn.lft.to/lastmile_qr_scan'}","['KEY', 'CREDITCARD']",True,classic,5a6218aa-c5b7-4436-93c1-dee7cb5322d9,False,[],False
1861681959015615218,Van Cortlandt Park S & Dickinson Ave,8859.03,-73.88781,40.88435,71.0,25,"{'android': 'https://bkn.lft.to/lastmile_qr_scan', 'ios': 'https://bkn.lft.to/lastmile_qr_scan'}","['KEY', 'CREDITCARD']",True,classic,1861681959015615218,False,[],False
1835244925191295588,95 St & 35 Ave,6465.04,-73.87266,40.75301,71.0,23,"{'android': 'https://bkn.lft.to/lastmile_qr_scan', 'ios': 'https://bkn.lft.to/lastmile_qr_scan'}","['KEY', 'CREDITCARD']",True,classic,1835244925191295588,False,[],False
1835250080052323168,97 St & 23 Ave,6941.03,-73.87331,40.7683,71.0,19,"{'android': 'https://bkn.lft.to/lastmile_qr_scan', 'ios': 'https://bkn.lft.to/lastmile_qr_scan'}","['KEY', 'CREDITCARD']",True,classic,1835250080052323168,False,[],False
16836c76-c412-4ec3-bac8-3c6a5a3d9745,Madison St & Woodward Ave,4954.07,-73.90408,40.70408,71.0,20,"{'android': 'https://bkn.lft.to/lastmile_qr_scan', 'ios': 'https://bkn.lft.to/lastmile_qr_scan'}","['KEY', 'CREDITCARD']",True,classic,16836c76-c412-4ec3-bac8-3c6a5a3d9745,False,[],False
1b962833-d769-418e-b1ef-5a183bb5eb1a,Adam Clayton Powell Blvd & W 151 St,8009.05,-73.936232,40.825289,71.0,18,"{'android': 'https://bkn.lft.to/lastmile_qr_scan', 'ios': 'https://bkn.lft.to/lastmile_qr_scan'}","['KEY', 'CREDITCARD']",True,classic,1b962833-d769-418e-b1ef-5a183bb5eb1a,False,[],False
66dc11a7-0aca-11e7-82f6-3863bb44ef7c,9 Ave & W 18 St,6190.08,-74.00366443,40.74317449,71.0,84,"{'android': 'https://bkn.lft.to/lastmile_qr_scan', 'ios': 'https://bkn.lft.to/lastmile_qr_scan'}","['KEY', 'CREDITCARD']",True,classic,66dc11a7-0aca-11e7-82f6-3863bb44ef7c,False,[],False
1879828885264130640,Pitkin Ave & Grafton St,3877.04,-73.91908,40.66852,71.0,21,"{'android': 'https://bkn.lft.to/lastmile_qr_scan', 'ios': 'https://bkn.lft.to/lastmile_qr_scan'}","['KEY', 'CREDITCARD']",True,classic,1879828885264130640,False,[],False
1857515306802639416,Eastern Pkwy & St Marks Ave,3982.01,-73.91083,40.67319,71.0,23,"{'android': 'https://bkn.lft.to/lastmile_qr_scan', 'ios': 'https://bkn.lft.to/lastmile_qr_scan'}","['KEY', 'CREDITCARD']",True,classic,1857515306802639416,False,[],False
ce700c09-6095-4b20-ab65-07defdd1a7d7,31 Ave & 61 St,6654.05,-73.901614,40.757525,71.0,21,"{'android': 'https://bkn.lft.to/lastmile_qr_scan', 'ios': 'https://bkn.lft.to/lastmile_qr_scan'}","['KEY', 'CREDITCARD']",True,classic,ce700c09-6095-4b20-ab65-07defdd1a7d7,False,[],False
44a43ebf-cacf-4251-9ceb-e1c331ef1673,62 St & 4 Ave,2923.01,-74.019776,40.639859,71.0,19,"{'android': 'https://bkn.lft.to/lastmile_qr_scan', 'ios': 'https://bkn.lft.to/lastmile_qr_scan'}","['KEY', 'CREDITCARD']",True,classic,44a43ebf-cacf-4251-9ceb-e1c331ef1673,False,[],False
178bad16-1b02-4264-94c0-a8fd0faa60fe,59 St & 4 Ave,3011.03,-74.017651,40.641269,71.0,35,"{'android': 'https://bkn.lft.to/lastmile_qr_scan', 'ios': 'https://bkn.lft.to/lastmile_qr_scan'}","['KEY', 'CREDITCARD']",True,classic,178bad16-1b02-4264-94c0-a8fd0faa60fe,False,[],False
08bf2fe0-219d-48cd-87c5-6163b3a2eafd,Steinway St & 28 Ave,6915.02,-73.9136695,40.7656251,71.0,25,"{'android': 'https://bkn.lft.to/lastmile_qr_scan', 'ios': 'https://bkn.lft.to/lastmile_qr_scan'}","['KEY', 'CREDITCARD']",True,classic,08bf2fe0-219d-48cd-87c5-6163b3a2eafd,False,[],False
66de4897-0aca-11e7-82f6-3863bb44ef7c,Columbia St & W 9 St,4086.05,-74.00647134,40.6769993,71.0,21,"{'android': 'https://bkn.lft.to/lastmile_qr_scan', 'ios': 'https://bkn.lft.to/lastmile_qr_scan'}","['KEY', 'CREDITCARD']",True,classic,66de4897-0aca-11e7-82f6-3863bb44ef7c,False,[],False
9206af28-03bf-43e3-a8b0-354792921466,St Johns Pl & Howard Ave,3917.03,-73.92002,40.66992,71.0,21,"{'android': 'https://bkn.lft.to/lastmile_qr_scan', 'ios': 'https://bkn.lft.to/lastmile_qr_scan'}","['KEY', 'CREDITCARD']",True,classic,9206af28-03bf-43e3-a8b0-354792921466,False,[],False
adb67652-c20d-4dd2-8e89-d6015b801c1a,Freeman St & Reverend James A Polite Ave,8080.01,-73.894717,40.830529,71.0,19,"{'android': 'https://bkn.lft.to/lastmile_qr_scan', 'ios': 'https://bkn.lft.to/lastmile_qr_scan'}","['KEY', 'CREDITCARD']",True,classic,adb67652-c20d-4dd2-8e89-d6015b801c1a,False,[],False
1913988158376585970,Shea Rd & Boat Basin Pl,6633.01,-73.84887,40.75777,71.0,29,"{'android': 'https://bkn.lft.to/lastmile_qr_scan', 'ios': 'https://bkn.lft.to/lastmile_qr_scan'}","['KEY', 'CREDITCARD']",True,classic,1913988158376585970,False,[],False
ff1e98d3-ae7d-4c53-a531-1845bee1d346,W Mosholu Pkwy S & Sedgwick Ave,8841.03,-73.88702,40.88226,71.0,37,"{'android': 'https://bkn.lft.to/lastmile_qr_scan', 'ios': 'https://bkn.lft.to/lastmile_qr_scan'}","['KEY', 'CREDITCARD']",True,classic,ff1e98d3-ae7d-4c53-a531-1845bee1d346,False,[],False
1860188331547447938,Crotona Ave & E 179 St,8330.05,-73.88991,40.84666,71.0,21,"{'android': 'https://bkn.lft.to/lastmile_qr_scan', 'ios': 'https://bkn.lft.to/lastmile_qr_scan'}","['KEY', 'CREDITCARD']",True,classic,1860188331547447938,False,[],False
1861683217585879154,Broadway & Van Cortlandt Park S,8879.02,-73.8997,40.8863,71.0,35,"{'android': 'https://bkn.lft.to/lastmile_qr_scan', 'ios': 'https://bkn.lft.to/lastmile_qr_scan'}","['KEY', 'CREDITCARD']",True,classic,1861683217585879154,False,[],False
822d96e8-fb6c-463a-b866-aec9e408ad5e,36 Ave & 10 St,6737.03,-73.9411265,40.7614376,71.0,19,"{'android': 'https://bkn.lft.to/lastmile_qr_scan', 'ios': 'https://bkn.lft.to/lastmile_qr_scan'}","['KEY', 'CREDITCARD']",True,classic,822d96e8-fb6c-463a-b866-aec9e408ad5e,False,[],False
c72970e7-7f1a-4671-bf55-fc34be7c9413,47 Ave & Skillman Ave,6237.01,-73.94176483154297,40.7437524099784,71.0,19,"{'android': 'https://bkn.lft.to/lastmile_qr_scan', 'ios': 'https://bkn.lft.to/lastmile_qr_scan'}","['KEY', 'CREDITCARD']",True,classic,c72970e7-7f1a-4671-bf55-fc34be7c9413,False,[],False
2250948845387784168,Bradford St & Liberty Ave,4037.02,-73.89286,40.67486,71.0,12,"{'android': 'https://bkn.lft.to/lastmile_qr_scan', 'ios': 'https://bkn.lft.to/lastmile_qr_scan'}","['KEY', 'CREDITCARD']",False,classic,2250948845387784168,False,[],False
7155b0a6-2545-4b02-ae8c-9c0c4220f8c3,46 St & 6 Ave,3161.02,-74.005708,40.645921,71.0,21,"{'android': 'https://bkn.lft.to/lastmile_qr_scan', 'ios': 'https://bkn.lft.to/lastmile_qr_scan'}","['KEY', 'CREDITCARD']",True,classic,7155b0a6-2545-4b02-ae8c-9c0c4220f8c3,False,[],False
c0f952d9-538e-4836-b936-fa97123cbf13,Knickerbocker Ave & Halsey St,4623.02,-73.90824,40.693,71.0,19,"{'android': 'https://bkn.lft.to/lastmile_qr_scan', 'ios': 'https://bkn.lft.to/lastmile_qr_scan'}","['KEY', 'CREDITCARD']",True,classic,c0f952d9-538e-4836-b936-fa97123cbf13,False,[],False
1856767555236917834,57 Ave & 98 Pl,6028.01,-73.86103,40.73802,71.0,25,"{'android': 'https://bkn.lft.to/lastmile_qr_scan', 'ios': 'https://bkn.lft.to/lastmile_qr_scan'}","['KEY', 'CREDITCARD']",True,classic,1856767555236917834,False,[],False
7d41ac98-df88-497a-aef9-968660e6da0f,Central Park W & W 103 St,7577.27,-73.96188408136368,40.79558954105342,71.0,40,"{'android': 'https://bkn.lft.to/lastmile_qr_scan', 'ios': 'https://bkn.lft.to/lastmile_qr_scan'}","['KEY', 'CREDITCARD']",True,classic,7d41ac98-df88-497a-aef9-968660e6da0f,False,[],False
b7af52d2-fd23-4970-8513-be7c681480c4,Adams St & Prospect St,4821.10,-73.98869812488556,40.70076308326151,71.0,59,"{'android': 'https://bkn.lft.to/lastmile_qr_scan', 'ios': 'https://bkn.lft.to/lastmile_qr_scan'}","['KEY', 'CREDITCARD']",True,classic,b7af52d2-fd23-4970-8513-be7c681480c4,False,[],False
fcb1c3a3-04b6-45cf-bc9a-deb71198804e,Jerome Ave & W 184 St,8550.01,-73.902541,40.860814,71.0,20,"{'android': 'https://bkn.lft.to/lastmile_qr_scan', 'ios': 'https://bkn.lft.to/lastmile_qr_scan'}","['KEY', 'CREDITCARD']",True,classic,fcb1c3a3-04b6-45cf-bc9a-deb71198804e,False,[],False
8ea3301f-6940-4e0f-80f0-7a3e54b2eaa5,E 133 St & Cypress Pl,7642.04,-73.9174,40.80262,71.0,19,"{'android': 'https://bkn.lft.to/lastmile_qr_scan', 'ios': 'https://bkn.lft.to/lastmile_qr_scan'}","['KEY', 'CREDITCARD']",True,classic,8ea3301f-6940-4e0f-80f0-7a3e54b2eaa5,False,[],False
d7c56fef-1bf9-4315-85af-8638c534b402,W 36 St & 7 Ave,6483.06,-73.989539,40.752149,71.0,38,"{'android': 'https://bkn.lft.to/lastmile_qr_scan', 'ios': 'https://bkn.lft.to/lastmile_qr_scan'}","['KEY', 'CREDITCARD']",True,classic,d7c56fef-1bf9-4315-85af-8638c534b402,False,[],False
941ea42c-47fe-4d63-a6f5-e0e200f01633,Catalpa Ave & Woodward Ave,4912.10,-73.90145,40.70229,71.0,19,"{'android': 'https://bkn.lft.to/lastmile_qr_scan', 'ios': 'https://bkn.lft.to/lastmile_qr_scan'}","['KEY', 'CREDITCARD']",True,classic,941ea42c-47fe-4d63-a6f5-e0e200f01633,False,[],False
66dd1bf3-0aca-11e7-82f6-3863bb44ef7c,Bedford Ave & Nassau Ave,5550.05,-73.95212324,40.72311651,71.0,49,"{'android': 'https://bkn.lft.to/lastmile_qr_scan', 'ios': 'https://bkn.lft.to/lastmile_qr_scan'}","['KEY', 'CREDITCARD']",True,classic,66dd1bf3-0aca-11e7-82f6-3863bb44ef7c,False,[],False
1862787688044743624,Boston Rd & West Farms Rd,8212.01,-73.8806,40.83998,71.0,25,"{'android': 'https://bkn.lft.to/lastmile_qr_scan', 'ios': 'https://bkn.lft.to/lastmile_qr_scan'}","['KEY', 'CREDITCARD']",True,classic,1862787688044743624,False,[],False
66ddef2d-0aca-11e7-82f6-3863bb44ef7c,10 St & 5 Ave,3842.08,-73.98700053,40.6686273,71.0,24,"{'android': 'https://bkn.lft.to/lastmile_qr_scan', 'ios': 'https://bkn.lft.to/lastmile_qr_scan'}","['KEY', 'CREDITCARD']",True,classic,66ddef2d-0aca-11e7-82f6-3863bb44ef7c,False,[],False
76c1ef9c-3984-4b4e-bff4-5c398e2395bd,36 St & Ditmars Blvd,7111.10,-73.908335,40.774306,71.0,25,"{'android': 'https://bkn.lft.to/lastmile_qr_scan', 'ios': 'https://bkn.lft.to/lastmile_qr_scan'}","['KEY', 'CREDITCARD']",True,classic,76c1ef9c-3984-4b4e-bff4-5c398e2395bd,False,[],False
32d3adc3-c3dd-4a97-a4db-95d467f3c3aa,Broadway & W 122 St,7783.18,-73.9612547,40.8120562,71.0,33,"{'android': 'https://bkn.lft.to/lastmile_qr_scan', 'ios': 'https://bkn.lft.to/lastmile_qr_scan'}","['KEY', 'CREDITCARD']",True,classic,32d3adc3-c3dd-4a97-a4db-95d467f3c3aa,False,[],False
0df3a035-5a38-4ec2-826a-0a5376e8d8a0,W 186 St & St Nicholas Ave,8416.10,-73.931308,40.852253,71.0,26,"{'android': 'https://bkn.lft.to/lastmile_qr_scan', 'ios': 'https://bkn.lft.to/lastmile_qr_scan'}","['KEY', 'CREDITCARD']",True,classic,0df3a035-5a38-4ec2-826a-0a5376e8d8a0,False,[],False
8dfff4bd-0f3c-43af-bc55-a63850f66c6b,Sands St Gate,4812.04,-73.979827,40.699569,71.0,19,"{'android': 'https://bkn.lft.to/lastmile_qr_scan', 'ios': 'https://bkn.lft.to/lastmile_qr_scan'}","['KEY', 'CREDITCARD']",True,classic,8dfff4bd-0f3c-43af-bc55-a63850f66c6b,False,[],False
1808184356986544410,Van Dam St & Meeker Ave,5572.07,-73.9368,40.72532,71.0,31,"{'android': 'https://bkn.lft.to/lastmile_qr_scan', 'ios': 'https://bkn.lft.to/lastmile_qr_scan'}","['KEY', 'CREDITCARD']",True,classic,1808184356986544410,False,[],False
4bc6f4d0-edd5-4eb0-a704-f7ce0d693aac,Grand Ave & W Fordham Rd,8571.02,-73.90316,40.86288,71.0,22,"{'android': 'https://bkn.lft.to/lastmile_qr_scan', 'ios': 'https://bkn.lft.to/lastmile_qr_scan'}","['KEY', 'CREDITCARD']",True,classic,4bc6f4d0-edd5-4eb0-a704-f7ce0d693aac,False,[],False
66dcc44a-0aca-11e7-82f6-3863bb44ef7c,Kosciuszko St & Tompkins Ave,4553.04,-73.9452416,40.69128258,71.0,18,"{'android': 'https://bkn.lft.to/lastmile_qr_scan', 'ios': 'https://bkn.lft.to/lastmile_qr_scan'}","['KEY', 'CREDITCARD']",True,classic,66dcc44a-0aca-11e7-82f6-3863bb44ef7c,False,[],False
66dc7d58-0aca-11e7-82f6-3863bb44ef7c,12 Ave & W 40 St,6765.01,-74.00277668,40.76087502,71.0,76,"{'android': 'https://bkn.lft.to/lastmile_qr_scan', 'ios': 'https://bkn.lft.to/lastmile_qr_scan'}","['KEY', 'CREDITCARD']",True,classic,66dc7d58-0aca-11e7-82f6-3863bb44ef7c,False,[],False
1834145204469569922,34 Ave & 74 St,6451.07,-73.89236,40.75297,71.0,25,"{'android': 'https://bkn.lft.to/lastmile_qr_scan', 'ios': 'https://bkn.lft.to/lastmile_qr_scan'}","['KEY', 'CREDITCARD']",True,classic,1834145204469569922,False,[],False
89ff4db3-8a29-4565-a366-6fea4b3afc39,Dyckman St & Henshaw St,8636.04,-73.92936,40.867357,71.0,19,"{'android': 'https://bkn.lft.to/lastmile_qr_scan', 'ios': 'https://bkn.lft.to/lastmile_qr_scan'}","['KEY', 'CREDITCARD']",True,classic,89ff4db3-8a29-4565-a366-6fea4b3afc39,False,[],False
2088792249063596144,Soissons Landing,4631.02,-74.015936,40.692566,71.0,29,"{'android': 'https://bkn.lft.to/lastmile_qr_scan', 'ios': 'https://bkn.lft.to/lastmile_qr_scan'}","['KEY', 'CREDITCARD']",True,classic,2088792249063596144,False,[],False
1abd4668-ed6b-4930-8177-17239ae75a9e,Fairview Ave & Linden St,5066.03,-73.90632,40.70694,71.0,19,"{'android': 'https://bkn.lft.to/lastmile_qr_scan', 'ios': 'https://bkn.lft.to/lastmile_qr_scan'}","['KEY', 'CREDITCARD']",True,classic,1abd4668-ed6b-4930-8177-17239ae75a9e,False,[],False
201edb67-d071-4b67-bafd-131e5c273e9f,Metropolitan Ave & Stewart Ave,5273.01,-73.92793,40.71401,71.0,20,"{'android': 'https://bkn.lft.to/lastmile_qr_scan', 'ios': 'https://bkn.lft.to/lastmile_qr_scan'}","['KEY', 'CREDITCARD']",True,classic,201edb67-d071-4b67-bafd-131e5c273e9f,False,[],False
1814907277023901890,Cortelyou Rd & Argyle Rd,2984.04,-73.96603,40.64034,71.0,25,"{'android': 'https://bkn.lft.to/lastmile_qr_scan', 'ios': 'https://bkn.lft.to/lastmile_qr_scan'}","['KEY', 'CREDITCARD']",True,classic,1814907277023901890,False,[],False
b976906e-81c4-44c5-a160-e17815c0d47b,E 115 St & Madison Ave,7599.02,-73.944846,40.7989445,71.0,31,"{'android': 'https://bkn.lft.to/lastmile_qr_scan', 'ios': 'https://bkn.lft.to/lastmile_qr_scan'}","['KEY', 'CREDITCARD']",True,classic,b976906e-81c4-44c5-a160-e17815c0d47b,False,[],False
d5d2aebc-158c-43ec-9105-2a779d0245d8,Sterling Pl & Ralph Ave,3958.02,-73.92222,40.67095,71.0,19,"{'android': 'https://bkn.lft.to/lastmile_qr_scan', 'ios': 'https://bkn.lft.to/lastmile_qr_scan'}","['KEY', 'CREDITCARD']",True,classic,d5d2aebc-158c-43ec-9105-2a779d0245d8,False,[],False
5d101095-011e-4541-ae64-bed8b52807b3,7 Ave & 62 St,2821.05,-74.01298,40.63556,71.0,30,"{'android': 'https://bkn.lft.to/lastmile_qr_scan', 'ios': 'https://bkn.lft.to/lastmile_qr_scan'}","['KEY', 'CREDITCARD']",True,classic,5d101095-011e-4541-ae64-bed8b52807b3,False,[],False
66de4336-0aca-11e7-82f6-3863bb44ef7c,1 Pl & Clinton St,4193.14,-73.99905709,40.6809591,71.0,34,"{'android': 'https://bkn.lft.to/lastmile_qr_scan', 'ios': 'https://bkn.lft.to/lastmile_qr_scan'}","['KEY', 'CREDITCARD']",True,classic,66de4336-0aca-11e7-82f6-3863bb44ef7c,False,[],False
66ddf310-0aca-11e7-82f6-3863bb44ef7c,Clinton St & Union St,4266.03,-73.99785267,40.6831164,71.0,38,"{'android': 'https://bkn.lft.to/lastmile_qr_scan', 'ios': 'https://bkn.lft.to/lastmile_qr_scan'}","['KEY', 'CREDITCARD']",True,classic,66ddf310-0aca-11e7-82f6-3863bb44ef7c,False,[],False
82b97827-1801-4b7b-b3de-16447a8dd025,Jefferson Ave & Patchen Ave,4375.02,-73.92628,40.68609,71.0,19,"{'android': 'https://bkn.lft.to/lastmile_qr_scan', 'ios': 'https://bkn.lft.to/lastmile_qr_scan'}","['KEY', 'CREDITCARD']",True,classic,82b97827-1801-4b7b-b3de-16447a8dd025,False,[],False
66dde703-0aca-11e7-82f6-3863bb44ef7c,Warren St & Court St,4413.08,-73.99383324,40.686371,71.0,31,"{'android': 'https://bkn.lft.to/lastmile_qr_scan', 'ios': 'https://bkn.lft.to/lastmile_qr_scan'}","['KEY', 'CREDITCARD']",True,classic,66dde703-0aca-11e7-82f6-3863bb44ef7c,False,[],False
6cb5fac5-f7e8-4ec9-94cf-816771d91ecd,20 Ave & 38 St,7196.04,-73.902382,40.777112,71.0,29,"{'android': 'https://bkn.lft.to/lastmile_qr_scan', 'ios': 'https://bkn.lft.to/lastmile_qr_scan'}","['KEY', 'CREDITCARD']",True,classic,6cb5fac5-f7e8-4ec9-94cf-816771d91ecd,False,[],False
1849010295160437584,Waldron St & 108 St,6020.02,-73.8526,40.73916,71.0,20,"{'android': 'https://bkn.lft.to/lastmile_qr_scan', 'ios': 'https://bkn.lft.to/lastmile_qr_scan'}","['KEY', 'CREDITCARD']",True,classic,1849010295160437584,False,[],False
66dc210e-0aca-11e7-82f6-3863bb44ef7c,E 51 St & 1 Ave,6532.06,-73.96592976,40.75455731,71.0,35,"{'android': 'https://bkn.lft.to/lastmile_qr_scan', 'ios': 'https://bkn.lft.to/lastmile_qr_scan'}","['KEY', 'CREDITCARD']",True,classic,66dc210e-0aca-11e7-82f6-3863bb44ef7c,False,[],False
26599393-b967-44a6-a998-cb72ca53cd9e,Broadway & W 131 St,7865.09,-73.957163,40.817555,71.0,21,"{'android': 'https://bkn.lft.to/lastmile_qr_scan', 'ios': 'https://bkn.lft.to/lastmile_qr_scan'}","['KEY', 'CREDITCARD']",True,classic,26599393-b967-44a6-a998-cb72ca53cd9e,False,[],False
0e3dedfb-df10-4900-a67b-95349a81bc5c,N 11 St & Kent Ave,5489.04,-73.95921930670738,40.72248188638219,71.0,27,"{'android': 'https://bkn.lft.to/lastmile_qr_scan', 'ios': 'https://bkn.lft.to/lastmile_qr_scan'}","['KEY', 'CREDITCARD']",True,classic,0e3dedfb-df10-4900-a67b-95349a81bc5c,False,[],False
2250950056568561652,Bradford St & Sutter Ave,3923.07,-73.8914,40.66985,71.0,12,"{'android': 'https://bkn.lft.to/lastmile_qr_scan', 'ios': 'https://bkn.lft.to/lastmile_qr_scan'}","['KEY', 'CREDITCARD']",False,classic,2250950056568561652,False,[],False
3ac7b47b-2253-4a0b-bf7d-8a2eb6b78a38,E 12 St & Ave C,5616.08,-73.976831,40.727243,71.0,41,"{'android': 'https://bkn.lft.to/lastmile_qr_scan', 'ios': 'https://bkn.lft.to/lastmile_qr_scan'}","['KEY', 'CREDITCARD']",True,classic,3ac7b47b-2253-4a0b-bf7d-8a2eb6b78a38,False,[],False
1828968327357059242,85 St & Northern Blvd,6594.02,-73.88266,40.75601,71.0,22,"{'android': 'https://bkn.lft.to/lastmile_qr_scan', 'ios': 'https://bkn.lft.to/lastmile_qr_scan'}","['KEY', 'CREDITCARD']",True,classic,1828968327357059242,False,[],False
eab2749b-2f79-4797-a0a6-0579b27e6929,12 Ave & W 125 St,7886.02,-73.960405,40.818299,71.0,39,"{'android': 'https://bkn.lft.to/lastmile_qr_scan', 'ios': 'https://bkn.lft.to/lastmile_qr_scan'}","['KEY', 'CREDITCARD']",True,classic,eab2749b-2f79-4797-a0a6-0579b27e6929,False,[],False
b1cdec34-d4f9-4313-be82-729bb9f7bb18,MacDonough St & Malcolm X Blvd,4301.07,-73.92926,40.68273,71.0,20,"{'android': 'https://bkn.lft.to/lastmile_qr_scan', 'ios': 'https://bkn.lft.to/lastmile_qr_scan'}","['KEY', 'CREDITCARD']",True,classic,b1cdec34-d4f9-4313-be82-729bb9f7bb18,False,[],False
1890927910885612334,Woodhaven Blvd & Hoffman Dr,5845.02,-73.871,40.73303,71.0,30,"{'android': 'https://bkn.lft.to/lastmile_qr_scan', 'ios': 'https://bkn.lft.to/lastmile_qr_scan'}","['KEY', 'CREDITCARD']",True,classic,1890927910885612334,False,[],False
66dc7802-0aca-11e7-82f6-3863bb44ef7c,1 Ave & E 16 St,5779.08,-73.98165557,40.73221853,71.0,54,"{'android': 'https://bkn.lft.to/lastmile_qr_scan', 'ios': 'https://bkn.lft.to/lastmile_qr_scan'}","['KEY', 'CREDITCARD']",True,classic,66dc7802-0aca-11e7-82f6-3863bb44ef7c,False,[],False
c7dbc7b5-240b-494d-8663-dbee4103a20c,Troy Ave & Park Pl,3934.07,-73.93642,40.67251,71.0,21,"{'android': 'https://bkn.lft.to/lastmile_qr_scan', 'ios': 'https://bkn.lft.to/lastmile_qr_scan'}","['KEY', 'CREDITCARD']",True,classic,c7dbc7b5-240b-494d-8663-dbee4103a20c,False,[],False
1880644037244334512,55 Ave & Center Blvd,6104.01,-73.960697,40.740288,71.0,27,"{'android': 'https://bkn.lft.to/lastmile_qr_scan', 'ios': 'https://bkn.lft.to/lastmile_qr_scan'}","['KEY', 'CREDITCARD']",True,classic,1880644037244334512,False,[],False
46bdd925-fb6c-4654-85d8-e0db4da62abf,Frederick Douglass Blvd & W 112 St,7631.23,-73.957145,40.801694,71.0,37,"{'android': 'https://bkn.lft.to/lastmile_qr_scan', 'ios': 'https://bkn.lft.to/lastmile_qr_scan'}","['KEY', 'CREDITCARD']",True,classic,46bdd925-fb6c-4654-85d8-e0db4da62abf,False,[],False
3893eeef-06a8-47b1-95f2-a85454f7d5c9,Bergen St & Troy Ave,4048.03,-73.93596,40.67524,71.0,22,"{'android': 'https://bkn.lft.to/lastmile_qr_scan', 'ios': 'https://bkn.lft.to/lastmile_qr_scan'}","['KEY', 'CREDITCARD']",True,classic,3893eeef-06a8-47b1-95f2-a85454f7d5c9,False,[],False
2177015776583073844,W 237 St & Hudson Manor Terrace,8918.08,-73.91546,40.88838,71.0,12,"{'android': 'https://bkn.lft.to/lastmile_qr_scan', 'ios': 'https://bkn.lft.to/lastmile_qr_scan'}","['KEY', 'CREDITCARD']",False,classic,2177015776583073844,False,[],False
66db3816-0aca-11e7-82f6-3863bb44ef7c,W 13 St & 7 Ave,6030.04,-73.99994661,40.73781509,71.0,47,"{'android': 'https://bkn.lft.to/lastmile_qr_scan', 'ios': 'https://bkn.lft.to/lastmile_qr_scan'}","['KEY', 'CREDITCARD']",True,classic,66db3816-0aca-11e7-82f6-3863bb44ef7c,False,[],False
3b530cff-dd26-4cfd-b570-a85fd53354fe,West St & Liberty St,5184.08,-74.014847,40.711444,71.0,48,"{'android': 'https://bkn.lft.to/lastmile_qr_scan', 'ios': 'https://bkn.lft.to/lastmile_qr_scan'}","['KEY', 'CREDITCARD']",True,classic,3b530cff-dd26-4cfd-b570-a85fd53354fe,False,[],False
1856767361963389606,Van Cleef St & 108 St,6096.01,-73.85357,40.74096,71.0,20,"{'android': 'https://bkn.lft.to/lastmile_qr_scan', 'ios': 'https://bkn.lft.to/lastmile_qr_scan'}","['KEY', 'CREDITCARD']",True,classic,1856767361963389606,False,[],False
edc9b877-c311-46b4-a780-59ee7e692324,E 4 St & Ave B,5515.08,-73.98265913128853,40.72334683218016,71.0,37,"{'android': 'https://bkn.lft.to/lastmile_qr_scan', 'ios': 'https://bkn.lft.to/lastmile_qr_scan'}","['KEY', 'CREDITCARD']",True,classic,edc9b877-c311-46b4-a780-59ee7e692324,False,[],False
66db3fc9-0aca-11e7-82f6-3863bb44ef7c,Perry St & Bleecker St,5922.07,-74.00483091,40.73535398,71.0,35,"{'android': 'https://bkn.lft.to/lastmile_qr_scan', 'ios': 'https://bkn.lft.to/lastmile_qr_scan'}","['KEY', 'CREDITCARD']",True,classic,66db3fc9-0aca-11e7-82f6-3863bb44ef7c,False,[],False
ba7bf20d-b6bc-43dd-bf30-acb940eaeec8,University Ave & W 168 St,8183.02,-73.927034,40.838706,71.0,18,"{'android': 'https://bkn.lft.to/lastmile_qr_scan', 'ios': 'https://bkn.lft.to/lastmile_qr_scan'}","['KEY', 'CREDITCARD']",True,classic,ba7bf20d-b6bc-43dd-bf30-acb940eaeec8,False,[],False
627c77c0-0088-4ba8-ba66-73e0e3d3fe77,Decatur Ave & Oliver Pl,8631.03,-73.8857764,40.867,71.0,23,"{'android': 'https://bkn.lft.to/lastmile_qr_scan', 'ios': 'https://bkn.lft.to/lastmile_qr_scan'}","['KEY', 'CREDITCARD']",True,classic,627c77c0-0088-4ba8-ba66-73e0e3d3fe77,False,[],False
66dbf6d2-0aca-11e7-82f6-3863bb44ef7c,Cumberland St & Lafayette Ave,4428.02,-73.97265183,40.68753406,71.0,31,"{'android': 'https://bkn.lft.to/lastmile_qr_scan', 'ios': 'https://bkn.lft.to/lastmile_qr_scan'}","['KEY', 'CREDITCARD']",True,classic,66dbf6d2-0aca-11e7-82f6-3863bb44ef7c,False,[],False
f0115d11-c678-4274-8bb7-d486dbb63361,Dyckman St & 10 Ave,8507.02,-73.9230939745903,40.85890447538412,71.0,19,"{'android': 'https://bkn.lft.to/lastmile_qr_scan', 'ios': 'https://bkn.lft.to/lastmile_qr_scan'}","['KEY', 'CREDITCARD']",True,classic,f0115d11-c678-4274-8bb7-d486dbb63361,False,[],False
66ddebce-0aca-11e7-82f6-3863bb44ef7c,E 97 St & 3 Ave,7365.08,-73.94860294,40.7859201,71.0,30,"{'android': 'https://bkn.lft.to/lastmile_qr_scan', 'ios': 'https://bkn.lft.to/lastmile_qr_scan'}","['KEY', 'CREDITCARD']",True,classic,66ddebce-0aca-11e7-82f6-3863bb44ef7c,False,[],False
2025623258130320038,34 Ave & 38 St,6638.08,-73.92175,40.75717,71.0,33,"{'android': 'https://bkn.lft.to/lastmile_qr_scan', 'ios': 'https://bkn.lft.to/lastmile_qr_scan'}","['KEY', 'CREDITCARD']",True,classic,2025623258130320038,False,[],False
8c2ed08f-1660-4db8-9168-4709427c23ed,35 St & Broadway,6750.16,-73.9222427,40.760339,71.0,18,"{'android': 'https://bkn.lft.to/lastmile_qr_scan', 'ios': 'https://bkn.lft.to/lastmile_qr_scan'}","['KEY', 'CREDITCARD']",True,classic,8c2ed08f-1660-4db8-9168-4709427c23ed,False,[],False
1875395639434791520,Gleane St & Britton Ave,6281.01,-73.87996,40.74646,71.0,20,"{'android': 'https://bkn.lft.to/lastmile_qr_scan', 'ios': 'https://bkn.lft.to/lastmile_qr_scan'}","['KEY', 'CREDITCARD']",True,classic,1875395639434791520,False,[],False
3fed8016-0be0-47f5-8663-2e850ec47288,Bailey Ave & W 193 St,8676.01,-73.90678,40.87069,71.0,23,"{'android': 'https://bkn.lft.to/lastmile_qr_scan', 'ios': 'https://bkn.lft.to/lastmile_qr_scan'}","['KEY', 'CREDITCARD']",True,classic,3fed8016-0be0-47f5-8663-2e850ec47288,False,[],False
66dd2292-0aca-11e7-82f6-3863bb44ef7c,Vernon Blvd & 50 Ave,6170.02,-73.95411749,40.74232744,71.0,45,"{'android': 'https://bkn.lft.to/lastmile_qr_scan', 'ios': 'https://bkn.lft.to/lastmile_qr_scan'}","['KEY', 'CREDITCARD']",True,classic,66dd2292-0aca-11e7-82f6-3863bb44ef7c,False,[],False
8066575c-f8e9-4e14-95ea-8d25ceeae2ca,1 St & 6 Ave,3946.07,-73.979826,40.672784,71.0,35,"{'android': 'https://bkn.lft.to/lastmile_qr_scan', 'ios': 'https://bkn.lft.to/lastmile_qr_scan'}","['KEY', 'CREDITCARD']",True,classic,8066575c-f8e9-4e14-95ea-8d25ceeae2ca,False,[],False
1960021358478625244,W 27 St & 7 Ave,6257.06,-73.99392,40.74665,71.0,75,"{'android': 'https://bkn.lft.to/lastmile_qr_scan', 'ios': 'https://bkn.lft.to/lastmile_qr_scan'}","['KEY', 'CREDITCARD']",True,classic,1960021358478625244,False,[],False
66db28b5-0aca-11e7-82f6-3863bb44ef7c,W 17 St & 8 Ave,6148.02,-74.00149746,40.74177603,71.0,74,"{'android': 'https://bkn.lft.to/lastmile_qr_scan', 'ios': 'https://bkn.lft.to/lastmile_qr_scan'}","['KEY', 'CREDITCARD']",True,classic,66db28b5-0aca-11e7-82f6-3863bb44ef7c,False,[],False
398ebef6-dcc2-4305-b1d2-47efafdaa85c,Sterling Pl & Rochester Ave,3925.03,-73.92825,40.67128,71.0,22,"{'android': 'https://bkn.lft.to/lastmile_qr_scan', 'ios': 'https://bkn.lft.to/lastmile_qr_scan'}","['KEY', 'CREDITCARD']",True,classic,398ebef6-dcc2-4305-b1d2-47efafdaa85c,False,[],False
66db281e-0aca-11e7-82f6-3863bb44ef7c,Atlantic Ave & Fort Greene Pl,4354.07,-73.97632328,40.68382604,71.0,53,"{'android': 'https://bkn.lft.to/lastmile_qr_scan', 'ios': 'https://bkn.lft.to/lastmile_qr_scan'}","['KEY', 'CREDITCARD']",True,classic,66db281e-0aca-11e7-82f6-3863bb44ef7c,False,[],False
c466f15e-715f-411e-904e-1a71fb574cdd,7 Ave S & Bleecker St,5805.07,-74.00363802909851,40.73213896287381,71.0,87,"{'android': 'https://bkn.lft.to/lastmile_qr_scan', 'ios': 'https://bkn.lft.to/lastmile_qr_scan'}","['KEY', 'CREDITCARD']",True,classic,c466f15e-715f-411e-904e-1a71fb574cdd,False,[],False
f3f46097-54cf-4c30-805a-6b2a4851eed7,46 St & 25 Ave,6907.03,-73.90676,40.765753,71.0,24,"{'android': 'https://bkn.lft.to/lastmile_qr_scan', 'ios': 'https://bkn.lft.to/lastmile_qr_scan'}","['KEY', 'CREDITCARD']",True,classic,f3f46097-54cf-4c30-805a-6b2a4851eed7,False,[],False
1826348745879909352,71 St & 32 Ave,6612.09,-73.89595,40.75675,71.0,19,"{'android': 'https://bkn.lft.to/lastmile_qr_scan', 'ios': 'https://bkn.lft.to/lastmile_qr_scan'}","['KEY', 'CREDITCARD']",True,classic,1826348745879909352,False,[],False
1fba77e2-66ab-4e9c-9f9a-4ec4f11fd80b,Echo Pl & Grand Concourse,8379.06,-73.905943,40.849955,71.0,28,"{'android': 'https://bkn.lft.to/lastmile_qr_scan', 'ios': 'https://bkn.lft.to/lastmile_qr_scan'}","['KEY', 'CREDITCARD']",True,classic,1fba77e2-66ab-4e9c-9f9a-4ec4f11fd80b,False,[],False
e3470e29-934c-41f1-8fe7-82135ed2d620,W 33 St & 10 Ave,6492.04,-73.99937599897385,40.75377336836039,71.0,61,"{'android': 'https://bkn.lft.to/lastmile_qr_scan', 'ios': 'https://bkn.lft.to/lastmile_qr_scan'}","['KEY', 'CREDITCARD']",True,classic,e3470e29-934c-41f1-8fe7-82135ed2d620,False,[],False
7cd61426-ed98-434e-9235-56ed856fead6,Westchester Ave & Longwood Ave,7909.07,-73.901311,40.819701,71.0,23,"{'android': 'https://bkn.lft.to/lastmile_qr_scan', 'ios': 'https://bkn.lft.to/lastmile_qr_scan'}","['KEY', 'CREDITCARD']",True,classic,7cd61426-ed98-434e-9235-56ed856fead6,False,[],False
dfb8b9c8-3006-4b76-963a-95f7471dc0a8,Dahill Rd & 12 Ave,3208.07,-73.980963,40.646037,71.0,22,"{'android': 'https://bkn.lft.to/lastmile_qr_scan', 'ios': 'https://bkn.lft.to/lastmile_qr_scan'}","['KEY', 'CREDITCARD']",True,classic,dfb8b9c8-3006-4b76-963a-95f7471dc0a8,False,[],False
2123938400844950144,Bay Ridge Pkwy & 5 Ave,2615.05,-74.02275,40.62967,71.0,16,"{'android': 'https://bkn.lft.to/lastmile_qr_scan', 'ios': 'https://bkn.lft.to/lastmile_qr_scan'}","['KEY', 'CREDITCARD']",False,classic,2123938400844950144,False,[],False
0cb63737-64c9-42a9-9479-280d49ed015a,Flatbush Ave & Fenimore St,3520.01,-73.96051,40.65798,71.0,24,"{'android': 'https://bkn.lft.to/lastmile_qr_scan', 'ios': 'https://bkn.lft.to/lastmile_qr_scan'}","['KEY', 'CREDITCARD']",True,classic,0cb63737-64c9-42a9-9479-280d49ed015a,False,[],False
7af717b9-99ce-4cce-94b4-b445a40537a1,Knickerbocker Ave & George St,4979.07,-73.92836,40.704425,71.0,23,"{'android': 'https://bkn.lft.to/lastmile_qr_scan', 'ios': 'https://bkn.lft.to/lastmile_qr_scan'}","['KEY', 'CREDITCARD']",True,classic,7af717b9-99ce-4cce-94b4-b445a40537a1,False,[],False
2123939242997647892,Colonial Rd & 68 St,2843.01,-74.03093,40.63841,71.0,19,"{'android': 'https://bkn.lft.to/lastmile_qr_scan', 'ios': 'https://bkn.lft.to/lastmile_qr_scan'}","['KEY', 'CREDITCARD']",False,classic,2123939242997647892,False,[],False
3a51a25f-3e9b-4aea-84ee-39e9a3acc7fd,Rogers Ave & Lincoln Rd,3625.07,-73.95352,40.66127,71.0,23,"{'android': 'https://bkn.lft.to/lastmile_qr_scan', 'ios': 'https://bkn.lft.to/lastmile_qr_scan'}","['KEY', 'CREDITCARD']",True,classic,3a51a25f-3e9b-4aea-84ee-39e9a3acc7fd,False,[],False
2200455765164385302,E 116 St & 1 Ave,7563.07,-73.93560531337829,40.796179352474965,71.0,31,"{'android': 'https://bkn.lft.to/lastmile_qr_scan', 'ios': 'https://bkn.lft.to/lastmile_qr_scan'}","['KEY', 'CREDITCARD']",True,classic,2200455765164385302,False,[],False
f42b3158-3f78-4a62-964a-8cc554d69c35,Maple St & Albany Ave,3608.06,-73.93974,40.66155,71.0,19,"{'android': 'https://bkn.lft.to/lastmile_qr_scan', 'ios': 'https://bkn.lft.to/lastmile_qr_scan'}","['KEY', 'CREDITCARD']",True,classic,f42b3158-3f78-4a62-964a-8cc554d69c35,False,[],False
1828967208126648828,23 Ave & 83 St,6921.04,-73.88674,40.76646,71.0,19,"{'android': 'https://bkn.lft.to/lastmile_qr_scan', 'ios': 'https://bkn.lft.to/lastmile_qr_scan'}","['KEY', 'CREDITCARD']",True,classic,1828967208126648828,False,[],False
06109e92-4363-445a-9743-0457f6799530,Madison Ave & E 26 St,6131.12,-73.98671329021454,40.742684734875695,71.0,75,"{'android': 'https://bkn.lft.to/lastmile_qr_scan', 'ios': 'https://bkn.lft.to/lastmile_qr_scan'}","['KEY', 'CREDITCARD']",True,classic,06109e92-4363-445a-9743-0457f6799530,False,[],False
1791188268875152272,N 9 St & Wythe Ave,5489.06,-73.959,40.72054,71.0,49,"{'android': 'https://bkn.lft.to/lastmile_qr_scan', 'ios': 'https://bkn.lft.to/lastmile_qr_scan'}","['KEY', 'CREDITCARD']",True,classic,1791188268875152272,False,[],False
8c6cba48-d803-4a90-99f7-e06edcdbbf92,21 Ave & Crescent St,7284.01,-73.912212,40.780478,71.0,24,"{'android': 'https://bkn.lft.to/lastmile_qr_scan', 'ios': 'https://bkn.lft.to/lastmile_qr_scan'}","['KEY', 'CREDITCARD']",True,classic,8c6cba48-d803-4a90-99f7-e06edcdbbf92,False,[],False
d5cb6e67-addb-46d4-93e7-832371736d45,E 149 St & Morris Ave,7863.03,-73.922962,40.81734,71.0,35,"{'android': 'https://bkn.lft.to/lastmile_qr_scan', 'ios': 'https://bkn.lft.to/lastmile_qr_scan'}","['KEY', 'CREDITCARD']",True,classic,d5cb6e67-addb-46d4-93e7-832371736d45,False,[],False
66de077f-0aca-11e7-82f6-3863bb44ef7c,W 106 St & Central Park W,7606.01,-73.9605909006,40.7981856,71.0,59,"{'android': 'https://bkn.lft.to/lastmile_qr_scan', 'ios': 'https://bkn.lft.to/lastmile_qr_scan'}","['KEY', 'CREDITCARD']",True,classic,66de077f-0aca-11e7-82f6-3863bb44ef7c,False,[],False
66de14af-0aca-11e7-82f6-3863bb44ef7c,Van Brunt St & Wolcott St,4095.03,-74.01275056,40.6773429,71.0,36,"{'android': 'https://bkn.lft.to/lastmile_qr_scan', 'ios': 'https://bkn.lft.to/lastmile_qr_scan'}","['KEY', 'CREDITCARD']",True,classic,66de14af-0aca-11e7-82f6-3863bb44ef7c,False,[],False
676b7b4d-b1c0-4c97-8ac3-5fe665e51108,Harlem River Dr & W 155 St,8085.13,-73.939929,40.830476,71.0,24,"{'android': 'https://bkn.lft.to/lastmile_qr_scan', 'ios': 'https://bkn.lft.to/lastmile_qr_scan'}","['KEY', 'CREDITCARD']",True,classic,676b7b4d-b1c0-4c97-8ac3-5fe665e51108,False,[],False
2235288152930002662,E 54 St & Linden Blvd,3445.05,-73.9268,40.65417,71.0,12,"{'android': 'https://bkn.lft.to/lastmile_qr_scan', 'ios': 'https://bkn.lft.to/lastmile_qr_scan'}","['KEY', 'CREDITCARD']",False,classic,2235288152930002662,False,[],False
0efa08a3-1c38-48fe-ab37-8c9b72b20126,30 St & 4 Ave,3564.04,-74.001141,40.657743,71.0,19,"{'android': 'https://bkn.lft.to/lastmile_qr_scan', 'ios': 'https://bkn.lft.to/lastmile_qr_scan'}","['KEY', 'CREDITCARD']",True,classic,0efa08a3-1c38-48fe-ab37-8c9b72b20126,False,[],False
7b56cbab-9d93-4043-bfa5-63eb6b3e5281,Wyckoff Ave & Cooper Ave,4615.01,-73.90061,40.69338,71.0,19,"{'android': 'https://bkn.lft.to/lastmile_qr_scan', 'ios': 'https://bkn.lft.to/lastmile_qr_scan'}","['KEY', 'CREDITCARD']",True,classic,7b56cbab-9d93-4043-bfa5-63eb6b3e5281,False,[],False
8ec47777-852d-4059-a5ea-12eef71a9606,Water St & Gouverneur Ln,4993.15,-74.00803416967392,40.70469667894968,71.0,37,"{'android': 'https://bkn.lft.to/lastmile_qr_scan', 'ios': 'https://bkn.lft.to/lastmile_qr_scan'}","['KEY', 'CREDITCARD']",True,classic,8ec47777-852d-4059-a5ea-12eef71a9606,False,[],False
9b0c2c99-214f-4e15-b476-1626c03a9e4e,Washington St & Laight St,5509.02,-74.0106,40.72231,71.0,63,"{'android': 'https://bkn.lft.to/lastmile_qr_scan', 'ios': 'https://bkn.lft.to/lastmile_qr_scan'}","['KEY', 'CREDITCARD']",True,classic,9b0c2c99-214f-4e15-b476-1626c03a9e4e,False,[],False
2177017159407891310,Riverdale Ave & W 258 St,9075.05,-73.9046,40.90573,71.0,18,"{'android': 'https://bkn.lft.to/lastmile_qr_scan', 'ios': 'https://bkn.lft.to/lastmile_qr_scan'}","['KEY', 'CREDITCARD']",False,classic,2177017159407891310,False,[],False
2206775732971837972,Queens Blvd S & 65 Rd,5677.04,-73.85832,40.72853,71.0,18,"{'android': 'https://bkn.lft.to/lastmile_qr_scan', 'ios': 'https://bkn.lft.to/lastmile_qr_scan'}","['KEY', 'CREDITCARD']",False,classic,2206775732971837972,False,[],False
11a8d465-b4eb-466b-a6ca-055f73994231,Lincoln Ave & E 138 St,7744.06,-73.927311,40.810893,71.0,26,"{'android': 'https://bkn.lft.to/lastmile_qr_scan', 'ios': 'https://bkn.lft.to/lastmile_qr_scan'}","['KEY', 'CREDITCARD']",True,classic,11a8d465-b4eb-466b-a6ca-055f73994231,False,[],False
2171902607371571344,Hull Ave & E Mosholu Pkwy N,8699.09,-73.88035,40.87115,71.0,18,"{'android': 'https://bkn.lft.to/lastmile_qr_scan', 'ios': 'https://bkn.lft.to/lastmile_qr_scan'}","['KEY', 'CREDITCARD']",False,classic,2171902607371571344,False,[],False
66dcc3e5-0aca-11e7-82f6-3863bb44ef7c,Kosciuszko St & Nostrand Ave,4519.04,-73.95133465,40.69072549,71.0,23,"{'android': 'https://bkn.lft.to/lastmile_qr_scan', 'ios': 'https://bkn.lft.to/lastmile_qr_scan'}","['KEY', 'CREDITCARD']",True,classic,66dcc3e5-0aca-11e7-82f6-3863bb44ef7c,False,[],False
266c8621-fdea-4a7e-9d35-18ca1684d526,69 St & 38 Ave,6298.04,-73.89650255441666,40.74694504524519,71.0,24,"{'android': 'https://bkn.lft.to/lastmile_qr_scan', 'ios': 'https://bkn.lft.to/lastmile_qr_scan'}","['KEY', 'CREDITCARD']",True,classic,266c8621-fdea-4a7e-9d35-18ca1684d526,False,[],False
66de1a1f-0aca-11e7-82f6-3863bb44ef7c,E 66 St & Madison Ave,6969.08,-73.96845281124115,40.76800889305947,71.0,37,"{'android': 'https://bkn.lft.to/lastmile_qr_scan', 'ios': 'https://bkn.lft.to/lastmile_qr_scan'}","['KEY', 'CREDITCARD']",True,classic,66de1a1f-0aca-11e7-82f6-3863bb44ef7c,False,[],False
89d4a926-f1ae-4bf2-bf2d-59cff3881579,Water St & Fletcher St,5024.10,-74.00559738278389,40.706410755236135,71.0,79,"{'android': 'https://bkn.lft.to/lastmile_qr_scan', 'ios': 'https://bkn.lft.to/lastmile_qr_scan'}","['KEY', 'CREDITCARD']",True,classic,89d4a926-f1ae-4bf2-bf2d-59cff3881579,False,[],False
039d4cc9-8560-4d22-88c3-20753c54a50f,3 Ave & E 163 St,7974.01,-73.908699,40.823872,71.0,27,"{'android': 'https://bkn.lft.to/lastmile_qr_scan', 'ios': 'https://bkn.lft.to/lastmile_qr_scan'}","['KEY', 'CREDITCARD']",True,classic,039d4cc9-8560-4d22-88c3-20753c54a50f,False,[],False
0e240143-2f86-4754-8345-4994750d99f1,Nostrand Ave & Rutland Rd,3585.06,-73.95041,40.6595,71.0,20,"{'android': 'https://bkn.lft.to/lastmile_qr_scan', 'ios': 'https://bkn.lft.to/lastmile_qr_scan'}","['KEY', 'CREDITCARD']",True,classic,0e240143-2f86-4754-8345-4994750d99f1,False,[],False
272c0389-5e4a-41a9-ad6c-2dccdfa55af9,Madison St & Forest Ave,5025.02,-73.90245,40.70555,71.0,25,"{'android': 'https://bkn.lft.to/lastmile_qr_scan', 'ios': 'https://bkn.lft.to/lastmile_qr_scan'}","['KEY', 'CREDITCARD']",True,classic,272c0389-5e4a-41a9-ad6c-2dccdfa55af9,False,[],False
1848241879913802606,56 Ave & Junction Blvd,5995.07,-73.86625,40.73716,71.0,22,"{'android': 'https://bkn.lft.to/lastmile_qr_scan', 'ios': 'https://bkn.lft.to/lastmile_qr_scan'}","['KEY', 'CREDITCARD']",True,classic,1848241879913802606,False,[],False
1d440638-ec50-4ccb-9a82-0e3247a87c63,8 Ave & W 24 St,6224.06,-73.99807110428809,40.74591072834279,71.0,39,"{'android': 'https://bkn.lft.to/lastmile_qr_scan', 'ios': 'https://bkn.lft.to/lastmile_qr_scan'}","['KEY', 'CREDITCARD']",True,classic,1d440638-ec50-4ccb-9a82-0e3247a87c63,False,[],False
0575e356-72f4-4251-8e15-574cf60bd190,Bushwick Ave & Forrest St,4914.03,-73.93641,40.70076,71.0,20,"{'android': 'https://bkn.lft.to/lastmile_qr_scan', 'ios': 'https://bkn.lft.to/lastmile_qr_scan'}","['KEY', 'CREDITCARD']",True,classic,0575e356-72f4-4251-8e15-574cf60bd190,False,[],False
b471c112-1770-4dfe-9e13-fe7479dcb5a5,Intervale Ave & Westchester Ave,7948.10,-73.896752,40.821967,71.0,27,"{'android': 'https://bkn.lft.to/lastmile_qr_scan', 'ios': 'https://bkn.lft.to/lastmile_qr_scan'}","['KEY', 'CREDITCARD']",True,classic,b471c112-1770-4dfe-9e13-fe7479dcb5a5,False,[],False
2126623405008140358,84 St & 3 Ave,2419.03,-74.03059,40.62503,71.0,12,"{'android': 'https://bkn.lft.to/lastmile_qr_scan', 'ios': 'https://bkn.lft.to/lastmile_qr_scan'}","['KEY', 'CREDITCARD']",False,classic,2126623405008140358,False,[],False
981f1311-004f-41c3-ba5b-3679f78aeb70,Sterling St & Bedford Ave,3665.06,-73.9569115,40.6627059,71.0,19,"{'android': 'https://bkn.lft.to/lastmile_qr_scan', 'ios': 'https://bkn.lft.to/lastmile_qr_scan'}","['KEY', 'CREDITCARD']",True,classic,981f1311-004f-41c3-ba5b-3679f78aeb70,False,[],False
9d56294e-61fc-4176-bb9c-4692f45bb374,E 158 St & Melrose Ave,7957.11,-73.914688,40.822215,71.0,23,"{'android': 'https://bkn.lft.to/lastmile_qr_scan', 'ios': 'https://bkn.lft.to/lastmile_qr_scan'}","['KEY', 'CREDITCARD']",True,classic,9d56294e-61fc-4176-bb9c-4692f45bb374,False,[],False
66dcc920-0aca-11e7-82f6-3863bb44ef7c,Throop Ave & Myrtle Ave,4697.01,-73.94371094,40.69622937,71.0,21,"{'android': 'https://bkn.lft.to/lastmile_qr_scan', 'ios': 'https://bkn.lft.to/lastmile_qr_scan'}","['KEY', 'CREDITCARD']",True,classic,66dcc920-0aca-11e7-82f6-3863bb44ef7c,False,[],False
c3b255d8-b690-4825-b1e9-a1d1680e5542,Kent St & McGuinness Blvd,5785.10,-73.95161,40.73124,71.0,20,"{'android': 'https://bkn.lft.to/lastmile_qr_scan', 'ios': 'https://bkn.lft.to/lastmile_qr_scan'}","['KEY', 'CREDITCARD']",True,classic,c3b255d8-b690-4825-b1e9-a1d1680e5542,False,[],False
2ad41c1f-5636-4a63-ad52-761e2613061a,53 St & 4 Ave,3169.07,-74.014531,40.644862,71.0,25,"{'android': 'https://bkn.lft.to/lastmile_qr_scan', 'ios': 'https://bkn.lft.to/lastmile_qr_scan'}","['KEY', 'CREDITCARD']",True,classic,2ad41c1f-5636-4a63-ad52-761e2613061a,False,[],False
66dc4fb5-0aca-11e7-82f6-3863bb44ef7c,W 39 St & 9 Ave,6644.04,-73.99372222,40.75645824,71.0,44,"{'android': 'https://bkn.lft.to/lastmile_qr_scan', 'ios': 'https://bkn.lft.to/lastmile_qr_scan'}","['KEY', 'CREDITCARD']",True,classic,66dc4fb5-0aca-11e7-82f6-3863bb44ef7c,False,[],False
66de4b0b-0aca-11e7-82f6-3863bb44ef7c,Court St & Huntington St,4077.07,-73.99894942833194,40.67595768953126,71.0,33,"{'android': 'https://bkn.lft.to/lastmile_qr_scan', 'ios': 'https://bkn.lft.to/lastmile_qr_scan'}","['KEY', 'CREDITCARD']",True,classic,66de4b0b-0aca-11e7-82f6-3863bb44ef7c,False,[],False
b83b2a73-af8e-4b82-b61e-aeaaf075fbe2,W 160 St & St Nicholas Ave,8138.07,-73.939865,40.834468,71.0,26,"{'android': 'https://bkn.lft.to/lastmile_qr_scan', 'ios': 'https://bkn.lft.to/lastmile_qr_scan'}","['KEY', 'CREDITCARD']",True,classic,b83b2a73-af8e-4b82-b61e-aeaaf075fbe2,False,[],False
9eb98b3b-ea35-483f-91f6-d90c506152db,Courtlandt Ave & E 149 St,7840.05,-73.919549,40.816402,71.0,23,"{'android': 'https://bkn.lft.to/lastmile_qr_scan', 'ios': 'https://bkn.lft.to/lastmile_qr_scan'}","['KEY', 'CREDITCARD']",True,classic,9eb98b3b-ea35-483f-91f6-d90c506152db,False,[],False
2250948734378996226,Georgia Ave & Liberty Ave,4005.05,-73.89843,40.67401,71.0,12,"{'android': 'https://bkn.lft.to/lastmile_qr_scan', 'ios': 'https://bkn.lft.to/lastmile_qr_scan'}","['KEY', 'CREDITCARD']",False,classic,2250948734378996226,False,[],False
5ffde991-1125-443e-bc97-6827b2b9c97b,Jefferson St & Cypress Ave,5082.08,-73.92157,40.70907,71.0,25,"{'android': 'https://bkn.lft.to/lastmile_qr_scan', 'ios': 'https://bkn.lft.to/lastmile_qr_scan'}","['KEY', 'CREDITCARD']",True,classic,5ffde991-1125-443e-bc97-6827b2b9c97b,False,[],False
a7a175ff-8ffb-477c-a40b-6d47ce92305d,Willow Ave & E 133 St,7626.02,-73.913863,40.800933,71.0,21,"{'android': 'https://bkn.lft.to/lastmile_qr_scan', 'ios': 'https://bkn.lft.to/lastmile_qr_scan'}","['KEY', 'CREDITCARD']",True,classic,a7a175ff-8ffb-477c-a40b-6d47ce92305d,False,[],False
1882736243099681438,Davis St & Jackson Ave,6278.05,-73.945661,40.745627,71.0,34,"{'android': 'https://bkn.lft.to/lastmile_qr_scan', 'ios': 'https://bkn.lft.to/lastmile_qr_scan'}","['KEY', 'CREDITCARD']",True,classic,1882736243099681438,False,[],False
2ec1235f-a043-4e3a-9ba1-56f7dd4624b7,21 St & 31 Dr,6865.03,-73.930819,40.7659,71.0,21,"{'android': 'https://bkn.lft.to/lastmile_qr_scan', 'ios': 'https://bkn.lft.to/lastmile_qr_scan'}","['KEY', 'CREDITCARD']",True,classic,2ec1235f-a043-4e3a-9ba1-56f7dd4624b7,False,[],False
36aaebb9-ef10-41a5-b20b-753bf8a3fed8,W 163 St & Edgecombe Ave,8153.10,-73.937496,40.835798,71.0,19,"{'android': 'https://bkn.lft.to/lastmile_qr_scan', 'ios': 'https://bkn.lft.to/lastmile_qr_scan'}","['KEY', 'CREDITCARD']",True,classic,36aaebb9-ef10-41a5-b20b-753bf8a3fed8,False,[],False
66dc176f-0aca-11e7-82f6-3863bb44ef7c,E 4 St & 2 Ave,5593.04,-73.98978041,40.7262807,71.0,78,"{'android': 'https://bkn.lft.to/lastmile_qr_scan', 'ios': 'https://bkn.lft.to/lastmile_qr_scan'}","['KEY', 'CREDITCARD']",True,classic,66dc176f-0aca-11e7-82f6-3863bb44ef7c,False,[],False
1828969634783171152,108 St & 39 Ave,6490.02,-73.85915,40.75165,71.0,21,"{'android': 'https://bkn.lft.to/lastmile_qr_scan', 'ios': 'https://bkn.lft.to/lastmile_qr_scan'}","['KEY', 'CREDITCARD']",True,classic,1828969634783171152,False,[],False
1848242143834868452,42 Ave & 108 St,6371.03,-73.85792,40.74944,71.0,20,"{'android': 'https://bkn.lft.to/lastmile_qr_scan', 'ios': 'https://bkn.lft.to/lastmile_qr_scan'}","['KEY', 'CREDITCARD']",True,classic,1848242143834868452,False,[],False
8d8a381c-21df-4095-837e-65924d85a06d,3 Ave & E 170 St,8137.06,-73.903743,40.834857,71.0,21,"{'android': 'https://bkn.lft.to/lastmile_qr_scan', 'ios': 'https://bkn.lft.to/lastmile_qr_scan'}","['KEY', 'CREDITCARD']",True,classic,8d8a381c-21df-4095-837e-65924d85a06d,False,[],False
174bf571-e597-463d-84bc-611c4a13d85e,Eastern Pkwy & Nostrand Ave,3911.05,-73.9503,40.66967,71.0,27,"{'android': 'https://bkn.lft.to/lastmile_qr_scan', 'ios': 'https://bkn.lft.to/lastmile_qr_scan'}","['KEY', 'CREDITCARD']",True,classic,174bf571-e597-463d-84bc-611c4a13d85e,False,[],False
1835249197527877718,100 St & 37 Ave,6499.06,-73.86717,40.75243,71.0,20,"{'android': 'https://bkn.lft.to/lastmile_qr_scan', 'ios': 'https://bkn.lft.to/lastmile_qr_scan'}","['KEY', 'CREDITCARD']",True,classic,1835249197527877718,False,[],False
66dbc860-0aca-11e7-82f6-3863bb44ef7c,E 11 St & Broadway,5829.12,-73.99158043,40.73261787,,99,"{'android': 'https://bkn.lft.to/lastmile_qr_scan', 'ios': 'https://bkn.lft.to/lastmile_qr_scan'}","['KEY', 'CREDITCARD']",True,classic,66dbc860-0aca-11e7-82f6-3863bb44ef7c,False,[],False
1828966227118051662,30 Ave & 70 St,6727.02,-73.89741,40.76013,71.0,19,"{'android': 'https://bkn.lft.to/lastmile_qr_scan', 'ios': 'https://bkn.lft.to/lastmile_qr_scan'}","['KEY', 'CREDITCARD']",True,classic,1828966227118051662,False,[],False
ee1d39c5-47c8-4527-9456-3719c50b7be5,Gerard Ave & E 146 St,7868.05,-73.92965,40.817755,71.0,19,"{'android': 'https://bkn.lft.to/lastmile_qr_scan', 'ios': 'https://bkn.lft.to/lastmile_qr_scan'}","['KEY', 'CREDITCARD']",True,classic,ee1d39c5-47c8-4527-9456-3719c50b7be5,False,[],False
ee1ba75f-baf5-4852-929c-8b7ad310f55a,Willoughby Ave & Onderdonk Ave,5115.05,-73.91727,40.7098,71.0,27,"{'android': 'https://bkn.lft.to/lastmile_qr_scan', 'ios': 'https://bkn.lft.to/lastmile_qr_scan'}","['KEY', 'CREDITCARD']",True,classic,ee1ba75f-baf5-4852-929c-8b7ad310f55a,False,[],False
90fca941-2212-43bf-b104-ce32c4270d4d,Hoe Ave & Jennings St,8095.06,-73.889686,40.832171,71.0,20,"{'android': 'https://bkn.lft.to/lastmile_qr_scan', 'ios': 'https://bkn.lft.to/lastmile_qr_scan'}","['KEY', 'CREDITCARD']",True,classic,90fca941-2212-43bf-b104-ce32c4270d4d,False,[],False
1828966490867110420,75 St & Northern Blvd,6527.07,-73.8918,40.75473,71.0,18,"{'android': 'https://bkn.lft.to/lastmile_qr_scan', 'ios': 'https://bkn.lft.to/lastmile_qr_scan'}","['KEY', 'CREDITCARD']",True,classic,1828966490867110420,False,[],False
16c54bf4-194b-4f26-9c49-a42901b4748d,40 St & Queens Blvd,6176.11,-73.92435193061829,40.743540273428685,71.0,25,"{'android': 'https://bkn.lft.to/lastmile_qr_scan', 'ios': 'https://bkn.lft.to/lastmile_qr_scan'}","['KEY', 'CREDITCARD']",True,classic,16c54bf4-194b-4f26-9c49-a42901b4748d,False,[],False
699d3378-6ea8-465f-888b-c49c60089ce8,Park Pl & Vanderbilt Ave,4083.13,-73.969024,40.6767,71.0,21,"{'android': 'https://bkn.lft.to/lastmile_qr_scan', 'ios': 'https://bkn.lft.to/lastmile_qr_scan'}","['KEY', 'CREDITCARD']",True,classic,699d3378-6ea8-465f-888b-c49c60089ce8,False,[],False
014a931b-8e1c-438a-8a22-f267ddd1e0d2,Peck Slip & South St,5096.12,-74.00108054280281,40.7075188830923,71.0,45,"{'android': 'https://bkn.lft.to/lastmile_qr_scan', 'ios': 'https://bkn.lft.to/lastmile_qr_scan'}","['KEY', 'CREDITCARD']",True,classic,014a931b-8e1c-438a-8a22-f267ddd1e0d2,False,[],False
1ecc9936-ee0c-44b2-baa8-237564c8e4fd,Ashland Pl & Dekalb Ave,4513.09,-73.978776,40.690065,71.0,47,"{'android': 'https://bkn.lft.to/lastmile_qr_scan', 'ios': 'https://bkn.lft.to/lastmile_qr_scan'}","['KEY', 'CREDITCARD']",True,classic,1ecc9936-ee0c-44b2-baa8-237564c8e4fd,False,[],False
5b4a90b8-426d-4a40-a7ca-87e51d690883,W 113 St & Broadway,7713.01,-73.964928,40.805973,71.0,39,"{'android': 'https://bkn.lft.to/lastmile_qr_scan', 'ios': 'https://bkn.lft.to/lastmile_qr_scan'}","['KEY', 'CREDITCARD']",True,classic,5b4a90b8-426d-4a40-a7ca-87e51d690883,False,[],False
e63c8dac-ab44-48c8-83a0-92c53a00f12e,Eastern Pkwy & Washington Ave,3928.08,-73.9631145,40.6716493,71.0,31,"{'android': 'https://bkn.lft.to/lastmile_qr_scan', 'ios': 'https://bkn.lft.to/lastmile_qr_scan'}","['KEY', 'CREDITCARD']",True,classic,e63c8dac-ab44-48c8-83a0-92c53a00f12e,False,[],False
6ff2eec8-2b72-490a-b1c3-f9892ab3a724,E 22 St & 2 Ave,5971.09,-73.98122549057007,40.73716919369882,71.0,49,"{'android': 'https://bkn.lft.to/lastmile_qr_scan', 'ios': 'https://bkn.lft.to/lastmile_qr_scan'}","['KEY', 'CREDITCARD']",True,classic,6ff2eec8-2b72-490a-b1c3-f9892ab3a724,False,[],False
2206780035495797216,Queens Blvd S & 71 Ave,5513.11,-73.84431,40.72146,,28,"{'android': 'https://bkn.lft.to/lastmile_qr_scan', 'ios': 'https://bkn.lft.to/lastmile_qr_scan'}","['KEY', 'CREDITCARD']",False,classic,2206780035495797216,False,[],False
116dbc02-a3c1-4b65-9f73-2a09a2aa1379,10 Ave & W 14 St,6157.04,-74.00831580162048,40.74198159994023,71.0,81,"{'android': 'https://bkn.lft.to/lastmile_qr_scan', 'ios': 'https://bkn.lft.to/lastmile_qr_scan'}","['KEY', 'CREDITCARD']",True,classic,116dbc02-a3c1-4b65-9f73-2a09a2aa1379,False,[],False
b16e9f3f-9b07-486f-a1ca-c76030f5ea64,Carroll St & Rochester Ave,3742.11,-73.9284,40.66598,71.0,21,"{'android': 'https://bkn.lft.to/lastmile_qr_scan', 'ios': 'https://bkn.lft.to/lastmile_qr_scan'}","['KEY', 'CREDITCARD']",True,classic,b16e9f3f-9b07-486f-a1ca-c76030f5ea64,False,[],False
4956ad8b-06d6-4af4-bcc8-735c45439608,Cypress Hills St & Otto Rd,4904.03,-73.89288,40.70204,71.0,19,"{'android': 'https://bkn.lft.to/lastmile_qr_scan', 'ios': 'https://bkn.lft.to/lastmile_qr_scan'}","['KEY', 'CREDITCARD']",True,classic,4956ad8b-06d6-4af4-bcc8-735c45439608,False,[],False
1891277309535701686,Warren St & Roosevelt Ave,6346.07,-73.87054,40.74919,71.0,23,"{'android': 'https://bkn.lft.to/lastmile_qr_scan', 'ios': 'https://bkn.lft.to/lastmile_qr_scan'}","['KEY', 'CREDITCARD']",True,classic,1891277309535701686,False,[],False
66db43b5-0aca-11e7-82f6-3863bb44ef7c,DeKalb Ave & Vanderbilt Ave,4461.04,-73.96885458,40.68940747,71.0,23,"{'android': 'https://bkn.lft.to/lastmile_qr_scan', 'ios': 'https://bkn.lft.to/lastmile_qr_scan'}","['KEY', 'CREDITCARD']",True,classic,66db43b5-0aca-11e7-82f6-3863bb44ef7c,False,[],False
de97a7d0-fbb3-4c13-ba6a-2bbd441751fe,Willis Ave & Bruckner Blvd,7691.05,-73.925177,40.805701,71.0,19,"{'android': 'https://bkn.lft.to/lastmile_qr_scan', 'ios': 'https://bkn.lft.to/lastmile_qr_scan'}","['KEY', 'CREDITCARD']",True,classic,de97a7d0-fbb3-4c13-ba6a-2bbd441751fe,False,[],False
ee70b21e-4a95-4bdf-802c-50f83a76971d,Cedar St & Evergreen Ave,4721.01,-73.92807,40.69671,71.0,25,"{'android': 'https://bkn.lft.to/lastmile_qr_scan', 'ios': 'https://bkn.lft.to/lastmile_qr_scan'}","['KEY', 'CREDITCARD']",True,classic,ee70b21e-4a95-4bdf-802c-50f83a76971d,False,[],False
2206776688665279120,110 St & 66 Rd,5818.07,-73.84568,40.73017,71.0,16,"{'android': 'https://bkn.lft.to/lastmile_qr_scan', 'ios': 'https://bkn.lft.to/lastmile_qr_scan'}","['KEY', 'CREDITCARD']",False,classic,2206776688665279120,False,[],False
2235294142100241836,Livonia Ave & Mother Gaston Blvd,3717.01,-73.90531,40.663,71.0,18,"{'android': 'https://bkn.lft.to/lastmile_qr_scan', 'ios': 'https://bkn.lft.to/lastmile_qr_scan'}","['KEY', 'CREDITCARD']",False,classic,2235294142100241836,False,[],False
66dd4f9b-0aca-11e7-82f6-3863bb44ef7c,Amsterdam Ave & W 82 St,7360.10,-73.97667321,40.78524672,71.0,39,"{'android': 'https://bkn.lft.to/lastmile_qr_scan', 'ios': 'https://bkn.lft.to/lastmile_qr_scan'}","['KEY', 'CREDITCARD']",True,classic,66dd4f9b-0aca-11e7-82f6-3863bb44ef7c,False,[],False
606c7384-75e9-4988-858a-07b88b3a9413,Calyer St & Jewel St,5743.02,-73.94839,40.72984,71.0,40,"{'android': 'https://bkn.lft.to/lastmile_qr_scan', 'ios': 'https://bkn.lft.to/lastmile_qr_scan'}","['KEY', 'CREDITCARD']",True,classic,606c7384-75e9-4988-858a-07b88b3a9413,False,[],False
454fe70c-1d53-4af2-a9ea-1d4bd9f59799,Jerome Ave & E 198 St,8720.02,-73.89289632439613,40.87144520687118,71.0,20,"{'android': 'https://bkn.lft.to/lastmile_qr_scan', 'ios': 'https://bkn.lft.to/lastmile_qr_scan'}","['KEY', 'CREDITCARD']",True,classic,454fe70c-1d53-4af2-a9ea-1d4bd9f59799,False,[],False
66de18d7-0aca-11e7-82f6-3863bb44ef7c,Sigourney St & Columbia St,3940.04,-74.0087952464819,40.67267243410948,71.0,21,"{'android': 'https://bkn.lft.to/lastmile_qr_scan', 'ios': 'https://bkn.lft.to/lastmile_qr_scan'}","['KEY', 'CREDITCARD']",True,classic,66de18d7-0aca-11e7-82f6-3863bb44ef7c,False,[],False
1828967499459705054,82 St & 30 Ave,6748.04,-73.88632,40.76109,71.0,19,"{'android': 'https://bkn.lft.to/lastmile_qr_scan', 'ios': 'https://bkn.lft.to/lastmile_qr_scan'}","['KEY', 'CREDITCARD']",True,classic,1828967499459705054,False,[],False
b4ae292d-5e89-4c58-8154-0496893394b5,Grand Concourse & E 166 St,8092.06,-73.91956,40.83196,71.0,24,"{'android': 'https://bkn.lft.to/lastmile_qr_scan', 'ios': 'https://bkn.lft.to/lastmile_qr_scan'}","['KEY', 'CREDITCARD']",True,classic,b4ae292d-5e89-4c58-8154-0496893394b5,False,[],False
1885440410432338078,E 182 St & Grand Concourse,8494.07,-73.90051,40.85591,71.0,26,"{'android': 'https://bkn.lft.to/lastmile_qr_scan', 'ios': 'https://bkn.lft.to/lastmile_qr_scan'}","['KEY', 'CREDITCARD']",True,classic,1885440410432338078,False,[],False
3d835eaa-a102-42c5-b6c0-2c693b1d0677,Schermerhorn St & Court St,4565.07,-73.99201065301895,40.6910363748993,71.0,59,"{'android': 'https://bkn.lft.to/lastmile_qr_scan', 'ios': 'https://bkn.lft.to/lastmile_qr_scan'}","['KEY', 'CREDITCARD']",True,classic,3d835eaa-a102-42c5-b6c0-2c693b1d0677,False,[],False
d9160982-2d9b-4f08-9469-a559a7b62809,E 13 St & Ave A,5779.09,-73.98067966103554,40.72966729392978,71.0,90,"{'android': 'https://bkn.lft.to/lastmile_qr_scan', 'ios': 'https://bkn.lft.to/lastmile_qr_scan'}","['KEY', 'CREDITCARD']",True,classic,d9160982-2d9b-4f08-9469-a559a7b62809,False,[],False
f6cf3ecc-b3ad-4291-8c24-277f28f64ba1,Wyckoff Ave & Stanhope St,4931.05,-73.917775,40.703545,71.0,22,"{'android': 'https://bkn.lft.to/lastmile_qr_scan', 'ios': 'https://bkn.lft.to/lastmile_qr_scan'}","['KEY', 'CREDITCARD']",True,classic,f6cf3ecc-b3ad-4291-8c24-277f28f64ba1,False,[],False
4cfd4097-0aee-4f11-9aea-55f99397bf33,Irving Ave & Halsey St,4695.04,-73.90663,40.69467,71.0,19,"{'android': 'https://bkn.lft.to/lastmile_qr_scan', 'ios': 'https://bkn.lft.to/lastmile_qr_scan'}","['KEY', 'CREDITCARD']",True,classic,4cfd4097-0aee-4f11-9aea-55f99397bf33,False,[],False
3c73cc9f-3c09-4ac4-a4ea-22b4f027bf23,Amsterdam Ave & W 172 St,8242.04,-73.935111,40.842173,71.0,23,"{'android': 'https://bkn.lft.to/lastmile_qr_scan', 'ios': 'https://bkn.lft.to/lastmile_qr_scan'}","['KEY', 'CREDITCARD']",True,classic,3c73cc9f-3c09-4ac4-a4ea-22b4f027bf23,False,[],False
66db2f4c-0aca-11e7-82f6-3863bb44ef7c,E 2 St & Ave C,5476.03,-73.98085795,40.7208736,71.0,84,"{'android': 'https://bkn.lft.to/lastmile_qr_scan', 'ios': 'https://bkn.lft.to/lastmile_qr_scan'}","['KEY', 'CREDITCARD']",True,classic,66db2f4c-0aca-11e7-82f6-3863bb44ef7c,False,[],False
2250953386700435630,Livonia Ave & Schenck Ave,3772.03,-73.88643,40.66579,71.0,16,"{'android': 'https://bkn.lft.to/lastmile_qr_scan', 'ios': 'https://bkn.lft.to/lastmile_qr_scan'}","['KEY', 'CREDITCARD']",False,classic,2250953386700435630,False,[],False
66db3898-0aca-11e7-82f6-3863bb44ef7c,Spruce St & Nassau St,5137.10,-74.00552427,40.71146364,71.0,34,"{'android': 'https://bkn.lft.to/lastmile_qr_scan', 'ios': 'https://bkn.lft.to/lastmile_qr_scan'}","['KEY', 'CREDITCARD']",True,classic,66db3898-0aca-11e7-82f6-3863bb44ef7c,False,[],False
2206771827276449614,108 St & 62 Dr,5903.06,-73.85102,40.73551,71.0,16,"{'android': 'https://bkn.lft.to/lastmile_qr_scan', 'ios': 'https://bkn.lft.to/lastmile_qr_scan'}","['KEY', 'CREDITCARD']",False,classic,2206771827276449614,False,[],False
2171903032377767128,E 205 St & Webster Ave,8744.07,-73.87514,40.87302,71.0,16,"{'android': 'https://bkn.lft.to/lastmile_qr_scan', 'ios': 'https://bkn.lft.to/lastmile_qr_scan'}","['KEY', 'CREDITCARD']",False,classic,2171903032377767128,False,[],False
2235294409246987300,Mother Gaston Blvd & Newport St,3606.04,-73.90434,40.66016,71.0,14,"{'android': 'https://bkn.lft.to/lastmile_qr_scan', 'ios': 'https://bkn.lft.to/lastmile_qr_scan'}","['KEY', 'CREDITCARD']",False,classic,2235294409246987300,False,[],False
2235294496596698930,Lott Ave & Rockaway Ave,3574.04,-73.9076,40.65803,71.0,16,"{'android': 'https://bkn.lft.to/lastmile_qr_scan', 'ios': 'https://bkn.lft.to/lastmile_qr_scan'}","['KEY', 'CREDITCARD']",False,classic,2235294496596698930,False,[],False
a6492ad5-d13e-48b0-a0d5-08e60ad93e53,River Ter & Warren St,5368.03,-74.01587963104248,40.71759894980997,71.0,69,"{'android': 'https://bkn.lft.to/lastmile_qr_scan', 'ios': 'https://bkn.lft.to/lastmile_qr_scan'}","['KEY', 'CREDITCARD']",True,classic,a6492ad5-d13e-48b0-a0d5-08e60ad93e53,False,[],False
1851947582840610924,31 Ave & 84 St,6709.01,-73.88431,40.75947,71.0,21,"{'android': 'https://bkn.lft.to/lastmile_qr_scan', 'ios': 'https://bkn.lft.to/lastmile_qr_scan'}","['KEY', 'CREDITCARD']",True,classic,1851947582840610924,False,[],False
fc5ee04d-710b-45ba-aae0-303b8e95ea89,Powers St & Olive St,5210.01,-73.93894,40.71323,71.0,19,"{'android': 'https://bkn.lft.to/lastmile_qr_scan', 'ios': 'https://bkn.lft.to/lastmile_qr_scan'}","['KEY', 'CREDITCARD']",True,classic,fc5ee04d-710b-45ba-aae0-303b8e95ea89,False,[],False
4e862dc1-0652-4f29-a26f-315d763df67d,Washington St & Barrow St,5847.08,-74.008769094944,40.73191132323174,71.0,57,"{'android': 'https://bkn.lft.to/lastmile_qr_scan', 'ios': 'https://bkn.lft.to/lastmile_qr_scan'}","['KEY', 'CREDITCARD']",True,classic,4e862dc1-0652-4f29-a26f-315d763df67d,False,[],False
971cddfa-695e-4b44-ba8b-26154ab4a83b,Southern Blvd & Ave St John,7767.06,-73.901583,40.812769,71.0,19,"{'android': 'https://bkn.lft.to/lastmile_qr_scan', 'ios': 'https://bkn.lft.to/lastmile_qr_scan'}","['KEY', 'CREDITCARD']",True,classic,971cddfa-695e-4b44-ba8b-26154ab4a83b,False,[],False
814dd1a9-100c-4b1b-8110-6319bbd464e9,St Marks Ave & Rochester Ave,4039.04,-73.92772,40.67404,71.0,20,"{'android': 'https://bkn.lft.to/lastmile_qr_scan', 'ios': 'https://bkn.lft.to/lastmile_qr_scan'}","['KEY', 'CREDITCARD']",True,classic,814dd1a9-100c-4b1b-8110-6319bbd464e9,False,[],False
66ddeb67-0aca-11e7-82f6-3863bb44ef7c,Kane St & Clinton St,4455.11,-73.99645295,40.6861758,71.0,27,"{'android': 'https://bkn.lft.to/lastmile_qr_scan', 'ios': 'https://bkn.lft.to/lastmile_qr_scan'}","['KEY', 'CREDITCARD']",True,classic,66ddeb67-0aca-11e7-82f6-3863bb44ef7c,False,[],False
66dde271-0aca-11e7-82f6-3863bb44ef7c,W 87 St & West End Ave,7484.05,-73.97757,40.789622,71.0,47,"{'android': 'https://bkn.lft.to/lastmile_qr_scan', 'ios': 'https://bkn.lft.to/lastmile_qr_scan'}","['KEY', 'CREDITCARD']",True,classic,66dde271-0aca-11e7-82f6-3863bb44ef7c,False,[],False
66db5f40-0aca-11e7-82f6-3863bb44ef7c,E 10 St & 5 Ave,5872.08,-73.99510132,40.73331967,,43,"{'android': 'https://bkn.lft.to/lastmile_qr_scan', 'ios': 'https://bkn.lft.to/lastmile_qr_scan'}","['KEY', 'CREDITCARD']",True,classic,66db5f40-0aca-11e7-82f6-3863bb44ef7c,False,[],False
2235291837774998538,Linden Blvd & Rockaway Pkwy,3429.01,-73.91286,40.65435,71.0,24,"{'android': 'https://bkn.lft.to/lastmile_qr_scan', 'ios': 'https://bkn.lft.to/lastmile_qr_scan'}","['KEY', 'CREDITCARD']",False,classic,2235291837774998538,False,[],False
2235292831092573154,Powell St & Belmont Ave,3900.07,-73.90403,40.66929,71.0,15,"{'android': 'https://bkn.lft.to/lastmile_qr_scan', 'ios': 'https://bkn.lft.to/lastmile_qr_scan'}","['KEY', 'CREDITCARD']",False,classic,2235292831092573154,False,[],False
66dc4334-0aca-11e7-82f6-3863bb44ef7c,W 53 St & 10 Ave,6890.01,-73.99061728,40.76669671,71.0,29,"{'android': 'https://bkn.lft.to/lastmile_qr_scan', 'ios': 'https://bkn.lft.to/lastmile_qr_scan'}","['KEY', 'CREDITCARD']",True,classic,66dc4334-0aca-11e7-82f6-3863bb44ef7c,False,[],False
66db460d-0aca-11e7-82f6-3863bb44ef7c,Maiden Ln & Pearl St,5065.10,-74.00731853,40.70706456,71.0,29,"{'android': 'https://bkn.lft.to/lastmile_qr_scan', 'ios': 'https://bkn.lft.to/lastmile_qr_scan'}","['KEY', 'CREDITCARD']",True,classic,66db460d-0aca-11e7-82f6-3863bb44ef7c,False,[],False
2206777071047128072,66 Rd & 102 St,5710.04,-73.85187,40.72849,71.0,18,"{'android': 'https://bkn.lft.to/lastmile_qr_scan', 'ios': 'https://bkn.lft.to/lastmile_qr_scan'}","['KEY', 'CREDITCARD']",False,classic,2206777071047128072,False,[],False
c1e24edf-7192-433f-8d38-be5b6b3647c5,North Moore St & Greenwich St,5470.12,-74.0103006362915,40.72019521437465,71.0,29,"{'android': 'https://bkn.lft.to/lastmile_qr_scan', 'ios': 'https://bkn.lft.to/lastmile_qr_scan'}","['KEY', 'CREDITCARD']",True,classic,c1e24edf-7192-433f-8d38-be5b6b3647c5,False,"[{'id': 'c1e24edf-7192-433f-8d38-be5b6b3647c5', 'service_type': 'ATTENDED_SERVICE', 'docks_availability': 'UNLIMITED', 'bikes_availability': 'UNLIMITED', 'off_dock_bikes_count': 116, 'off_dock_remaining_bike_capacity': 4, 'name': 'Valet Service', 'description': ''}]",False
66db3e32-0aca-11e7-82f6-3863bb44ef7c,Carlton Ave & Flushing Ave,4732.08,-73.973736,40.697787,71.0,46,"{'android': 'https://bkn.lft.to/lastmile_qr_scan', 'ios': 'https://bkn.lft.to/lastmile_qr_scan'}","['KEY', 'CREDITCARD']",True,classic,66db3e32-0aca-11e7-82f6-3863bb44ef7c,False,[],False
00284700-9d22-42ce-8485-113fed9879c1,28 Ave & 44 St,6879.04,-73.91065120697021,40.76408932350688,71.0,19,"{'android': 'https://bkn.lft.to/lastmile_qr_scan', 'ios': 'https://bkn.lft.to/lastmile_qr_scan'}","['KEY', 'CREDITCARD']",True,classic,00284700-9d22-42ce-8485-113fed9879c1,False,[],False
66dc1702-0aca-11e7-82f6-3863bb44ef7c,St Marks Pl & 1 Ave,5626.13,-73.98564945,40.72779126,71.0,69,"{'android': 'https://bkn.lft.to/lastmile_qr_scan', 'ios': 'https://bkn.lft.to/lastmile_qr_scan'}","['KEY', 'CREDITCARD']",True,classic,66dc1702-0aca-11e7-82f6-3863bb44ef7c,False,[],False
0258da92-f770-4acc-b20b-91b78aff791e,Flatbush Ave & Lincoln Rd,3593.1,-73.96091,40.66131,71.0,23,"{'android': 'https://bkn.lft.to/lastmile_qr_scan', 'ios': 'https://bkn.lft.to/lastmile_qr_scan'}","['KEY', 'CREDITCARD']",True,classic,0258da92-f770-4acc-b20b-91b78aff791e,False,[],False
1817803079955479336,Parkside Ave & Parade Pl,3376.04,-73.96639,40.6532,71.0,22,"{'android': 'https://bkn.lft.to/lastmile_qr_scan', 'ios': 'https://bkn.lft.to/lastmile_qr_scan'}","['KEY', 'CREDITCARD']",True,classic,1817803079955479336,False,[],False
2235291935345824774,Hegeman Ave & Amboy St,3429.05,-73.91087,40.6557,71.0,23,"{'android': 'https://bkn.lft.to/lastmile_qr_scan', 'ios': 'https://bkn.lft.to/lastmile_qr_scan'}","['KEY', 'CREDITCARD']",False,classic,2235291935345824774,False,[],False
5782a158-b596-4936-a451-32ccc131a57d,Thomas S. Boyland St & Marion St,4253.02,-73.91415685415268,40.6814658848122,71.0,19,"{'android': 'https://bkn.lft.to/lastmile_qr_scan', 'ios': 'https://bkn.lft.to/lastmile_qr_scan'}","['KEY', 'CREDITCARD']",True,classic,5782a158-b596-4936-a451-32ccc131a57d,False,[],False
1846086562569586930,Corona Ave & 102 St,6222.04,-73.8619,40.74419,71.0,21,"{'android': 'https://bkn.lft.to/lastmile_qr_scan', 'ios': 'https://bkn.lft.to/lastmile_qr_scan'}","['KEY', 'CREDITCARD']",True,classic,1846086562569586930,False,[],False
fffb18be-14b3-412f-a808-107a98cd9e58,E 182 St & Morris Ave,8494.01,-73.90265285968779,40.85670801831255,71.0,19,"{'android': 'https://bkn.lft.to/lastmile_qr_scan', 'ios': 'https://bkn.lft.to/lastmile_qr_scan'}","['KEY', 'CREDITCARD']",True,classic,fffb18be-14b3-412f-a808-107a98cd9e58,False,[],False
4fb1ee23-4511-47c4-8698-0c46673dc86c,53 St & Roosevelt Ave,6200.03,-73.91143,40.74462,71.0,21,"{'android': 'https://bkn.lft.to/lastmile_qr_scan', 'ios': 'https://bkn.lft.to/lastmile_qr_scan'}","['KEY', 'CREDITCARD']",True,classic,4fb1ee23-4511-47c4-8698-0c46673dc86c,False,[],False
66dc7c31-0aca-11e7-82f6-3863bb44ef7c,W 29 St & 9 Ave,6416.06,-73.99839279,40.7500727,71.0,43,"{'android': 'https://bkn.lft.to/lastmile_qr_scan', 'ios': 'https://bkn.lft.to/lastmile_qr_scan'}","['KEY', 'CREDITCARD']",True,classic,66dc7c31-0aca-11e7-82f6-3863bb44ef7c,False,[],False
66dce660-0aca-11e7-82f6-3863bb44ef7c,Leonard St & Boerum St,5036.06,-73.94644578,40.70583339,71.0,24,"{'android': 'https://bkn.lft.to/lastmile_qr_scan', 'ios': 'https://bkn.lft.to/lastmile_qr_scan'}","['KEY', 'CREDITCARD']",True,classic,66dce660-0aca-11e7-82f6-3863bb44ef7c,False,[],False
2ec2f95c-675c-4c59-856f-1fb38df59fa2,Grand Concourse & E 192 St,8601.04,-73.89522,40.86448,71.0,21,"{'android': 'https://bkn.lft.to/lastmile_qr_scan', 'ios': 'https://bkn.lft.to/lastmile_qr_scan'}","['KEY', 'CREDITCARD']",True,classic,2ec2f95c-675c-4c59-856f-1fb38df59fa2,False,[],False
1861680383828308814,Marble Hill Ave & W 227 St,8776.02,-73.90941,40.87655,71.0,19,"{'android': 'https://bkn.lft.to/lastmile_qr_scan', 'ios': 'https://bkn.lft.to/lastmile_qr_scan'}","['KEY', 'CREDITCARD']",True,classic,1861680383828308814,False,[],False
23539f3b-fb83-4f34-b8b8-9f1f37b5e646,Morningside Ave & W 123 St,7741.01,-73.9551508,40.81,71.0,35,"{'android': 'https://bkn.lft.to/lastmile_qr_scan', 'ios': 'https://bkn.lft.to/lastmile_qr_scan'}","['KEY', 'CREDITCARD']",True,classic,23539f3b-fb83-4f34-b8b8-9f1f37b5e646,False,[],False
66dbc745-0aca-11e7-82f6-3863bb44ef7c,Bayard St & Baxter St,5351.03,-73.99974372,40.71602118,71.0,43,"{'android': 'https://bkn.lft.to/lastmile_qr_scan', 'ios': 'https://bkn.lft.to/lastmile_qr_scan'}","['KEY', 'CREDITCARD']",True,classic,66dbc745-0aca-11e7-82f6-3863bb44ef7c,False,[],False
c36cfa58-29fe-4c0c-a14f-41c3463487fd,40 Ave & Crescent St,6462.05,-73.93795609474182,40.7535992020056,71.0,23,"{'android': 'https://bkn.lft.to/lastmile_qr_scan', 'ios': 'https://bkn.lft.to/lastmile_qr_scan'}","['KEY', 'CREDITCARD']",True,classic,c36cfa58-29fe-4c0c-a14f-41c3463487fd,False,[],False
1857217349795049790,Lexington Ave & Patchen Ave,4534.06,-73.9277,40.6904,71.0,18,"{'android': 'https://bkn.lft.to/lastmile_qr_scan', 'ios': 'https://bkn.lft.to/lastmile_qr_scan'}","['KEY', 'CREDITCARD']",True,classic,1857217349795049790,False,[],False
1861681740276243358,Irwin Ave & W 232 St,8835.05,-73.90809,40.88227,71.0,20,"{'android': 'https://bkn.lft.to/lastmile_qr_scan', 'ios': 'https://bkn.lft.to/lastmile_qr_scan'}","['KEY', 'CREDITCARD']",True,classic,1861681740276243358,False,[],False
2250948596992442786,Pennsylvania Ave & Atlantic Ave,4078.01,-73.89669,40.67556,71.0,19,"{'android': 'https://bkn.lft.to/lastmile_qr_scan', 'ios': 'https://bkn.lft.to/lastmile_qr_scan'}","['KEY', 'CREDITCARD']",False,classic,2250948596992442786,False,[],False
3e4a2c26-7527-469c-b4f4-1ef8d40fd20d,Sedgwick Ave & W Burnside Ave,8465.01,-73.916661,40.854947,71.0,17,"{'android': 'https://bkn.lft.to/lastmile_qr_scan', 'ios': 'https://bkn.lft.to/lastmile_qr_scan'}","['KEY', 'CREDITCARD']",True,classic,3e4a2c26-7527-469c-b4f4-1ef8d40fd20d,False,[],False
1835250199411134468,Ditmars Blvd & 102 St,6970.02,-73.86832,40.76894,71.0,25,"{'android': 'https://bkn.lft.to/lastmile_qr_scan', 'ios': 'https://bkn.lft.to/lastmile_qr_scan'}","['KEY', 'CREDITCARD']",True,classic,1835250199411134468,False,[],False
5fdf435f-6080-4b1d-966c-3b9d08450c4d,Willis Ave & E 141 St,7759.08,-73.921606,40.81093,71.0,19,"{'android': 'https://bkn.lft.to/lastmile_qr_scan', 'ios': 'https://bkn.lft.to/lastmile_qr_scan'}","['KEY', 'CREDITCARD']",True,classic,5fdf435f-6080-4b1d-966c-3b9d08450c4d,False,[],False
66ddd545-0aca-11e7-82f6-3863bb44ef7c,Cooper Square & Astor Pl,5712.03,-73.99075269699097,40.72951496224949,71.0,87,"{'android': 'https://bkn.lft.to/lastmile_qr_scan', 'ios': 'https://bkn.lft.to/lastmile_qr_scan'}","['KEY', 'CREDITCARD']",True,classic,66ddd545-0aca-11e7-82f6-3863bb44ef7c,False,[],False
2126621627432855870,Shore Rd & 80 St,2635.08,-74.03962,40.63074,71.0,12,"{'android': 'https://bkn.lft.to/lastmile_qr_scan', 'ios': 'https://bkn.lft.to/lastmile_qr_scan'}","['KEY', 'CREDITCARD']",False,classic,2126621627432855870,False,[],False
2235289607473550312,Sutter Ave & Grafton St,3806.03,-73.91867,40.66596,71.0,16,"{'android': 'https://bkn.lft.to/lastmile_qr_scan', 'ios': 'https://bkn.lft.to/lastmile_qr_scan'}","['KEY', 'CREDITCARD']",False,classic,2235289607473550312,False,[],False
f6143531-4a16-4aac-9b55-573ef7ef162e,34 St & 35 Ave,6605.08,-73.9262231,40.7569332,71.0,21,"{'android': 'https://bkn.lft.to/lastmile_qr_scan', 'ios': 'https://bkn.lft.to/lastmile_qr_scan'}","['KEY', 'CREDITCARD']",True,classic,f6143531-4a16-4aac-9b55-573ef7ef162e,False,[],False
66dbc7d2-0aca-11e7-82f6-3863bb44ef7c,Bialystoker Pl & Delancey St,5335.03,-73.98261206,40.71622644,71.0,33,"{'android': 'https://bkn.lft.to/lastmile_qr_scan', 'ios': 'https://bkn.lft.to/lastmile_qr_scan'}","['KEY', 'CREDITCARD']",True,classic,66dbc7d2-0aca-11e7-82f6-3863bb44ef7c,False,[],False
5864d88d-a0fd-40ad-beee-896118d9360d,42 St & 1 Ave,3428.02,-74.014372,40.654798,71.0,19,"{'android': 'https://bkn.lft.to/lastmile_qr_scan', 'ios': 'https://bkn.lft.to/lastmile_qr_scan'}","['KEY', 'CREDITCARD']",True,classic,5864d88d-a0fd-40ad-beee-896118d9360d,False,[],False
dee5a590-7cda-465e-8351-b0622a5e2ad3,Walton Ave & E 153 St,7945.07,-73.926907,40.822351,71.0,19,"{'android': 'https://bkn.lft.to/lastmile_qr_scan', 'ios': 'https://bkn.lft.to/lastmile_qr_scan'}","['KEY', 'CREDITCARD']",True,classic,dee5a590-7cda-465e-8351-b0622a5e2ad3,False,[],False
7e70b65e-00c1-40d5-984d-17232a4ee05e,Greenwich St & Perry St,5922.04,-74.00697,40.73498,71.0,45,"{'android': 'https://bkn.lft.to/lastmile_qr_scan', 'ios': 'https://bkn.lft.to/lastmile_qr_scan'}","['KEY', 'CREDITCARD']",True,classic,7e70b65e-00c1-40d5-984d-17232a4ee05e,False,[],False
ab29ce96-c2e8-4929-b27b-e0fe4aae17d5,Webster Ave & E 166 St,8052.01,-73.911259,40.828975,71.0,19,"{'android': 'https://bkn.lft.to/lastmile_qr_scan', 'ios': 'https://bkn.lft.to/lastmile_qr_scan'}","['KEY', 'CREDITCARD']",True,classic,ab29ce96-c2e8-4929-b27b-e0fe4aae17d5,False,[],False
66dbf140-0aca-11e7-82f6-3863bb44ef7c,E 2 St & 2 Ave,5593.02,-73.99069656,40.72502876,71.0,84,"{'android': 'https://bkn.lft.to/lastmile_qr_scan', 'ios': 'https://bkn.lft.to/lastmile_qr_scan'}","['KEY', 'CREDITCARD']",True,classic,66dbf140-0aca-11e7-82f6-3863bb44ef7c,False,[],False
06e5447e-35b8-45cb-b3bb-937791a6f8ae,59 St & 59 Rd,5401.03,-73.908454477787,40.71790852734058,71.0,21,"{'android': 'https://bkn.lft.to/lastmile_qr_scan', 'ios': 'https://bkn.lft.to/lastmile_qr_scan'}","['KEY', 'CREDITCARD']",True,classic,06e5447e-35b8-45cb-b3bb-937791a6f8ae,False,[],False
2177015450536365760,W 238 St & Riverdale Ave,8914.01,-73.90782,40.88819,71.0,16,"{'android': 'https://bkn.lft.to/lastmile_qr_scan', 'ios': 'https://bkn.lft.to/lastmile_qr_scan'}","['KEY', 'CREDITCARD']",False,classic,2177015450536365760,False,[],False
023127f2-a6e0-4fae-ba34-178acccb993e,5 Ave & E 135 St,7769.06,-73.937838,40.812191,71.0,21,"{'android': 'https://bkn.lft.to/lastmile_qr_scan', 'ios': 'https://bkn.lft.to/lastmile_qr_scan'}","['KEY', 'CREDITCARD']",True,classic,023127f2-a6e0-4fae-ba34-178acccb993e,False,[],False
2177015115528916668,Netherland Ave & W 232 St,8870.01,-73.91165,40.8839,71.0,12,"{'android': 'https://bkn.lft.to/lastmile_qr_scan', 'ios': 'https://bkn.lft.to/lastmile_qr_scan'}","['KEY', 'CREDITCARD']",False,classic,2177015115528916668,False,[],False
66dd9dba-0aca-11e7-82f6-3863bb44ef7c,Bond St & Fulton St,4479.06,-73.9830426872,40.6896218879,71.0,47,"{'android': 'https://bkn.lft.to/lastmile_qr_scan', 'ios': 'https://bkn.lft.to/lastmile_qr_scan'}","['KEY', 'CREDITCARD']",True,classic,66dd9dba-0aca-11e7-82f6-3863bb44ef7c,False,[],False
66dd3cb4-0aca-11e7-82f6-3863bb44ef7c,21 St & Queens Plaza N,6471.02,-73.94335788,40.75325964,71.0,35,"{'android': 'https://bkn.lft.to/lastmile_qr_scan', 'ios': 'https://bkn.lft.to/lastmile_qr_scan'}","['KEY', 'CREDITCARD']",True,classic,66dd3cb4-0aca-11e7-82f6-3863bb44ef7c,False,[],False
a4c9faeb-2234-457d-ad56-1ab14104b538,61 St & Woodside Ave,6191.06,-73.9036,40.74501,71.0,20,"{'android': 'https://bkn.lft.to/lastmile_qr_scan', 'ios': 'https://bkn.lft.to/lastmile_qr_scan'}","['KEY', 'CREDITCARD']",True,classic,a4c9faeb-2234-457d-ad56-1ab14104b538,False,[],False
034f7f3d-e632-475a-aa01-894480d153df,Skillman Ave & Honeywell St,6334.03,-73.92902433872223,40.7471482490328,71.0,19,"{'android': 'https://bkn.lft.to/lastmile_qr_scan', 'ios': 'https://bkn.lft.to/lastmile_qr_scan'}","['KEY', 'CREDITCARD']",True,classic,034f7f3d-e632-475a-aa01-894480d153df,False,[],False
af72781c-fe0b-4b73-a7df-201f9780ea9c,W Broadway & W Houston St,5644.05,-74.000472,40.726378,71.0,50,"{'android': 'https://bkn.lft.to/lastmile_qr_scan', 'ios': 'https://bkn.lft.to/lastmile_qr_scan'}","['KEY', 'CREDITCARD']",True,classic,af72781c-fe0b-4b73-a7df-201f9780ea9c,False,[],False
2250953269916860916,Livonia Ave & Wyona St,3740.04,-73.8911,40.66526,71.0,14,"{'android': 'https://bkn.lft.to/lastmile_qr_scan', 'ios': 'https://bkn.lft.to/lastmile_qr_scan'}","['KEY', 'CREDITCARD']",False,classic,2250953269916860916,False,[],False
324e55da-fec0-43a2-b622-27774381ab7f,Amsterdam Ave & W 131 St,7842.16,-73.954295,40.816355,71.0,19,"{'android': 'https://bkn.lft.to/lastmile_qr_scan', 'ios': 'https://bkn.lft.to/lastmile_qr_scan'}","['KEY', 'CREDITCARD']",True,classic,324e55da-fec0-43a2-b622-27774381ab7f,False,[],False
1963272613486484230,E 15 St & 5 Ave,5947.06,-73.992949,40.736592,71.0,73,"{'android': 'https://bkn.lft.to/lastmile_qr_scan', 'ios': 'https://bkn.lft.to/lastmile_qr_scan'}","['KEY', 'CREDITCARD']",True,classic,1963272613486484230,False,[],False
f47e1ce9-ff3f-49e9-9a2f-aa5be45d70da,St Ann's Ave & E 144 St,7755.03,-73.914932,40.811112,71.0,23,"{'android': 'https://bkn.lft.to/lastmile_qr_scan', 'ios': 'https://bkn.lft.to/lastmile_qr_scan'}","['KEY', 'CREDITCARD']",True,classic,f47e1ce9-ff3f-49e9-9a2f-aa5be45d70da,False,[],False
b53b5e8f-9503-48d1-b3e3-9347ecef38e2,Wyckoff Ave & Gates Ave,4847.03,-73.91171872615814,40.699871408829885,71.0,36,"{'android': 'https://bkn.lft.to/lastmile_qr_scan', 'ios': 'https://bkn.lft.to/lastmile_qr_scan'}","['KEY', 'CREDITCARD']",True,classic,b53b5e8f-9503-48d1-b3e3-9347ecef38e2,False,[],False
66db72f1-0aca-11e7-82f6-3863bb44ef7c,Allen St & Stanton St,5484.09,-73.989111,40.722055,71.0,49,"{'android': 'https://bkn.lft.to/lastmile_qr_scan', 'ios': 'https://bkn.lft.to/lastmile_qr_scan'}","['KEY', 'CREDITCARD']",True,classic,66db72f1-0aca-11e7-82f6-3863bb44ef7c,False,[],False
4aa6bb27-b76b-444e-a3ce-6fb25b822494,Riverside Dr & W 153 St,8108.02,-73.949702,40.832164,71.0,21,"{'android': 'https://bkn.lft.to/lastmile_qr_scan', 'ios': 'https://bkn.lft.to/lastmile_qr_scan'}","['KEY', 'CREDITCARD']",True,classic,4aa6bb27-b76b-444e-a3ce-6fb25b822494,False,[],False
2126624118513887578,3 Ave & 92 St,2231.10,-74.03261,40.61946,71.0,16,"{'android': 'https://bkn.lft.to/lastmile_qr_scan', 'ios': 'https://bkn.lft.to/lastmile_qr_scan'}","['KEY', 'CREDITCARD']",False,classic,2126624118513887578,False,[],False
0e8bfd72-c494-4d3e-85e2-4f98b801fe3b,Sterling Pl & Schenectady Ave,3934.06,-73.93378,40.6716,71.0,21,"{'android': 'https://bkn.lft.to/lastmile_qr_scan', 'ios': 'https://bkn.lft.to/lastmile_qr_scan'}","['KEY', 'CREDITCARD']",True,classic,0e8bfd72-c494-4d3e-85e2-4f98b801fe3b,False,[],False
2250949610604724656,Pitkin Ave & Van Siclen Ave,3997.09,-73.8902,40.67268,71.0,18,"{'android': 'https://bkn.lft.to/lastmile_qr_scan', 'ios': 'https://bkn.lft.to/lastmile_qr_scan'}","['KEY', 'CREDITCARD']",False,classic,2250949610604724656,False,[],False
1828968462257099768,32 Ave & 84 St,6636.04,-73.88401,40.75793,71.0,19,"{'android': 'https://bkn.lft.to/lastmile_qr_scan', 'ios': 'https://bkn.lft.to/lastmile_qr_scan'}","['KEY', 'CREDITCARD']",True,classic,1828968462257099768,False,[],False
2178532501993068690,Vyse Ave & Boston Rd,8231.09,-73.88371,40.83961,71.0,19,"{'android': 'https://bkn.lft.to/lastmile_qr_scan', 'ios': 'https://bkn.lft.to/lastmile_qr_scan'}","['KEY', 'CREDITCARD']",True,classic,2178532501993068690,False,[],False
1817432346178415570,Bedford Ave & Albemarle Rd,3256.04,-73.9556,40.64796,71.0,21,"{'android': 'https://bkn.lft.to/lastmile_qr_scan', 'ios': 'https://bkn.lft.to/lastmile_qr_scan'}","['KEY', 'CREDITCARD']",True,classic,1817432346178415570,False,[],False
186092d1-a431-45db-8198-d5ba13334d79,E 165 St & Jerome Ave,8130.02,-73.925101,40.83263,71.0,21,"{'android': 'https://bkn.lft.to/lastmile_qr_scan', 'ios': 'https://bkn.lft.to/lastmile_qr_scan'}","['KEY', 'CREDITCARD']",True,classic,186092d1-a431-45db-8198-d5ba13334d79,False,[],False
66dbeb1b-0aca-11e7-82f6-3863bb44ef7c,Clark St & Henry St,4789.03,-73.99344559,40.69760127,71.0,43,"{'android': 'https://bkn.lft.to/lastmile_qr_scan', 'ios': 'https://bkn.lft.to/lastmile_qr_scan'}","['KEY', 'CREDITCARD']",True,classic,66dbeb1b-0aca-11e7-82f6-3863bb44ef7c,False,[],False
66db90f1-0aca-11e7-82f6-3863bb44ef7c,Reade St & Broadway,5247.10,-74.00562789,40.71450451,71.0,62,"{'android': 'https://bkn.lft.to/lastmile_qr_scan', 'ios': 'https://bkn.lft.to/lastmile_qr_scan'}","['KEY', 'CREDITCARD']",True,classic,66db90f1-0aca-11e7-82f6-3863bb44ef7c,False,[],False
1786696780996714874,Driggs Ave & S 2 St,5235.10,-73.960575,40.712628,71.0,30,"{'android': 'https://bkn.lft.to/lastmile_qr_scan', 'ios': 'https://bkn.lft.to/lastmile_qr_scan'}","['KEY', 'CREDITCARD']",True,classic,1786696780996714874,False,[],False
66dcf30d-0aca-11e7-82f6-3863bb44ef7c,Hope St & Union Ave,5187.03,-73.95141312,40.71167351,71.0,25,"{'android': 'https://bkn.lft.to/lastmile_qr_scan', 'ios': 'https://bkn.lft.to/lastmile_qr_scan'}","['KEY', 'CREDITCARD']",True,classic,66dcf30d-0aca-11e7-82f6-3863bb44ef7c,False,[],False
66db728c-0aca-11e7-82f6-3863bb44ef7c,Norfolk St & Broome St,5374.01,-73.98802084,40.7172274,71.0,59,"{'android': 'https://bkn.lft.to/lastmile_qr_scan', 'ios': 'https://bkn.lft.to/lastmile_qr_scan'}","['KEY', 'CREDITCARD']",True,classic,66db728c-0aca-11e7-82f6-3863bb44ef7c,False,[],False
66db4417-0aca-11e7-82f6-3863bb44ef7c,South St & Whitehall St,4846.01,-74.01234218,40.70122128,71.0,55,"{'android': 'https://bkn.lft.to/lastmile_qr_scan', 'ios': 'https://bkn.lft.to/lastmile_qr_scan'}","['KEY', 'CREDITCARD']",True,classic,66db4417-0aca-11e7-82f6-3863bb44ef7c,False,[],False
2124425954553309758,79 St & 5 Ave,2533.04,-74.02367,40.62646,71.0,16,"{'android': 'https://bkn.lft.to/lastmile_qr_scan', 'ios': 'https://bkn.lft.to/lastmile_qr_scan'}","['KEY', 'CREDITCARD']",False,classic,2124425954553309758,False,[],False
1794096824496960148,South End Ave & Albany St,5114.08,-74.016538,40.709957,71.0,45,"{'android': 'https://bkn.lft.to/lastmile_qr_scan', 'ios': 'https://bkn.lft.to/lastmile_qr_scan'}","['KEY', 'CREDITCARD']",True,classic,1794096824496960148,False,[],False
1828968082192898522,86 St & 37 Ave,6399.06,-73.88062,40.75,71.0,22,"{'android': 'https://bkn.lft.to/lastmile_qr_scan', 'ios': 'https://bkn.lft.to/lastmile_qr_scan'}","['KEY', 'CREDITCARD']",True,classic,1828968082192898522,False,[],False
2250947854012963938,Arlington Ave & Warwick St,4259.02,-73.88755,40.68047,71.0,18,"{'android': 'https://bkn.lft.to/lastmile_qr_scan', 'ios': 'https://bkn.lft.to/lastmile_qr_scan'}","['KEY', 'CREDITCARD']",False,classic,2250947854012963938,False,[],False
3d6b7c84-7e5a-454d-aa9d-c66eb92383be,Webb Ave & W 190 St,8624.01,-73.904254892,40.8660052,71.0,22,"{'android': 'https://bkn.lft.to/lastmile_qr_scan', 'ios': 'https://bkn.lft.to/lastmile_qr_scan'}","['KEY', 'CREDITCARD']",True,classic,3d6b7c84-7e5a-454d-aa9d-c66eb92383be,False,[],False
2124037510131026812,4 Ave & 94 St,2158.08,-74.03091,40.61689,71.0,23,"{'android': 'https://bkn.lft.to/lastmile_qr_scan', 'ios': 'https://bkn.lft.to/lastmile_qr_scan'}","['KEY', 'CREDITCARD']",False,classic,2124037510131026812,False,[],False
c8197f4b-02b0-4cc3-96af-df5fec27a279,St Mary's St & Jackson Ave,7737.06,-73.91081,40.808891,71.0,19,"{'android': 'https://bkn.lft.to/lastmile_qr_scan', 'ios': 'https://bkn.lft.to/lastmile_qr_scan'}","['KEY', 'CREDITCARD']",True,classic,c8197f4b-02b0-4cc3-96af-df5fec27a279,False,[],False
2126965369631090816,Fort Hamilton Pkwy & 95 St,2118.13,-74.02946,40.61466,71.0,16,"{'android': 'https://bkn.lft.to/lastmile_qr_scan', 'ios': 'https://bkn.lft.to/lastmile_qr_scan'}","['KEY', 'CREDITCARD']",False,classic,2126965369631090816,False,[],False
6fefe1b3-5f0d-47aa-b1dd-cec211239950,45 St & 4 Ave,3275.03,-74.009486,40.649145,71.0,24,"{'android': 'https://bkn.lft.to/lastmile_qr_scan', 'ios': 'https://bkn.lft.to/lastmile_qr_scan'}","['KEY', 'CREDITCARD']",True,classic,6fefe1b3-5f0d-47aa-b1dd-cec211239950,False,[],False
1dba415a-2c46-419e-838d-7e068b8d7d6f,47 St & 3 Ave,3243.02,-74.012384,40.649143,71.0,23,"{'android': 'https://bkn.lft.to/lastmile_qr_scan', 'ios': 'https://bkn.lft.to/lastmile_qr_scan'}","['KEY', 'CREDITCARD']",True,classic,1dba415a-2c46-419e-838d-7e068b8d7d6f,False,[],False
1838999304404452058,Winthrop St & Albany Ave,3535.03,-73.9398,40.6577,71.0,21,"{'android': 'https://bkn.lft.to/lastmile_qr_scan', 'ios': 'https://bkn.lft.to/lastmile_qr_scan'}","['KEY', 'CREDITCARD']",True,classic,1838999304404452058,False,[],False
66db9675-0aca-11e7-82f6-3863bb44ef7c,Washington Pl & Broadway,5755.01,-73.99404649,40.72903917,71.0,27,"{'android': 'https://bkn.lft.to/lastmile_qr_scan', 'ios': 'https://bkn.lft.to/lastmile_qr_scan'}","['KEY', 'CREDITCARD']",False,classic,66db9675-0aca-11e7-82f6-3863bb44ef7c,False,[],False
2254550579741656756,Murray St & West St (NE Corner),5329.13,-74.01287614477845,40.71523006892507,71.0,61,"{'android': 'https://bkn.lft.to/lastmile_qr_scan', 'ios': 'https://bkn.lft.to/lastmile_qr_scan'}","['KEY', 'CREDITCARD']",False,classic,2254550579741656756,False,[],False
c229f0ca-bdd1-4aa0-8906-a3e809e12889,Bradhurst Ave & W 148 St,7992.04,-73.941616,40.825125,71.0,22,"{'android': 'https://bkn.lft.to/lastmile_qr_scan', 'ios': 'https://bkn.lft.to/lastmile_qr_scan'}","['KEY', 'CREDITCARD']",True,classic,c229f0ca-bdd1-4aa0-8906-a3e809e12889,False,[],False
e0a9ed84-55f9-40f5-90fa-87db17d2f933,Melrose Ave & E 154 St,7918.12,-73.916071,40.819609,71.0,19,"{'android': 'https://bkn.lft.to/lastmile_qr_scan', 'ios': 'https://bkn.lft.to/lastmile_qr_scan'}","['KEY', 'CREDITCARD']",True,classic,e0a9ed84-55f9-40f5-90fa-87db17d2f933,False,[],False
66dd1eb2-0aca-11e7-82f6-3863bb44ef7c,Milton St & Franklin St,5752.07,-73.95779,40.72906,71.0,33,"{'android': 'https://bkn.lft.to/lastmile_qr_scan', 'ios': 'https://bkn.lft.to/lastmile_qr_scan'}","['KEY', 'CREDITCARD']",True,classic,66dd1eb2-0aca-11e7-82f6-3863bb44ef7c,False,[],False
66dbf215-0aca-11e7-82f6-3863bb44ef7c,Washington St & Gansevoort St,6039.06,-74.008119,40.739323,71.0,51,"{'android': 'https://bkn.lft.to/lastmile_qr_scan', 'ios': 'https://bkn.lft.to/lastmile_qr_scan'}","['KEY', 'CREDITCARD']",True,classic,66dbf215-0aca-11e7-82f6-3863bb44ef7c,False,[],False
081d243e-d75e-4e2a-bdae-a990b2397532,Lewis Ave & Greene Ave,4543.07,-73.9365,40.68995,71.0,23,"{'android': 'https://bkn.lft.to/lastmile_qr_scan', 'ios': 'https://bkn.lft.to/lastmile_qr_scan'}","['KEY', 'CREDITCARD']",True,classic,081d243e-d75e-4e2a-bdae-a990b2397532,False,[],False
49f86083-851b-475d-b9ab-64e01b81f725,Stuyvesant Ave & Gates Ave,4458.06,-73.93306,40.68834,71.0,23,"{'android': 'https://bkn.lft.to/lastmile_qr_scan', 'ios': 'https://bkn.lft.to/lastmile_qr_scan'}","['KEY', 'CREDITCARD']",True,classic,49f86083-851b-475d-b9ab-64e01b81f725,False,[],False
66dc0f1b-0aca-11e7-82f6-3863bb44ef7c,Bus Slip & State St,4889.06,-74.013942,40.701907,71.0,69,"{'android': 'https://bkn.lft.to/lastmile_qr_scan', 'ios': 'https://bkn.lft.to/lastmile_qr_scan'}","['KEY', 'CREDITCARD']",True,classic,66dc0f1b-0aca-11e7-82f6-3863bb44ef7c,False,[],False
2171903385631266470,Reservoir Oval E & Bainbridge Ave,8763.08,-73.87902,40.87634,71.0,16,"{'android': 'https://bkn.lft.to/lastmile_qr_scan', 'ios': 'https://bkn.lft.to/lastmile_qr_scan'}","['KEY', 'CREDITCARD']",False,classic,2171903385631266470,False,[],False
49703a2d-15e9-4af4-b80e-cca664d7ea18,Winthrop St & Rogers Ave,3512.03,-73.95331,40.65686,71.0,20,"{'android': 'https://bkn.lft.to/lastmile_qr_scan', 'ios': 'https://bkn.lft.to/lastmile_qr_scan'}","['KEY', 'CREDITCARD']",True,classic,49703a2d-15e9-4af4-b80e-cca664d7ea18,False,[],False
7b0227aa-bbf5-4731-a49a-765b4afac483,E 1 St & 1 Ave,5593.01,-73.98864984512329,40.72335597960796,71.0,75,"{'android': 'https://bkn.lft.to/lastmile_qr_scan', 'ios': 'https://bkn.lft.to/lastmile_qr_scan'}","['KEY', 'CREDITCARD']",True,classic,7b0227aa-bbf5-4731-a49a-765b4afac483,False,[],False
60c5a043-1367-4a27-96ee-394ba60e2154,35 Ave & 37 St,6563.12,-73.9236611,40.7557327,71.0,23,"{'android': 'https://bkn.lft.to/lastmile_qr_scan', 'ios': 'https://bkn.lft.to/lastmile_qr_scan'}","['KEY', 'CREDITCARD']",True,classic,60c5a043-1367-4a27-96ee-394ba60e2154,False,[],False
33af8810-cda5-4b61-9c38-0235f9d59aaa,36 St & 4 Ave,3420.01,-74.00422,40.654144,71.0,30,"{'android': 'https://bkn.lft.to/lastmile_qr_scan', 'ios': 'https://bkn.lft.to/lastmile_qr_scan'}","['KEY', 'CREDITCARD']",True,classic,33af8810-cda5-4b61-9c38-0235f9d59aaa,False,[],False
1797078913880883846,60 Pl & Bleecker St,5138.03,-73.903,40.71107,71.0,19,"{'android': 'https://bkn.lft.to/lastmile_qr_scan', 'ios': 'https://bkn.lft.to/lastmile_qr_scan'}","['KEY', 'CREDITCARD']",True,classic,1797078913880883846,False,[],False
cda60c6d-80f3-41b7-8ece-fe997f6dafb5,E 160 St & Tinton Ave,7931.05,-73.903944,40.820302,71.0,22,"{'android': 'https://bkn.lft.to/lastmile_qr_scan', 'ios': 'https://bkn.lft.to/lastmile_qr_scan'}","['KEY', 'CREDITCARD']",True,classic,cda60c6d-80f3-41b7-8ece-fe997f6dafb5,False,[],False
1835247598942507168,99 St & 32 Ave,6660.05,-73.86976,40.75896,71.0,20,"{'android': 'https://bkn.lft.to/lastmile_qr_scan', 'ios': 'https://bkn.lft.to/lastmile_qr_scan'}","['KEY', 'CREDITCARD']",True,classic,1835247598942507168,False,[],False
1861682182353914188,W 238 St & Tibbett Ave,8897.05,-73.90232,40.88602,71.0,21,"{'android': 'https://bkn.lft.to/lastmile_qr_scan', 'ios': 'https://bkn.lft.to/lastmile_qr_scan'}","['KEY', 'CREDITCARD']",True,classic,1861682182353914188,False,[],False
bcd3ee0f-21d7-4cc8-ac45-ccea48b6fc1b,36 St & Queens Blvd,6260.04,-73.92901,40.74408,71.0,24,"{'android': 'https://bkn.lft.to/lastmile_qr_scan', 'ios': 'https://bkn.lft.to/lastmile_qr_scan'}","['KEY', 'CREDITCARD']",True,classic,bcd3ee0f-21d7-4cc8-ac45-ccea48b6fc1b,False,[],False
36d80620-9774-487e-8eb0-cf5f18a39321,E 188 St & Creston Ave,8566.05,-73.898589,40.861669,71.0,33,"{'android': 'https://bkn.lft.to/lastmile_qr_scan', 'ios': 'https://bkn.lft.to/lastmile_qr_scan'}","['KEY', 'CREDITCARD']",True,classic,36d80620-9774-487e-8eb0-cf5f18a39321,False,[],False
05d03a63-b5f2-40d9-9a3d-d2fe666a307f,College Ave & E 170 St,8175.06,-73.910489,40.837576,71.0,24,"{'android': 'https://bkn.lft.to/lastmile_qr_scan', 'ios': 'https://bkn.lft.to/lastmile_qr_scan'}","['KEY', 'CREDITCARD']",True,classic,05d03a63-b5f2-40d9-9a3d-d2fe666a307f,False,[],False
2235290666736329552,Thomas S. Boyland St & Sutter Ave,3837.04,-73.91302,40.66685,71.0,16,"{'android': 'https://bkn.lft.to/lastmile_qr_scan', 'ios': 'https://bkn.lft.to/lastmile_qr_scan'}","['KEY', 'CREDITCARD']",False,classic,2235290666736329552,False,[],False
f47c7f15-1c30-4199-a09f-134f0f0f684b,Lafayette Ave & Stuyvesant Ave,4576.11,-73.9325501024723,40.6919925157634,71.0,24,"{'android': 'https://bkn.lft.to/lastmile_qr_scan', 'ios': 'https://bkn.lft.to/lastmile_qr_scan'}","['KEY', 'CREDITCARD']",True,classic,f47c7f15-1c30-4199-a09f-134f0f0f684b,False,[],False
57f144cb-375d-4eee-b458-e288116cb8f7,Bradley Ave & Greenpoint Ave,5917.02,-73.93478840589523,40.73565914819229,71.0,20,"{'android': 'https://bkn.lft.to/lastmile_qr_scan', 'ios': 'https://bkn.lft.to/lastmile_qr_scan'}","['KEY', 'CREDITCARD']",True,classic,57f144cb-375d-4eee-b458-e288116cb8f7,False,[],False
66de0c43-0aca-11e7-82f6-3863bb44ef7c,Degraw St & Hoyt St,4258.07,-73.99079024791718,40.68199044270703,71.0,27,"{'android': 'https://bkn.lft.to/lastmile_qr_scan', 'ios': 'https://bkn.lft.to/lastmile_qr_scan'}","['KEY', 'CREDITCARD']",True,classic,66de0c43-0aca-11e7-82f6-3863bb44ef7c,False,[],False
1838070940162509196,34 Ave & 113 St,6642.08,-73.85612,40.75696,71.0,23,"{'android': 'https://bkn.lft.to/lastmile_qr_scan', 'ios': 'https://bkn.lft.to/lastmile_qr_scan'}","['KEY', 'CREDITCARD']",True,classic,1838070940162509196,False,[],False
66dc8382-0aca-11e7-82f6-3863bb44ef7c,W 34 St & 11 Ave,6578.01,-74.0021163,40.75594159,71.0,80,"{'android': 'https://bkn.lft.to/lastmile_qr_scan', 'ios': 'https://bkn.lft.to/lastmile_qr_scan'}","['KEY', 'CREDITCARD']",True,classic,66dc8382-0aca-11e7-82f6-3863bb44ef7c,False,[],False
0b857ee5-3d10-4152-952e-95fbaf06677a,59 St & 5 Ave,2961.05,-74.015726,40.640125,71.0,30,"{'android': 'https://bkn.lft.to/lastmile_qr_scan', 'ios': 'https://bkn.lft.to/lastmile_qr_scan'}","['KEY', 'CREDITCARD']",True,classic,0b857ee5-3d10-4152-952e-95fbaf06677a,False,[],False
66dbecd0-0aca-11e7-82f6-3863bb44ef7c,E 9 St & Ave C,5616.01,-73.97768752,40.72521311,71.0,50,"{'android': 'https://bkn.lft.to/lastmile_qr_scan', 'ios': 'https://bkn.lft.to/lastmile_qr_scan'}","['KEY', 'CREDITCARD']",True,classic,66dbecd0-0aca-11e7-82f6-3863bb44ef7c,False,[],False
66dd4356-0aca-11e7-82f6-3863bb44ef7c,1 Ave & E 62 St,6753.08,-73.96094022,40.7612274,71.0,45,"{'android': 'https://bkn.lft.to/lastmile_qr_scan', 'ios': 'https://bkn.lft.to/lastmile_qr_scan'}","['KEY', 'CREDITCARD']",True,classic,66dd4356-0aca-11e7-82f6-3863bb44ef7c,False,[],False
66dcb9f7-0aca-11e7-82f6-3863bb44ef7c,Kingston Ave & Herkimer St,4205.06,-73.94142771,40.67890679,71.0,24,"{'android': 'https://bkn.lft.to/lastmile_qr_scan', 'ios': 'https://bkn.lft.to/lastmile_qr_scan'}","['KEY', 'CREDITCARD']",True,classic,66dcb9f7-0aca-11e7-82f6-3863bb44ef7c,False,[],False
66db930d-0aca-11e7-82f6-3863bb44ef7c,Pike St & Monroe St,5159.04,-73.99193043,40.71173107,71.0,27,"{'android': 'https://bkn.lft.to/lastmile_qr_scan', 'ios': 'https://bkn.lft.to/lastmile_qr_scan'}","['KEY', 'CREDITCARD']",True,classic,66db930d-0aca-11e7-82f6-3863bb44ef7c,False,[],False
1817432709747753390,Church Ave & E 42 St,3309.04,-73.93818,40.65127,71.0,25,"{'android': 'https://bkn.lft.to/lastmile_qr_scan', 'ios': 'https://bkn.lft.to/lastmile_qr_scan'}","['KEY', 'CREDITCARD']",True,classic,1817432709747753390,False,[],False
f365afa3-e8a5-439d-975d-6c2b064f30df,Walton Ave & E 183 St,8514.05,-73.90266,40.858472,71.0,29,"{'android': 'https://bkn.lft.to/lastmile_qr_scan', 'ios': 'https://bkn.lft.to/lastmile_qr_scan'}","['KEY', 'CREDITCARD']",True,classic,f365afa3-e8a5-439d-975d-6c2b064f30df,False,[],False
2206776896907975198,108 St & 66 Rd,5744.07,-73.84794,40.72951,71.0,20,"{'android': 'https://bkn.lft.to/lastmile_qr_scan', 'ios': 'https://bkn.lft.to/lastmile_qr_scan'}","['KEY', 'CREDITCARD']",False,classic,2206776896907975198,False,[],False
66dc89ae-0aca-11e7-82f6-3863bb44ef7c,1 Ave & E 30 St,6079.03,-73.97536082,40.74144387,71.0,38,"{'android': 'https://bkn.lft.to/lastmile_qr_scan', 'ios': 'https://bkn.lft.to/lastmile_qr_scan'}","['KEY', 'CREDITCARD']",False,classic,66dc89ae-0aca-11e7-82f6-3863bb44ef7c,False,[],False
1864605926072998676,Sedgwick Ave & Giles Pl,8815.01,-73.8965,40.88111,71.0,20,"{'android': 'https://bkn.lft.to/lastmile_qr_scan', 'ios': 'https://bkn.lft.to/lastmile_qr_scan'}","['KEY', 'CREDITCARD']",True,classic,1864605926072998676,False,[],False
f8c1c90f-4ec0-44bd-b097-cfafc887744d,Nassau St & Duffield St,4781.05,-73.98384,40.698477,71.0,53,"{'android': 'https://bkn.lft.to/lastmile_qr_scan', 'ios': 'https://bkn.lft.to/lastmile_qr_scan'}","['KEY', 'CREDITCARD']",True,classic,f8c1c90f-4ec0-44bd-b097-cfafc887744d,False,[],False
2206778340656038370,Booth St & 68 Dr,5591.08,-73.85102,40.72392,71.0,15,"{'android': 'https://bkn.lft.to/lastmile_qr_scan', 'ios': 'https://bkn.lft.to/lastmile_qr_scan'}","['KEY', 'CREDITCARD']",False,classic,2206778340656038370,False,[],False
13b82a41-c25b-428f-a07b-5f5d8340c6f2,Tiebout Ave & E 184 St,8510.02,-73.89637,40.858498,71.0,18,"{'android': 'https://bkn.lft.to/lastmile_qr_scan', 'ios': 'https://bkn.lft.to/lastmile_qr_scan'}","['KEY', 'CREDITCARD']",True,classic,13b82a41-c25b-428f-a07b-5f5d8340c6f2,False,[],False
66dc8d1d-0aca-11e7-82f6-3863bb44ef7c,E 30 St & Park Ave S,6206.08,-73.98303529,40.74444921,71.0,65,"{'android': 'https://bkn.lft.to/lastmile_qr_scan', 'ios': 'https://bkn.lft.to/lastmile_qr_scan'}","['KEY', 'CREDITCARD']",True,classic,66dc8d1d-0aca-11e7-82f6-3863bb44ef7c,False,[],False
61c82689-3f4c-495d-8f44-e71de8f04088,E 33 St & 1 Ave,6197.08,-73.97449783980846,40.74322681432173,71.0,83,"{'android': 'https://bkn.lft.to/lastmile_qr_scan', 'ios': 'https://bkn.lft.to/lastmile_qr_scan'}","['KEY', 'CREDITCARD']",True,classic,61c82689-3f4c-495d-8f44-e71de8f04088,False,[],False
2177016197335217002,Broadway & W 242 St,8940.01,-73.89875,40.88917,71.0,23,"{'android': 'https://bkn.lft.to/lastmile_qr_scan', 'ios': 'https://bkn.lft.to/lastmile_qr_scan'}","['KEY', 'CREDITCARD']",False,classic,2177016197335217002,False,[],False
2206777412304050722,Queens Blvd N & 67 Rd,5634.03,-73.85223,40.72667,71.0,24,"{'android': 'https://bkn.lft.to/lastmile_qr_scan', 'ios': 'https://bkn.lft.to/lastmile_qr_scan'}","['KEY', 'CREDITCARD']",False,classic,2206777412304050722,False,[],False
340036c3-2787-4998-9a77-fe54f352d619,6 Ave & 21 St,3628.11,-73.990974,40.66016,71.0,27,"{'android': 'https://bkn.lft.to/lastmile_qr_scan', 'ios': 'https://bkn.lft.to/lastmile_qr_scan'}","['KEY', 'CREDITCARD']",False,classic,340036c3-2787-4998-9a77-fe54f352d619,False,[],False
7e36cd9b-b271-42e5-b344-b7a3771c795e,Lenox Ave & W 126 St,7720.03,-73.9452087,40.808442,71.0,50,"{'android': 'https://bkn.lft.to/lastmile_qr_scan', 'ios': 'https://bkn.lft.to/lastmile_qr_scan'}","['KEY', 'CREDITCARD']",False,classic,7e36cd9b-b271-42e5-b344-b7a3771c795e,False,[],False
b43ecf62-4c9d-4b06-ac9a-5837084f769f,63 St & 5 Ave,2872.02,-74.01782,40.63766,71.0,24,"{'android': 'https://bkn.lft.to/lastmile_qr_scan', 'ios': 'https://bkn.lft.to/lastmile_qr_scan'}","['KEY', 'CREDITCARD']",True,classic,b43ecf62-4c9d-4b06-ac9a-5837084f769f,False,[],False
66dbf362-0aca-11e7-82f6-3863bb44ef7c,Market St & Cherry St,5198.04,-73.99400398,40.71076228,71.0,45,"{'android': 'https://bkn.lft.to/lastmile_qr_scan', 'ios': 'https://bkn.lft.to/lastmile_qr_scan'}","['KEY', 'CREDITCARD']",True,classic,66dbf362-0aca-11e7-82f6-3863bb44ef7c,False,[],False
2142879664486885396,W 181 St & Riverside Dr,8421.03,-73.94171894634957,40.85179476985454,71.0,21,"{'android': 'https://bkn.lft.to/lastmile_qr_scan', 'ios': 'https://bkn.lft.to/lastmile_qr_scan'}","['KEY', 'CREDITCARD']",True,classic,2142879664486885396,False,[],False
d29ea280-8b64-4a35-b12b-245525ae2a3a,W 48 St & Rockefeller Plaza,6626.11,-73.97929430007935,40.75776935448309,71.0,57,"{'android': 'https://bkn.lft.to/lastmile_qr_scan', 'ios': 'https://bkn.lft.to/lastmile_qr_scan'}","['KEY', 'CREDITCARD']",True,classic,d29ea280-8b64-4a35-b12b-245525ae2a3a,False,[],False
2116885590974001526,Port Liberte Ferry Terminal,JC141,-74.07592,40.68878,70.0,0,"{'android': 'https://bkn.lft.to/lastmile_qr_scan', 'ios': 'https://bkn.lft.to/lastmile_qr_scan'}","['KEY', 'CREDITCARD']",False,classic,2116885590974001526,False,[],False
681a8bdb-65ff-4078-a5de-74927502da4e,9 St HBLR - Jackson St & 8 St,HB305,-74.03841152787209,40.74790720968899,311.0,18,"{'android': 'https://bkn.lft.to/lastmile_qr_scan', 'ios': 'https://bkn.lft.to/lastmile_qr_scan'}","['KEY', 'CREDITCARD']",True,classic,681a8bdb-65ff-4078-a5de-74927502da4e,False,[],False
66ddda59-0aca-11e7-82f6-3863bb44ef7c,Jersey & 3rd,JC074,-74.04595255851744,40.72333158646436,70.0,14,"{'android': 'https://bkn.lft.to/lastmile_qr_scan', 'ios': 'https://bkn.lft.to/lastmile_qr_scan'}","['KEY', 'CREDITCARD']",True,classic,66ddda59-0aca-11e7-82f6-3863bb44ef7c,False,[],False
f417d8da-0f15-49b0-9e3c-3c3e55c2691d,11 St & Washington St,HB502,-74.02715027332306,40.74998490907138,311.0,24,"{'android': 'https://bkn.lft.to/lastmile_qr_scan', 'ios': 'https://bkn.lft.to/lastmile_qr_scan'}","['KEY', 'CREDITCARD']",True,classic,f417d8da-0f15-49b0-9e3c-3c3e55c2691d,False,[],False
66dd5e69-0aca-11e7-82f6-3863bb44ef7c,Union St,JC051,-74.0836394,40.7182113,70.0,18,"{'android': 'https://bkn.lft.to/lastmile_qr_scan', 'ios': 'https://bkn.lft.to/lastmile_qr_scan'}","['KEY', 'CREDITCARD']",True,classic,66dd5e69-0aca-11e7-82f6-3863bb44ef7c,False,[],False
e163ce54-4c39-43c5-9831-e10a2603527d,JC Medical Center,JC110,-74.04969155788422,40.71539114317,70.0,21,"{'android': 'https://bkn.lft.to/lastmile_qr_scan', 'ios': 'https://bkn.lft.to/lastmile_qr_scan'}","['KEY', 'CREDITCARD']",True,classic,e163ce54-4c39-43c5-9831-e10a2603527d,False,[],False
2116635307734817684,Richard St Light Rail,JC133,-74.07915010654774,40.6990691577764,70.0,16,"{'android': 'https://bkn.lft.to/lastmile_qr_scan', 'ios': 'https://bkn.lft.to/lastmile_qr_scan'}","['KEY', 'CREDITCARD']",False,classic,2116635307734817684,False,[],False
2116635993049651742,Ferris Triangle Park,JC137,-74.09216,40.69877,70.0,12,"{'android': 'https://bkn.lft.to/lastmile_qr_scan', 'ios': 'https://bkn.lft.to/lastmile_qr_scan'}","['KEY', 'CREDITCARD']",False,classic,2116635993049651742,False,[],False
2116636101124803154,Ocean Ave & New St,JC138,-74.08862,40.6968,70.0,14,"{'android': 'https://bkn.lft.to/lastmile_qr_scan', 'ios': 'https://bkn.lft.to/lastmile_qr_scan'}","['KEY', 'CREDITCARD']",False,classic,2116636101124803154,False,[],False
66dd8479-0aca-11e7-82f6-3863bb44ef7c,Essex Light Rail,JC038,-74.0364857,40.7127742,70.0,22,"{'android': 'https://bkn.lft.to/lastmile_qr_scan', 'ios': 'https://bkn.lft.to/lastmile_qr_scan'}","['KEY', 'CREDITCARD']",True,classic,66dd8479-0aca-11e7-82f6-3863bb44ef7c,False,[],False
537a2f47-26a3-4776-ba9d-e2acd2ffbee1,City Hall - Washington St & 1 St,HB105,-74.03097,40.73736,311.0,8,"{'android': 'https://bkn.lft.to/lastmile_qr_scan', 'ios': 'https://bkn.lft.to/lastmile_qr_scan'}","['KEY', 'CREDITCARD']",False,classic,537a2f47-26a3-4776-ba9d-e2acd2ffbee1,False,[],False
7478be11-37d8-49b1-a253-f0810045f6ff,7 St & Monroe St,HB304,-74.03797701001167,40.74641264837719,311.0,22,"{'android': 'https://bkn.lft.to/lastmile_qr_scan', 'ios': 'https://bkn.lft.to/lastmile_qr_scan'}","['KEY', 'CREDITCARD']",True,classic,7478be11-37d8-49b1-a253-f0810045f6ff,False,[],False
3d1db3fa-1df5-46c8-baf3-619b729f5bda,4 St & Grand St,HB301,-74.03511106967926,40.7422579775645,311.0,18,"{'android': 'https://bkn.lft.to/lastmile_qr_scan', 'ios': 'https://bkn.lft.to/lastmile_qr_scan'}","['KEY', 'CREDITCARD']",True,classic,3d1db3fa-1df5-46c8-baf3-619b729f5bda,False,[],False
66dd5960-0aca-11e7-82f6-3863bb44ef7c,City Hall,JC003,-74.043845,40.7177325,70.0,22,"{'android': 'https://bkn.lft.to/lastmile_qr_scan', 'ios': 'https://bkn.lft.to/lastmile_qr_scan'}","['KEY', 'CREDITCARD']",True,classic,66dd5960-0aca-11e7-82f6-3863bb44ef7c,False,[],False
6107e75a-2493-4e3d-a3e0-d4886d3416e5,Montgomery St,JC099,-74.05099,40.71942,70.0,14,"{'android': 'https://bkn.lft.to/lastmile_qr_scan', 'ios': 'https://bkn.lft.to/lastmile_qr_scan'}","['KEY', 'CREDITCARD']",True,classic,6107e75a-2493-4e3d-a3e0-d4886d3416e5,False,[],False
2108372562172578194,Arlington Ave & Bramhall Ave,JC120,-74.070645,40.713225,70.0,18,"{'android': 'https://bkn.lft.to/lastmile_qr_scan', 'ios': 'https://bkn.lft.to/lastmile_qr_scan'}","['KEY', 'CREDITCARD']",False,classic,2108372562172578194,False,[],False
66dd6721-0aca-11e7-82f6-3863bb44ef7c,Newport PATH,JC066,-74.0337589,40.7272235,70.0,18,"{'android': 'https://bkn.lft.to/lastmile_qr_scan', 'ios': 'https://bkn.lft.to/lastmile_qr_scan'}","['KEY', 'CREDITCARD']",True,classic,66dd6721-0aca-11e7-82f6-3863bb44ef7c,False,[],False
4a48175b-c239-4d5e-b1b8-03eda4239678,14 St Ferry - 14 St & Shipyard Ln,HB202,-74.02435272932053,40.75296063046496,311.0,32,"{'android': 'https://bkn.lft.to/lastmile_qr_scan', 'ios': 'https://bkn.lft.to/lastmile_qr_scan'}","['KEY', 'CREDITCARD']",True,classic,4a48175b-c239-4d5e-b1b8-03eda4239678,False,[],False
d09709d2-e119-48c4-aa22-29432a13a35a,Bloomfield St & 15 St,HB203,-74.02658,40.75453,311.0,14,"{'android': 'https://bkn.lft.to/lastmile_qr_scan', 'ios': 'https://bkn.lft.to/lastmile_qr_scan'}","['KEY', 'CREDITCARD']",True,classic,d09709d2-e119-48c4-aa22-29432a13a35a,False,[],False
1839334257267825432,4 St & River St,HB611,-74.0274062,40.7408139,,14,"{'android': 'https://bkn.lft.to/lastmile_qr_scan', 'ios': 'https://bkn.lft.to/lastmile_qr_scan'}","['KEY', 'CREDITCARD']",True,classic,1839334257267825432,False,[],False
3742e2ab-6cd0-40cf-846a-72cbe637afe1,Exchange Pl,JC116,-74.034343957901,40.71636596185077,70.0,30,"{'android': 'https://bkn.lft.to/lastmile_qr_scan', 'ios': 'https://bkn.lft.to/lastmile_qr_scan'}","['KEY', 'CREDITCARD']",True,classic,3742e2ab-6cd0-40cf-846a-72cbe637afe1,False,[],False
915057d4-edbc-4c73-8d81-dda33d600d58,Glenwood Ave,JC094,-74.07106071710587,40.72755146730012,70.0,18,"{'android': 'https://bkn.lft.to/lastmile_qr_scan', 'ios': 'https://bkn.lft.to/lastmile_qr_scan'}","['KEY', 'CREDITCARD']",True,classic,915057d4-edbc-4c73-8d81-dda33d600d58,False,[],False
e2c00264-9eea-446d-a1b7-27cef3aed403,Bergen Ave,JC095,-74.07145500183105,40.722103786686034,70.0,14,"{'android': 'https://bkn.lft.to/lastmile_qr_scan', 'ios': 'https://bkn.lft.to/lastmile_qr_scan'}","['KEY', 'CREDITCARD']",True,classic,e2c00264-9eea-446d-a1b7-27cef3aed403,False,[],False
a59f4f11-5d52-43a2-8a32-ae71137a6af8,Grand St,JC102,-74.03768330812454,40.71517767732029,70.0,18,"{'android': 'https://bkn.lft.to/lastmile_qr_scan', 'ios': 'https://bkn.lft.to/lastmile_qr_scan'}","['KEY', 'CREDITCARD']",True,classic,a59f4f11-5d52-43a2-8a32-ae71137a6af8,False,[],False
66dddae7-0aca-11e7-82f6-3863bb44ef7c,Manila & 1st,JC082,-74.04288411140442,40.72165072487999,70.0,18,"{'android': 'https://bkn.lft.to/lastmile_qr_scan', 'ios': 'https://bkn.lft.to/lastmile_qr_scan'}","['KEY', 'CREDITCARD']",True,classic,66dddae7-0aca-11e7-82f6-3863bb44ef7c,False,[],False
66dd836d-0aca-11e7-82f6-3863bb44ef7c,Christ Hospital,JC034,-74.050443636,40.734785818,70.0,22,"{'android': 'https://bkn.lft.to/lastmile_qr_scan', 'ios': 'https://bkn.lft.to/lastmile_qr_scan'}","['KEY', 'CREDITCARD']",True,classic,66dd836d-0aca-11e7-82f6-3863bb44ef7c,False,[],False
c32d6965-4fae-4f1f-a5f2-7f2ef5f439fc,Madison St & 1 St,HB402,-74.0393,40.73879,311.0,21,"{'android': 'https://bkn.lft.to/lastmile_qr_scan', 'ios': 'https://bkn.lft.to/lastmile_qr_scan'}","['KEY', 'CREDITCARD']",True,classic,c32d6965-4fae-4f1f-a5f2-7f2ef5f439fc,False,[],False
66dd650d-0aca-11e7-82f6-3863bb44ef7c,Dey St,JC065,-74.066921,40.737711,70.0,18,"{'android': 'https://bkn.lft.to/lastmile_qr_scan', 'ios': 'https://bkn.lft.to/lastmile_qr_scan'}","['KEY', 'CREDITCARD']",True,classic,66dd650d-0aca-11e7-82f6-3863bb44ef7c,False,[],False
66dd83fc-0aca-11e7-82f6-3863bb44ef7c,Van Vorst Park,JC035,-74.047726625,40.71848892,70.0,22,"{'android': 'https://bkn.lft.to/lastmile_qr_scan', 'ios': 'https://bkn.lft.to/lastmile_qr_scan'}","['KEY', 'CREDITCARD']",True,classic,66dd83fc-0aca-11e7-82f6-3863bb44ef7c,False,[],False
21c4a77d-b1ae-4262-b143-087fd14a07b8,Clinton St & 7 St,HB303,-74.03332,40.74542,311.0,18,"{'android': 'https://bkn.lft.to/lastmile_qr_scan', 'ios': 'https://bkn.lft.to/lastmile_qr_scan'}","['KEY', 'CREDITCARD']",True,classic,21c4a77d-b1ae-4262-b143-087fd14a07b8,False,[],False
f841ae52-0bbb-49db-b6eb-f898fbce6108,Washington St,JC098,-74.0354826,40.7242941,70.0,18,"{'android': 'https://bkn.lft.to/lastmile_qr_scan', 'ios': 'https://bkn.lft.to/lastmile_qr_scan'}","['KEY', 'CREDITCARD']",True,classic,f841ae52-0bbb-49db-b6eb-f898fbce6108,False,[],False
2218569564729174336,Washington St & Morgan St,JC149,-74.03689158686865,40.71944579304272,70.0,30,"{'android': 'https://bkn.lft.to/lastmile_qr_scan', 'ios': 'https://bkn.lft.to/lastmile_qr_scan'}","['KEY', 'CREDITCARD']",True,classic,2218569564729174336,False,[],False
ded4386f-9f69-43c6-a566-4511920c3e39,Mama Johnson Field - 4 St & Jackson St,HB404,-74.04004096984863,40.74313993965626,311.0,22,"{'android': 'https://bkn.lft.to/lastmile_qr_scan', 'ios': 'https://bkn.lft.to/lastmile_qr_scan'}","['KEY', 'CREDITCARD']",True,classic,ded4386f-9f69-43c6-a566-4511920c3e39,False,[],False
0bb12c94-efdb-40ac-98fe-9521ba373b57,South Waterfront Walkway - Sinatra Dr & 1 St,HB103,-74.02778059244156,40.73698221818716,311.0,30,"{'android': 'https://bkn.lft.to/lastmile_qr_scan', 'ios': 'https://bkn.lft.to/lastmile_qr_scan'}","['KEY', 'CREDITCARD']",True,classic,0bb12c94-efdb-40ac-98fe-9521ba373b57,False,[],False
66dddc98-0aca-11e7-82f6-3863bb44ef7c,Marin Light Rail,JC013,-74.04281705617905,40.71458403535893,70.0,26,"{'android': 'https://bkn.lft.to/lastmile_qr_scan', 'ios': 'https://bkn.lft.to/lastmile_qr_scan'}","['KEY', 'CREDITCARD']",True,classic,66dddc98-0aca-11e7-82f6-3863bb44ef7c,False,[],False
43318169-d1ae-4a1a-9578-23cfa3fdbac9,Church Sq Park - 5 St & Park Ave,HB601,-74.03223305940628,40.74265933273143,311.0,21,"{'android': 'https://bkn.lft.to/lastmile_qr_scan', 'ios': 'https://bkn.lft.to/lastmile_qr_scan'}","['KEY', 'CREDITCARD']",True,classic,43318169-d1ae-4a1a-9578-23cfa3fdbac9,False,[],False
66dd8043-0aca-11e7-82f6-3863bb44ef7c,Pershing Field,JC024,-74.051788633,40.742677141,70.0,18,"{'android': 'https://bkn.lft.to/lastmile_qr_scan', 'ios': 'https://bkn.lft.to/lastmile_qr_scan'}","['KEY', 'CREDITCARD']",True,classic,66dd8043-0aca-11e7-82f6-3863bb44ef7c,False,[],False
66dd9183-0aca-11e7-82f6-3863bb44ef7c,Baldwin at Montgomery,JC020,-74.0641943,40.7236589,70.0,14,"{'android': 'https://bkn.lft.to/lastmile_qr_scan', 'ios': 'https://bkn.lft.to/lastmile_qr_scan'}","['KEY', 'CREDITCARD']",True,classic,66dd9183-0aca-11e7-82f6-3863bb44ef7c,False,[],False
66dd7cab-0aca-11e7-82f6-3863bb44ef7c,Hilltop,JC019,-74.0575736,40.7311689,70.0,26,"{'android': 'https://bkn.lft.to/lastmile_qr_scan', 'ios': 'https://bkn.lft.to/lastmile_qr_scan'}","['KEY', 'CREDITCARD']",True,classic,66dd7cab-0aca-11e7-82f6-3863bb44ef7c,False,[],False
2108372790290481846,MLK Dr & Bramhall Ave,JC121,-74.07413,40.71647,70.0,14,"{'android': 'https://bkn.lft.to/lastmile_qr_scan', 'ios': 'https://bkn.lft.to/lastmile_qr_scan'}","['KEY', 'CREDITCARD']",False,classic,2108372790290481846,False,[],False
66ddded0-0aca-11e7-82f6-3863bb44ef7c,Astor Place,JC077,-74.07126188278198,40.71928220070702,70.0,14,"{'android': 'https://bkn.lft.to/lastmile_qr_scan', 'ios': 'https://bkn.lft.to/lastmile_qr_scan'}","['KEY', 'CREDITCARD']",True,classic,66ddded0-0aca-11e7-82f6-3863bb44ef7c,False,[],False
66ddde40-0aca-11e7-82f6-3863bb44ef7c,Dixon Mills,JC076,-74.04996782541275,40.721630142638354,70.0,18,"{'android': 'https://bkn.lft.to/lastmile_qr_scan', 'ios': 'https://bkn.lft.to/lastmile_qr_scan'}","['KEY', 'CREDITCARD']",True,classic,66ddde40-0aca-11e7-82f6-3863bb44ef7c,False,[],False
2245653996122222312,Hudson Pl & Hoboken Terminal,HB107,-74.02837457573912,40.73579286776364,311.0,42,"{'android': 'https://bkn.lft.to/lastmile_qr_scan', 'ios': 'https://bkn.lft.to/lastmile_qr_scan'}","['KEY', 'CREDITCARD']",True,classic,2245653996122222312,False,[],False
66dd7f10-0aca-11e7-82f6-3863bb44ef7c,Oakland Ave,JC022,-74.0524783,40.7376037,70.0,26,"{'android': 'https://bkn.lft.to/lastmile_qr_scan', 'ios': 'https://bkn.lft.to/lastmile_qr_scan'}","['KEY', 'CREDITCARD']",True,classic,66dd7f10-0aca-11e7-82f6-3863bb44ef7c,False,[],False
ccfa1f8f-f930-45f2-9cda-375c01596ca2,Grant Ave & MLK Dr,JC107,-74.08084273338318,40.70919832245443,70.0,18,"{'android': 'https://bkn.lft.to/lastmile_qr_scan', 'ios': 'https://bkn.lft.to/lastmile_qr_scan'}","['KEY', 'CREDITCARD']",True,classic,ccfa1f8f-f930-45f2-9cda-375c01596ca2,False,[],False
823c0615-2832-4e76-85f0-7cf527151aba,Grand St & 14 St,HB506,-74.0316,40.75409,311.0,19,"{'android': 'https://bkn.lft.to/lastmile_qr_scan', 'ios': 'https://bkn.lft.to/lastmile_qr_scan'}","['KEY', 'CREDITCARD']",True,classic,823c0615-2832-4e76-85f0-7cf527151aba,False,[],False
655b0878-c22b-4f8c-8675-21bf30d1eebf,Willow Ave & 12 St,HB505,-74.03037697076797,40.7518674823282,311.0,15,"{'android': 'https://bkn.lft.to/lastmile_qr_scan', 'ios': 'https://bkn.lft.to/lastmile_qr_scan'}","['KEY', 'CREDITCARD']",True,classic,655b0878-c22b-4f8c-8675-21bf30d1eebf,False,[],False
dd8b2f53-8b94-4082-9576-994a4962f9d5,Journal Square,JC103,-74.0625,40.73367,70.0,18,"{'android': 'https://bkn.lft.to/lastmile_qr_scan', 'ios': 'https://bkn.lft.to/lastmile_qr_scan'}","['KEY', 'CREDITCARD']",True,classic,dd8b2f53-8b94-4082-9576-994a4962f9d5,False,[],False
1ec24ce3-2b69-4f3a-a153-c73e583d11f3,Jackson Square,JC063,-74.0789,40.71113,70.0,18,"{'android': 'https://bkn.lft.to/lastmile_qr_scan', 'ios': 'https://bkn.lft.to/lastmile_qr_scan'}","['KEY', 'CREDITCARD']",True,classic,1ec24ce3-2b69-4f3a-a153-c73e583d11f3,False,[],False
2116635185595800086,Woodlawn Ave & Sterling Ave,JC130,-74.09243,40.7073,70.0,15,"{'android': 'https://bkn.lft.to/lastmile_qr_scan', 'ios': 'https://bkn.lft.to/lastmile_qr_scan'}","['KEY', 'CREDITCARD']",False,classic,2116635185595800086,False,[],False
33a797e8-6be2-4868-b9f6-1be157eaa0a5,Bergen Ave & Stegman St,JC108,-74.0867006778717,40.70657545063453,70.0,19,"{'android': 'https://bkn.lft.to/lastmile_qr_scan', 'ios': 'https://bkn.lft.to/lastmile_qr_scan'}","['KEY', 'CREDITCARD']",True,classic,33a797e8-6be2-4868-b9f6-1be157eaa0a5,False,[],False
5f798c51-5d8b-4add-9f81-341f54a82ffa,Southwest Park - Jackson St & Observer Hwy,HB401,-74.04166370630264,40.73755127245804,311.0,20,"{'android': 'https://bkn.lft.to/lastmile_qr_scan', 'ios': 'https://bkn.lft.to/lastmile_qr_scan'}","['KEY', 'CREDITCARD']",True,classic,5f798c51-5d8b-4add-9f81-341f54a82ffa,False,[],False
66dd63de-0aca-11e7-82f6-3863bb44ef7c,Heights Elevator,JC059,-74.04044330120087,40.74871594538023,70.0,18,"{'android': 'https://bkn.lft.to/lastmile_qr_scan', 'ios': 'https://bkn.lft.to/lastmile_qr_scan'}","['KEY', 'CREDITCARD']",True,classic,66dd63de-0aca-11e7-82f6-3863bb44ef7c,False,[],False
e385c162-6a1a-4e7a-90c1-45d5b6fa1195,Madison St & 10 St,HB503,-74.03586477041245,40.74994325412246,311.0,21,"{'android': 'https://bkn.lft.to/lastmile_qr_scan', 'ios': 'https://bkn.lft.to/lastmile_qr_scan'}","['KEY', 'CREDITCARD']",True,classic,e385c162-6a1a-4e7a-90c1-45d5b6fa1195,False,[],False
2108373096850688302,Carteret Ave & Arlington Ave,JC123,-74.074553,40.709142,70.0,14,"{'android': 'https://bkn.lft.to/lastmile_qr_scan', 'ios': 'https://bkn.lft.to/lastmile_qr_scan'}","['KEY', 'CREDITCARD']",False,classic,2108373096850688302,False,[],False
66dd630c-0aca-11e7-82f6-3863bb44ef7c,Riverview Park,JC057,-74.0439909,40.7443187,70.0,18,"{'android': 'https://bkn.lft.to/lastmile_qr_scan', 'ios': 'https://bkn.lft.to/lastmile_qr_scan'}","['KEY', 'CREDITCARD']",True,classic,66dd630c-0aca-11e7-82f6-3863bb44ef7c,False,[],False
66dd5f99-0aca-11e7-82f6-3863bb44ef7c,Lincoln Park,JC053,-74.07840594649315,40.7246050998869,70.0,18,"{'android': 'https://bkn.lft.to/lastmile_qr_scan', 'ios': 'https://bkn.lft.to/lastmile_qr_scan'}","['KEY', 'CREDITCARD']",True,classic,66dd5f99-0aca-11e7-82f6-3863bb44ef7c,False,[],False
2290031f-e7d8-40a3-9ad6-566df493bbbc,Grove St PATH,JC115,-74.04309,40.71941,70.0,42,"{'android': 'https://bkn.lft.to/lastmile_qr_scan', 'ios': 'https://bkn.lft.to/lastmile_qr_scan'}","['KEY', 'CREDITCARD']",True,classic,2290031f-e7d8-40a3-9ad6-566df493bbbc,False,"[{'id': '2290031f-e7d8-40a3-9ad6-566df493bbbc', 'service_type': 'ATTENDED_SERVICE', 'docks_availability': 'UNLIMITED', 'bikes_availability': 'UNLIMITED', 'off_dock_bikes_count': 94, 'off_dock_remaining_bike_capacity': 26, 'name': 'Valet Service', 'description': ''}]",False
2116635868495600156,Danforth Ave & Sullivan Dr,JC135,-74.09811,40.70436,70.0,16,"{'android': 'https://bkn.lft.to/lastmile_qr_scan', 'ios': 'https://bkn.lft.to/lastmile_qr_scan'}","['KEY', 'CREDITCARD']",False,classic,2116635868495600156,False,[],False
fadf00cf-d84a-49e8-9607-c67154915412,Columbus Park - Clinton St & 9 St,HB501,-74.0324530005455,40.74816121065146,311.0,26,"{'android': 'https://bkn.lft.to/lastmile_qr_scan', 'ios': 'https://bkn.lft.to/lastmile_qr_scan'}","['KEY', 'CREDITCARD']",True,classic,fadf00cf-d84a-49e8-9607-c67154915412,False,[],False
66ddd78e-0aca-11e7-82f6-3863bb44ef7c,Morris Canal,JC072,-74.03852552175522,40.7124188237569,70.0,14,"{'android': 'https://bkn.lft.to/lastmile_qr_scan', 'ios': 'https://bkn.lft.to/lastmile_qr_scan'}","['KEY', 'CREDITCARD']",True,classic,66ddd78e-0aca-11e7-82f6-3863bb44ef7c,False,[],False
2195267602732060282,Stegman St & Ocean Ave,JC147,-74.08138,40.7029,70.0,16,"{'android': 'https://bkn.lft.to/lastmile_qr_scan', 'ios': 'https://bkn.lft.to/lastmile_qr_scan'}","['KEY', 'CREDITCARD']",False,classic,2195267602732060282,False,[],False
2058728861810389252,Newark St & Washington St,HB612,-74.0309,40.73681,311.0,26,"{'android': 'https://bkn.lft.to/lastmile_qr_scan', 'ios': 'https://bkn.lft.to/lastmile_qr_scan'}","['KEY', 'CREDITCARD']",True,classic,2058728861810389252,False,[],False
22cd02a2-228f-4eeb-b249-cbea51a0e219,York St & Marin Blvd,JC097,-74.0424120426178,40.716615000830494,70.0,18,"{'android': 'https://bkn.lft.to/lastmile_qr_scan', 'ios': 'https://bkn.lft.to/lastmile_qr_scan'}","['KEY', 'CREDITCARD']",True,classic,22cd02a2-228f-4eeb-b249-cbea51a0e219,False,[],False
8ae0bf30-9979-461e-a947-2dd89f293b40,Clinton St & Newark St,HB409,-74.03571,40.73743,311.0,14,"{'android': 'https://bkn.lft.to/lastmile_qr_scan', 'ios': 'https://bkn.lft.to/lastmile_qr_scan'}","['KEY', 'CREDITCARD']",True,classic,8ae0bf30-9979-461e-a947-2dd89f293b40,False,[],False
2116635417524034072,Van Nostrand Ave & Ocean Ave,JC132,-74.08416,40.69983,70.0,15,"{'android': 'https://bkn.lft.to/lastmile_qr_scan', 'ios': 'https://bkn.lft.to/lastmile_qr_scan'}","['KEY', 'CREDITCARD']",False,classic,2116635417524034072,False,[],False
2108372139456801688,Pacific Ave & Communipaw Ave,JC118,-74.062446,40.711354,70.0,18,"{'android': 'https://bkn.lft.to/lastmile_qr_scan', 'ios': 'https://bkn.lft.to/lastmile_qr_scan'}","['KEY', 'CREDITCARD']",False,classic,2108372139456801688,False,[],False
1849747691035224144,Adams St & 12 St,HB610,-74.03329162748534,40.751889392240685,,15,"{'android': 'https://bkn.lft.to/lastmile_qr_scan', 'ios': 'https://bkn.lft.to/lastmile_qr_scan'}","['KEY', 'CREDITCARD']",True,classic,1849747691035224144,False,[],False
66dd58f2-0aca-11e7-82f6-3863bb44ef7c,Paulus Hook,JC002,-74.0335519,40.7141454,70.0,14,"{'android': 'https://bkn.lft.to/lastmile_qr_scan', 'ios': 'https://bkn.lft.to/lastmile_qr_scan'}","['KEY', 'CREDITCARD']",True,classic,66dd58f2-0aca-11e7-82f6-3863bb44ef7c,False,[],False
2157737368545384190,MLK Dr & Bayview Ave,JC143,-74.08335,40.7071,70.0,16,"{'android': 'https://bkn.lft.to/lastmile_qr_scan', 'ios': 'https://bkn.lft.to/lastmile_qr_scan'}","['KEY', 'CREDITCARD']",False,classic,2157737368545384190,False,[],False
66ddd81a-0aca-11e7-82f6-3863bb44ef7c,Lafayette Park,JC078,-74.06285852193832,40.71346382669195,70.0,14,"{'android': 'https://bkn.lft.to/lastmile_qr_scan', 'ios': 'https://bkn.lft.to/lastmile_qr_scan'}","['KEY', 'CREDITCARD']",True,classic,66ddd81a-0aca-11e7-82f6-3863bb44ef7c,False,[],False
66dd80ac-0aca-11e7-82f6-3863bb44ef7c,Newark Ave,JC032,-74.046304543,40.72152515,70.0,22,"{'android': 'https://bkn.lft.to/lastmile_qr_scan', 'ios': 'https://bkn.lft.to/lastmile_qr_scan'}","['KEY', 'CREDITCARD']",True,classic,66dd80ac-0aca-11e7-82f6-3863bb44ef7c,False,[],False
66dd7fe2-0aca-11e7-82f6-3863bb44ef7c,Brunswick St,JC023,-74.0506564,40.7241765,70.0,22,"{'android': 'https://bkn.lft.to/lastmile_qr_scan', 'ios': 'https://bkn.lft.to/lastmile_qr_scan'}","['KEY', 'CREDITCARD']",True,classic,66dd7fe2-0aca-11e7-82f6-3863bb44ef7c,False,[],False
2108372029596633484,Dr. Lena Edwards Park,JC117,-74.058261,40.713203,70.0,12,"{'android': 'https://bkn.lft.to/lastmile_qr_scan', 'ios': 'https://bkn.lft.to/lastmile_qr_scan'}","['KEY', 'CREDITCARD']",False,classic,2108372029596633484,False,[],False
66dddf5f-0aca-11e7-82f6-3863bb44ef7c,Leonard Gordon Park,JC080,-74.0572714805603,40.74590996631558,70.0,14,"{'android': 'https://bkn.lft.to/lastmile_qr_scan', 'ios': 'https://bkn.lft.to/lastmile_qr_scan'}","['KEY', 'CREDITCARD']",True,classic,66dddf5f-0aca-11e7-82f6-3863bb44ef7c,False,[],False
66dd8b48-0aca-11e7-82f6-3863bb44ef7c,5 Corners Library,JC018,-74.0595030784607,40.73496102000952,70.0,18,"{'android': 'https://bkn.lft.to/lastmile_qr_scan', 'ios': 'https://bkn.lft.to/lastmile_qr_scan'}","['KEY', 'CREDITCARD']",True,classic,66dd8b48-0aca-11e7-82f6-3863bb44ef7c,False,[],False
3371df76-39db-43ab-b3d6-fac0be55311f,Adams St & 2 St,HB407,-74.03690412640572,40.73981372311843,311.0,15,"{'android': 'https://bkn.lft.to/lastmile_qr_scan', 'ios': 'https://bkn.lft.to/lastmile_qr_scan'}","['KEY', 'CREDITCARD']",True,classic,3371df76-39db-43ab-b3d6-fac0be55311f,False,[],False
66dd6441-0aca-11e7-82f6-3863bb44ef7c,Newport Pkwy,JC008,-74.0321082,40.7287448,70.0,14,"{'android': 'https://bkn.lft.to/lastmile_qr_scan', 'ios': 'https://bkn.lft.to/lastmile_qr_scan'}","['KEY', 'CREDITCARD']",True,classic,66dd6441-0aca-11e7-82f6-3863bb44ef7c,False,[],False
1844599666569400604,River St & 1 St,HB609,-74.02886540972803,40.73721535335381,,24,"{'android': 'https://bkn.lft.to/lastmile_qr_scan', 'ios': 'https://bkn.lft.to/lastmile_qr_scan'}","['KEY', 'CREDITCARD']",True,classic,1844599666569400604,False,"[{'id': '1844599666569400604', 'service_type': 'ATTENDED_SERVICE', 'docks_availability': 'UNLIMITED', 'bikes_availability': 'UNLIMITED', 'off_dock_bikes_count': 52, 'off_dock_remaining_bike_capacity': 68, 'name': 'Valet Service', 'description': ''}]",False
4aecd6f2-8a84-4bed-a528-dc6870877292,Stevens - River Ter & 6 St,HB602,-74.02698867022991,40.74313282710551,311.0,18,"{'android': 'https://bkn.lft.to/lastmile_qr_scan', 'ios': 'https://bkn.lft.to/lastmile_qr_scan'}","['KEY', 'CREDITCARD']",True,classic,4aecd6f2-8a84-4bed-a528-dc6870877292,False,[],False
2165507807810224012,Danforth Ave & JFK Blvd,JC144,-74.09474,40.70056,70.0,16,"{'android': 'https://bkn.lft.to/lastmile_qr_scan', 'ios': 'https://bkn.lft.to/lastmile_qr_scan'}","['KEY', 'CREDITCARD']",False,classic,2165507807810224012,False,[],False
2158919319277979600,Mallory Ave & Roosevelt Ave,JC145,-74.08596,40.72203,70.0,14,"{'android': 'https://bkn.lft.to/lastmile_qr_scan', 'ios': 'https://bkn.lft.to/lastmile_qr_scan'}","['KEY', 'CREDITCARD']",False,classic,2158919319277979600,False,[],False
66dd7b37-0aca-11e7-82f6-3863bb44ef7c,Hamilton Park,JC009,-74.044247311,40.727595966,70.0,26,"{'android': 'https://bkn.lft.to/lastmile_qr_scan', 'ios': 'https://bkn.lft.to/lastmile_qr_scan'}","['KEY', 'CREDITCARD']",True,classic,66dd7b37-0aca-11e7-82f6-3863bb44ef7c,False,[],False
2157736614125310040,Culver Ave & JFK Blvd,JC142,-74.08576,40.71005,70.0,16,"{'android': 'https://bkn.lft.to/lastmile_qr_scan', 'ios': 'https://bkn.lft.to/lastmile_qr_scan'}","['KEY', 'CREDITCARD']",False,classic,2157736614125310040,False,[],False
66dd6000-0aca-11e7-82f6-3863bb44ef7c,McGinley Square,JC055,-74.06762212514877,40.7253399253558,70.0,22,"{'android': 'https://bkn.lft.to/lastmile_qr_scan', 'ios': 'https://bkn.lft.to/lastmile_qr_scan'}","['KEY', 'CREDITCARD']",True,classic,66dd6000-0aca-11e7-82f6-3863bb44ef7c,False,[],False
2116885281736356212,Caven Point Recreation Fields,JC140,-74.08025,40.69222,70.0,14,"{'android': 'https://bkn.lft.to/lastmile_qr_scan', 'ios': 'https://bkn.lft.to/lastmile_qr_scan'}","['KEY', 'CREDITCARD']",False,classic,2116885281736356212,False,[],False
2108373197827738014,West Side Ave Light Rail,JC124,-74.08829,40.714964,70.0,21,"{'android': 'https://bkn.lft.to/lastmile_qr_scan', 'ios': 'https://bkn.lft.to/lastmile_qr_scan'}","['KEY', 'CREDITCARD']",False,classic,2108373197827738014,False,[],False
9d344652-976b-4c2d-bede-2ef19b0fbf13,6 St & Grand St,HB302,-74.03450086712837,40.7443978330956,311.0,18,"{'android': 'https://bkn.lft.to/lastmile_qr_scan', 'ios': 'https://bkn.lft.to/lastmile_qr_scan'}","['KEY', 'CREDITCARD']",True,classic,9d344652-976b-4c2d-bede-2ef19b0fbf13,False,[],False
66ddddb4-0aca-11e7-82f6-3863bb44ef7c,Monmouth & 6th,JC075,-74.04879033565521,40.72568548362901,70.0,14,"{'android': 'https://bkn.lft.to/lastmile_qr_scan', 'ios': 'https://bkn.lft.to/lastmile_qr_scan'}","['KEY', 'CREDITCARD']",True,classic,66ddddb4-0aca-11e7-82f6-3863bb44ef7c,False,[],False
519824e4-69ba-4270-a395-17c204f328f8,8 St & Washington St,HB603,-74.02819901704788,40.74598388291562,311.0,21,"{'android': 'https://bkn.lft.to/lastmile_qr_scan', 'ios': 'https://bkn.lft.to/lastmile_qr_scan'}","['KEY', 'CREDITCARD']",True,classic,519824e4-69ba-4270-a395-17c204f328f8,False,[],False
2116634708854430228,West Side Ave & Stegman Pkwy,JC131,-74.09368,40.71087,70.0,18,"{'android': 'https://bkn.lft.to/lastmile_qr_scan', 'ios': 'https://bkn.lft.to/lastmile_qr_scan'}","['KEY', 'CREDITCARD']",False,classic,2116634708854430228,False,[],False
2116636221383887448,Danforth Light Rail,JC139,-74.0878,40.69277,70.0,18,"{'android': 'https://bkn.lft.to/lastmile_qr_scan', 'ios': 'https://bkn.lft.to/lastmile_qr_scan'}","['KEY', 'CREDITCARD']",False,classic,2116636221383887448,False,[],False
66dd5f24-0aca-11e7-82f6-3863bb44ef7c,Liberty Light Rail,JC052,-74.0557013,40.7112423,70.0,22,"{'android': 'https://bkn.lft.to/lastmile_qr_scan', 'ios': 'https://bkn.lft.to/lastmile_qr_scan'}","['KEY', 'CREDITCARD']",True,classic,66dd5f24-0aca-11e7-82f6-3863bb44ef7c,False,[],False
bd6f422b-d7ae-4d7e-9261-653fdd8e6888,12 St & Sinatra Dr N,HB201,-74.02402013540268,40.75060414236896,311.0,28,"{'android': 'https://bkn.lft.to/lastmile_qr_scan', 'ios': 'https://bkn.lft.to/lastmile_qr_scan'}","['KEY', 'CREDITCARD']",True,classic,bd6f422b-d7ae-4d7e-9261-653fdd8e6888,False,[],False
66dddd28-0aca-11e7-82f6-3863bb44ef7c,Communipaw & Berry Lane,JC084,-74.06661093235016,40.71435836870427,70.0,14,"{'android': 'https://bkn.lft.to/lastmile_qr_scan', 'ios': 'https://bkn.lft.to/lastmile_qr_scan'}","['KEY', 'CREDITCARD']",True,classic,66dddd28-0aca-11e7-82f6-3863bb44ef7c,False,[],False
2108373961268485100,Arlington Ave & Wilkinson Ave,JC127,-74.07721,40.704503,70.0,14,"{'android': 'https://bkn.lft.to/lastmile_qr_scan', 'ios': 'https://bkn.lft.to/lastmile_qr_scan'}","['KEY', 'CREDITCARD']",False,classic,2108373961268485100,False,[],False
5faf99b8-9046-450f-9d2a-d13279b3d016,Hoboken Ave at Monmouth St,JC105,-74.04696375131607,40.73520838045357,70.0,32,"{'android': 'https://bkn.lft.to/lastmile_qr_scan', 'ios': 'https://bkn.lft.to/lastmile_qr_scan'}","['KEY', 'CREDITCARD']",True,classic,5faf99b8-9046-450f-9d2a-d13279b3d016,False,[],False
66dd5a42-0aca-11e7-82f6-3863bb44ef7c,Warren St,JC006,-74.03805095,40.7211236,70.0,22,"{'android': 'https://bkn.lft.to/lastmile_qr_scan', 'ios': 'https://bkn.lft.to/lastmile_qr_scan'}","['KEY', 'CREDITCARD']",True,classic,66dd5a42-0aca-11e7-82f6-3863bb44ef7c,False,[],False
581211b2-4e42-48f2-8a8f-5f968cb1c5df,Bergen Ave & Sip Ave,JC109,-74.06443700194359,40.73100888698729,70.0,33,"{'android': 'https://bkn.lft.to/lastmile_qr_scan', 'ios': 'https://bkn.lft.to/lastmile_qr_scan'}","['KEY', 'CREDITCARD']",True,classic,581211b2-4e42-48f2-8a8f-5f968cb1c5df,False,[],False
cbc48689-7805-49dd-9669-5471f4b7b6fb,Hoboken Terminal - Hudson St & Hudson Pl,HB101,-74.03030455112457,40.73593758446329,311.0,24,"{'android': 'https://bkn.lft.to/lastmile_qr_scan', 'ios': 'https://bkn.lft.to/lastmile_qr_scan'}","['KEY', 'CREDITCARD']",True,classic,cbc48689-7805-49dd-9669-5471f4b7b6fb,False,[],False
66ddd8a8-0aca-11e7-82f6-3863bb44ef7c,Brunswick & 6th,JC081,-74.05038893222809,40.72601172964625,70.0,14,"{'android': 'https://bkn.lft.to/lastmile_qr_scan', 'ios': 'https://bkn.lft.to/lastmile_qr_scan'}","['KEY', 'CREDITCARD']",True,classic,66ddd8a8-0aca-11e7-82f6-3863bb44ef7c,False,[],False
66dddc08-0aca-11e7-82f6-3863bb44ef7c,Columbus Drive,JC014,-74.03891444206238,40.71835519823214,70.0,14,"{'android': 'https://bkn.lft.to/lastmile_qr_scan', 'ios': 'https://bkn.lft.to/lastmile_qr_scan'}","['KEY', 'CREDITCARD']",True,classic,66dddc08-0aca-11e7-82f6-3863bb44ef7c,False,[],False
46813ecf-8df4-4c8f-9579-0179e0b36ba6,Marshall St & 2 St,HB408,-74.042521,40.740802,311.0,18,"{'android': 'https://bkn.lft.to/lastmile_qr_scan', 'ios': 'https://bkn.lft.to/lastmile_qr_scan'}","['KEY', 'CREDITCARD']",True,classic,46813ecf-8df4-4c8f-9579-0179e0b36ba6,False,[],False
66ddd93e-0aca-11e7-82f6-3863bb44ef7c,Jersey & 6th St,JC027,-74.04557168483734,40.72528910781132,70.0,14,"{'android': 'https://bkn.lft.to/lastmile_qr_scan', 'ios': 'https://bkn.lft.to/lastmile_qr_scan'}","['KEY', 'CREDITCARD']",True,classic,66ddd93e-0aca-11e7-82f6-3863bb44ef7c,False,[],False
2108372903577159978,Union St & Bergen Ave,JC122,-74.07887,40.71575,70.0,15,"{'android': 'https://bkn.lft.to/lastmile_qr_scan', 'ios': 'https://bkn.lft.to/lastmile_qr_scan'}","['KEY', 'CREDITCARD']",False,classic,2108372903577159978,False,[],False
b6a13f2b-deb4-4f4d-9d67-7d23bee27c88,2 St & Park Ave,HB608,-74.0330819785595,40.73915272763701,311.0,15,"{'android': 'https://bkn.lft.to/lastmile_qr_scan', 'ios': 'https://bkn.lft.to/lastmile_qr_scan'}","['KEY', 'CREDITCARD']",True,classic,b6a13f2b-deb4-4f4d-9d67-7d23bee27c88,False,[],False
5aa81a37-ea1d-4bf6-ab40-4751c6b4fb08,Fairmount Ave,JC093,-74.07195925712585,40.72572613742557,70.0,18,"{'android': 'https://bkn.lft.to/lastmile_qr_scan', 'ios': 'https://bkn.lft.to/lastmile_qr_scan'}","['KEY', 'CREDITCARD']",True,classic,5aa81a37-ea1d-4bf6-ab40-4751c6b4fb08,False,[],False
2116635527663355916,Wade St & MLK Dr,JC134,-74.08952,40.7017,70.0,16,"{'android': 'https://bkn.lft.to/lastmile_qr_scan', 'ios': 'https://bkn.lft.to/lastmile_qr_scan'}","['KEY', 'CREDITCARD']",False,classic,2116635527663355916,False,[],False
2108372356498784942,Garfield Light Rail,JC119,-74.070112,40.710526,70.0,16,"{'android': 'https://bkn.lft.to/lastmile_qr_scan', 'ios': 'https://bkn.lft.to/lastmile_qr_scan'}","['KEY', 'CREDITCARD']",False,classic,2108372356498784942,False,[],False
